 ****** HSPICE -- P-2019.06-SP1-1 win64 (Sep 27 2019) ******                    
  Copyright (c) 1986 - 2025 by Synopsys, Inc. All Rights Reserved.              
  This software and the associated documentation are proprietary
  to Synopsys, Inc. This software may only be used in accordance
  with the terms and conditions of a written license agreement with
  Synopsys, Inc. All other use, reproduction, or distribution of
  this software is strictly prohibited.
  Input File: ca3_koggestone.sp                                                 
  Command line options: C:\synopsys\Hspice_P-2019.06-SP1-1\WIN64\hspice.com -i ca3_koggestone.sp -o D:\vlsi vahdat\HWs&CAs\CA3_810103098\ca3_koggestone.lis
  Start time: Wed Jun  4 17:00:51 2025
  lic:  
  lic: FLEXlm: SDK_12.3 
  lic: USER:   Asus                 HOSTNAME: DESKTOP-914BCF3 
  lic: HOSTID: "581cf8b38a71"       PID:      25092 
  lic: Using FLEXlm license file: 
  lic: 27000@DESKTOP-914BCF3 
  lic: Checkout 1 hspice 
  lic: License/Maintenance for hspice will expire on 30-dec-2030/2020.12 
  lic: 1(in_use)/99(total) FLOATING license(s) on SERVER 27000@DESKTOP-914BCF3 
  lic:   
1****** HSPICE -- P-2019.06-SP1-1 win64 (Sep 27 2019) ******                    
 ******  
 * 8-bit kogge-stone adder

 ****** circuit name directory
 circuit number to circuit name directory
   number circuitname                     definition         multiplier
        0 main circuit
        1 xksa.                           ksa8               1.00 
        2 xksa.xpp1.                      pre_process        1.00 
        3 xksa.xpp2.                      pre_process        1.00 
        4 xksa.xpp3.                      pre_process        1.00 
        5 xksa.xpp4.                      pre_process        1.00 
        6 xksa.xpp5.                      pre_process        1.00 
        7 xksa.xpp6.                      pre_process        1.00 
        8 xksa.xpp7.                      pre_process        1.00 
        9 xksa.xpp8.                      pre_process        1.00 
       10 xksa.xgc0.                      grey_cell          1.00 
       11 xksa.xbc1_1.                    black_cell         1.00 
       12 xksa.xbc1_2.                    black_cell         1.00 
       13 xksa.xbc1_3.                    black_cell         1.00 
       14 xksa.xbc1_4.                    black_cell         1.00 
       15 xksa.xbc1_5.                    black_cell         1.00 
       16 xksa.xbc1_6.                    black_cell         1.00 
       17 xksa.xbc1_7.                    black_cell         1.00 
       18 xksa.xgc2_1.                    grey_cell          1.00 
       19 xksa.xgc2_2.                    grey_cell          1.00 
       20 xksa.xbc2_3.                    black_cell         1.00 
       21 xksa.xbc2_4.                    black_cell         1.00 
       22 xksa.xbc2_5.                    black_cell         1.00 
       23 xksa.xbc2_6.                    black_cell         1.00 
       24 xksa.xbc2_7.                    black_cell         1.00 
       25 xksa.xgc3_1.                    grey_cell          1.00 
       26 xksa.xgc3_2.                    grey_cell          1.00 
       27 xksa.xgc3_3.                    grey_cell          1.00 
       28 xksa.xgc3_4.                    grey_cell          1.00 
       29 xksa.xgc3_5.                    grey_cell          1.00 
       30 xksa.xgc_cout.                  grey_cell          1.00 
       31 xksa.xs1.                       sum_block          1.00 
       32 xksa.xs2.                       sum_block          1.00 
       33 xksa.xs3.                       sum_block          1.00 
       34 xksa.xs4.                       sum_block          1.00 
       35 xksa.xs5.                       sum_block          1.00 
       36 xksa.xs6.                       sum_block          1.00 
       37 xksa.xs7.                       sum_block          1.00 
       38 xksa.xs8.                       sum_block          1.00 
       39 xksa.xpp1.xu1.                  xor2               1.00 
       40 xksa.xpp1.xu2.                  and2               1.00 
       41 xksa.xpp2.xu1.                  xor2               1.00 
       42 xksa.xpp2.xu2.                  and2               1.00 
       43 xksa.xpp3.xu1.                  xor2               1.00 
       44 xksa.xpp3.xu2.                  and2               1.00 
       45 xksa.xpp4.xu1.                  xor2               1.00 
       46 xksa.xpp4.xu2.                  and2               1.00 
       47 xksa.xpp5.xu1.                  xor2               1.00 
       48 xksa.xpp5.xu2.                  and2               1.00 
       49 xksa.xpp6.xu1.                  xor2               1.00 
       50 xksa.xpp6.xu2.                  and2               1.00 
       51 xksa.xpp7.xu1.                  xor2               1.00 
       52 xksa.xpp7.xu2.                  and2               1.00 
       53 xksa.xpp8.xu1.                  xor2               1.00 
       54 xksa.xpp8.xu2.                  and2               1.00 
       55 xksa.xgc0.xu1.                  and2               1.00 
       56 xksa.xgc0.xu2.                  or2                1.00 
       57 xksa.xbc1_1.xu1.                and2               1.00 
       58 xksa.xbc1_1.xu2.                or2                1.00 
       59 xksa.xbc1_1.xu3.                and2               1.00 
       60 xksa.xbc1_2.xu1.                and2               1.00 
       61 xksa.xbc1_2.xu2.                or2                1.00 
       62 xksa.xbc1_2.xu3.                and2               1.00 
       63 xksa.xbc1_3.xu1.                and2               1.00 
       64 xksa.xbc1_3.xu2.                or2                1.00 
       65 xksa.xbc1_3.xu3.                and2               1.00 
       66 xksa.xbc1_4.xu1.                and2               1.00 
       67 xksa.xbc1_4.xu2.                or2                1.00 
       68 xksa.xbc1_4.xu3.                and2               1.00 
       69 xksa.xbc1_5.xu1.                and2               1.00 
       70 xksa.xbc1_5.xu2.                or2                1.00 
       71 xksa.xbc1_5.xu3.                and2               1.00 
       72 xksa.xbc1_6.xu1.                and2               1.00 
       73 xksa.xbc1_6.xu2.                or2                1.00 
       74 xksa.xbc1_6.xu3.                and2               1.00 
       75 xksa.xbc1_7.xu1.                and2               1.00 
       76 xksa.xbc1_7.xu2.                or2                1.00 
       77 xksa.xbc1_7.xu3.                and2               1.00 
       78 xksa.xgc2_1.xu1.                and2               1.00 
       79 xksa.xgc2_1.xu2.                or2                1.00 
       80 xksa.xgc2_2.xu1.                and2               1.00 
       81 xksa.xgc2_2.xu2.                or2                1.00 
       82 xksa.xbc2_3.xu1.                and2               1.00 
       83 xksa.xbc2_3.xu2.                or2                1.00 
       84 xksa.xbc2_3.xu3.                and2               1.00 
       85 xksa.xbc2_4.xu1.                and2               1.00 
       86 xksa.xbc2_4.xu2.                or2                1.00 
       87 xksa.xbc2_4.xu3.                and2               1.00 
       88 xksa.xbc2_5.xu1.                and2               1.00 
       89 xksa.xbc2_5.xu2.                or2                1.00 
       90 xksa.xbc2_5.xu3.                and2               1.00 
       91 xksa.xbc2_6.xu1.                and2               1.00 
       92 xksa.xbc2_6.xu2.                or2                1.00 
       93 xksa.xbc2_6.xu3.                and2               1.00 
       94 xksa.xbc2_7.xu1.                and2               1.00 
       95 xksa.xbc2_7.xu2.                or2                1.00 
       96 xksa.xbc2_7.xu3.                and2               1.00 
       97 xksa.xgc3_1.xu1.                and2               1.00 
       98 xksa.xgc3_1.xu2.                or2                1.00 
       99 xksa.xgc3_2.xu1.                and2               1.00 
      100 xksa.xgc3_2.xu2.                or2                1.00 
      101 xksa.xgc3_3.xu1.                and2               1.00 
      102 xksa.xgc3_3.xu2.                or2                1.00 
      103 xksa.xgc3_4.xu1.                and2               1.00 
      104 xksa.xgc3_4.xu2.                or2                1.00 
      105 xksa.xgc3_5.xu1.                and2               1.00 
      106 xksa.xgc3_5.xu2.                or2                1.00 
      107 xksa.xgc_cout.xu1.              and2               1.00 
      108 xksa.xgc_cout.xu2.              or2                1.00 
      109 xksa.xs1.xu1.                   xor2               1.00 
      110 xksa.xs2.xu1.                   xor2               1.00 
      111 xksa.xs3.xu1.                   xor2               1.00 
      112 xksa.xs4.xu1.                   xor2               1.00 
      113 xksa.xs5.xu1.                   xor2               1.00 
      114 xksa.xs6.xu1.                   xor2               1.00 
      115 xksa.xs7.xu1.                   xor2               1.00 
      116 xksa.xs8.xu1.                   xor2               1.00 
      117 xksa.xpp1.xu1.xinv1.            inv                1.00 
      118 xksa.xpp1.xu1.xinv2.            inv                1.00 
      119 xksa.xpp1.xu2.xu1.              nand2              1.00 
      120 xksa.xpp1.xu2.xu2.              inv                1.00 
      121 xksa.xpp2.xu1.xinv1.            inv                1.00 
      122 xksa.xpp2.xu1.xinv2.            inv                1.00 
      123 xksa.xpp2.xu2.xu1.              nand2              1.00 
      124 xksa.xpp2.xu2.xu2.              inv                1.00 
      125 xksa.xpp3.xu1.xinv1.            inv                1.00 
      126 xksa.xpp3.xu1.xinv2.            inv                1.00 
      127 xksa.xpp3.xu2.xu1.              nand2              1.00 
      128 xksa.xpp3.xu2.xu2.              inv                1.00 
      129 xksa.xpp4.xu1.xinv1.            inv                1.00 
      130 xksa.xpp4.xu1.xinv2.            inv                1.00 
      131 xksa.xpp4.xu2.xu1.              nand2              1.00 
      132 xksa.xpp4.xu2.xu2.              inv                1.00 
      133 xksa.xpp5.xu1.xinv1.            inv                1.00 
      134 xksa.xpp5.xu1.xinv2.            inv                1.00 
      135 xksa.xpp5.xu2.xu1.              nand2              1.00 
      136 xksa.xpp5.xu2.xu2.              inv                1.00 
      137 xksa.xpp6.xu1.xinv1.            inv                1.00 
      138 xksa.xpp6.xu1.xinv2.            inv                1.00 
      139 xksa.xpp6.xu2.xu1.              nand2              1.00 
      140 xksa.xpp6.xu2.xu2.              inv                1.00 
      141 xksa.xpp7.xu1.xinv1.            inv                1.00 
      142 xksa.xpp7.xu1.xinv2.            inv                1.00 
      143 xksa.xpp7.xu2.xu1.              nand2              1.00 
      144 xksa.xpp7.xu2.xu2.              inv                1.00 
      145 xksa.xpp8.xu1.xinv1.            inv                1.00 
      146 xksa.xpp8.xu1.xinv2.            inv                1.00 
      147 xksa.xpp8.xu2.xu1.              nand2              1.00 
      148 xksa.xpp8.xu2.xu2.              inv                1.00 
      149 xksa.xgc0.xu1.xu1.              nand2              1.00 
      150 xksa.xgc0.xu1.xu2.              inv                1.00 
      151 xksa.xgc0.xu2.xu1.              nor2               1.00 
      152 xksa.xgc0.xu2.xu2.              inv                1.00 
      153 xksa.xbc1_1.xu1.xu1.            nand2              1.00 
      154 xksa.xbc1_1.xu1.xu2.            inv                1.00 
      155 xksa.xbc1_1.xu2.xu1.            nor2               1.00 
      156 xksa.xbc1_1.xu2.xu2.            inv                1.00 
      157 xksa.xbc1_1.xu3.xu1.            nand2              1.00 
      158 xksa.xbc1_1.xu3.xu2.            inv                1.00 
      159 xksa.xbc1_2.xu1.xu1.            nand2              1.00 
      160 xksa.xbc1_2.xu1.xu2.            inv                1.00 
      161 xksa.xbc1_2.xu2.xu1.            nor2               1.00 
      162 xksa.xbc1_2.xu2.xu2.            inv                1.00 
      163 xksa.xbc1_2.xu3.xu1.            nand2              1.00 
      164 xksa.xbc1_2.xu3.xu2.            inv                1.00 
      165 xksa.xbc1_3.xu1.xu1.            nand2              1.00 
      166 xksa.xbc1_3.xu1.xu2.            inv                1.00 
      167 xksa.xbc1_3.xu2.xu1.            nor2               1.00 
      168 xksa.xbc1_3.xu2.xu2.            inv                1.00 
      169 xksa.xbc1_3.xu3.xu1.            nand2              1.00 
      170 xksa.xbc1_3.xu3.xu2.            inv                1.00 
      171 xksa.xbc1_4.xu1.xu1.            nand2              1.00 
      172 xksa.xbc1_4.xu1.xu2.            inv                1.00 
      173 xksa.xbc1_4.xu2.xu1.            nor2               1.00 
      174 xksa.xbc1_4.xu2.xu2.            inv                1.00 
      175 xksa.xbc1_4.xu3.xu1.            nand2              1.00 
      176 xksa.xbc1_4.xu3.xu2.            inv                1.00 
      177 xksa.xbc1_5.xu1.xu1.            nand2              1.00 
      178 xksa.xbc1_5.xu1.xu2.            inv                1.00 
      179 xksa.xbc1_5.xu2.xu1.            nor2               1.00 
      180 xksa.xbc1_5.xu2.xu2.            inv                1.00 
      181 xksa.xbc1_5.xu3.xu1.            nand2              1.00 
      182 xksa.xbc1_5.xu3.xu2.            inv                1.00 
      183 xksa.xbc1_6.xu1.xu1.            nand2              1.00 
      184 xksa.xbc1_6.xu1.xu2.            inv                1.00 
      185 xksa.xbc1_6.xu2.xu1.            nor2               1.00 
      186 xksa.xbc1_6.xu2.xu2.            inv                1.00 
      187 xksa.xbc1_6.xu3.xu1.            nand2              1.00 
      188 xksa.xbc1_6.xu3.xu2.            inv                1.00 
      189 xksa.xbc1_7.xu1.xu1.            nand2              1.00 
      190 xksa.xbc1_7.xu1.xu2.            inv                1.00 
      191 xksa.xbc1_7.xu2.xu1.            nor2               1.00 
      192 xksa.xbc1_7.xu2.xu2.            inv                1.00 
      193 xksa.xbc1_7.xu3.xu1.            nand2              1.00 
      194 xksa.xbc1_7.xu3.xu2.            inv                1.00 
      195 xksa.xgc2_1.xu1.xu1.            nand2              1.00 
      196 xksa.xgc2_1.xu1.xu2.            inv                1.00 
      197 xksa.xgc2_1.xu2.xu1.            nor2               1.00 
      198 xksa.xgc2_1.xu2.xu2.            inv                1.00 
      199 xksa.xgc2_2.xu1.xu1.            nand2              1.00 
      200 xksa.xgc2_2.xu1.xu2.            inv                1.00 
      201 xksa.xgc2_2.xu2.xu1.            nor2               1.00 
      202 xksa.xgc2_2.xu2.xu2.            inv                1.00 
      203 xksa.xbc2_3.xu1.xu1.            nand2              1.00 
      204 xksa.xbc2_3.xu1.xu2.            inv                1.00 
      205 xksa.xbc2_3.xu2.xu1.            nor2               1.00 
      206 xksa.xbc2_3.xu2.xu2.            inv                1.00 
      207 xksa.xbc2_3.xu3.xu1.            nand2              1.00 
      208 xksa.xbc2_3.xu3.xu2.            inv                1.00 
      209 xksa.xbc2_4.xu1.xu1.            nand2              1.00 
      210 xksa.xbc2_4.xu1.xu2.            inv                1.00 
      211 xksa.xbc2_4.xu2.xu1.            nor2               1.00 
      212 xksa.xbc2_4.xu2.xu2.            inv                1.00 
      213 xksa.xbc2_4.xu3.xu1.            nand2              1.00 
      214 xksa.xbc2_4.xu3.xu2.            inv                1.00 
      215 xksa.xbc2_5.xu1.xu1.            nand2              1.00 
      216 xksa.xbc2_5.xu1.xu2.            inv                1.00 
      217 xksa.xbc2_5.xu2.xu1.            nor2               1.00 
      218 xksa.xbc2_5.xu2.xu2.            inv                1.00 
      219 xksa.xbc2_5.xu3.xu1.            nand2              1.00 
      220 xksa.xbc2_5.xu3.xu2.            inv                1.00 
      221 xksa.xbc2_6.xu1.xu1.            nand2              1.00 
      222 xksa.xbc2_6.xu1.xu2.            inv                1.00 
      223 xksa.xbc2_6.xu2.xu1.            nor2               1.00 
      224 xksa.xbc2_6.xu2.xu2.            inv                1.00 
      225 xksa.xbc2_6.xu3.xu1.            nand2              1.00 
      226 xksa.xbc2_6.xu3.xu2.            inv                1.00 
      227 xksa.xbc2_7.xu1.xu1.            nand2              1.00 
      228 xksa.xbc2_7.xu1.xu2.            inv                1.00 
      229 xksa.xbc2_7.xu2.xu1.            nor2               1.00 
      230 xksa.xbc2_7.xu2.xu2.            inv                1.00 
      231 xksa.xbc2_7.xu3.xu1.            nand2              1.00 
      232 xksa.xbc2_7.xu3.xu2.            inv                1.00 
      233 xksa.xgc3_1.xu1.xu1.            nand2              1.00 
      234 xksa.xgc3_1.xu1.xu2.            inv                1.00 
      235 xksa.xgc3_1.xu2.xu1.            nor2               1.00 
      236 xksa.xgc3_1.xu2.xu2.            inv                1.00 
      237 xksa.xgc3_2.xu1.xu1.            nand2              1.00 
      238 xksa.xgc3_2.xu1.xu2.            inv                1.00 
      239 xksa.xgc3_2.xu2.xu1.            nor2               1.00 
      240 xksa.xgc3_2.xu2.xu2.            inv                1.00 
      241 xksa.xgc3_3.xu1.xu1.            nand2              1.00 
      242 xksa.xgc3_3.xu1.xu2.            inv                1.00 
      243 xksa.xgc3_3.xu2.xu1.            nor2               1.00 
      244 xksa.xgc3_3.xu2.xu2.            inv                1.00 
      245 xksa.xgc3_4.xu1.xu1.            nand2              1.00 
      246 xksa.xgc3_4.xu1.xu2.            inv                1.00 
      247 xksa.xgc3_4.xu2.xu1.            nor2               1.00 
      248 xksa.xgc3_4.xu2.xu2.            inv                1.00 
      249 xksa.xgc3_5.xu1.xu1.            nand2              1.00 
      250 xksa.xgc3_5.xu1.xu2.            inv                1.00 
      251 xksa.xgc3_5.xu2.xu1.            nor2               1.00 
      252 xksa.xgc3_5.xu2.xu2.            inv                1.00 
      253 xksa.xgc_cout.xu1.xu1.          nand2              1.00 
      254 xksa.xgc_cout.xu1.xu2.          inv                1.00 
      255 xksa.xgc_cout.xu2.xu1.          nor2               1.00 
      256 xksa.xgc_cout.xu2.xu2.          inv                1.00 
      257 xksa.xs1.xu1.xinv1.             inv                1.00 
      258 xksa.xs1.xu1.xinv2.             inv                1.00 
      259 xksa.xs2.xu1.xinv1.             inv                1.00 
      260 xksa.xs2.xu1.xinv2.             inv                1.00 
      261 xksa.xs3.xu1.xinv1.             inv                1.00 
      262 xksa.xs3.xu1.xinv2.             inv                1.00 
      263 xksa.xs4.xu1.xinv1.             inv                1.00 
      264 xksa.xs4.xu1.xinv2.             inv                1.00 
      265 xksa.xs5.xu1.xinv1.             inv                1.00 
      266 xksa.xs5.xu1.xinv2.             inv                1.00 
      267 xksa.xs6.xu1.xinv1.             inv                1.00 
      268 xksa.xs6.xu1.xinv2.             inv                1.00 
      269 xksa.xs7.xu1.xinv1.             inv                1.00 
      270 xksa.xs7.xu1.xinv2.             inv                1.00 
      271 xksa.xs8.xu1.xinv1.             inv                1.00 
      272 xksa.xs8.xu1.xinv2.             inv                1.00 
 Model file: crn90g_2d5_lk_v1d2p1.l
 Model line:        12331
 Model Name: pch.20  
 BSIM4 Model (Level 54)
    MOBMOD = 0
    BINUNIT = 2
    PARAMCHK = 1
    CAPMOD = 2
    DIOMOD = 1
    RDSMOD = 0
    TRNQSMOD = 0
    ACNQSMOD = 0
    RBODYMOD = 0
    RGATEMOD = 0
    PERMOD = 1
    GEOMOD = 0
    RGEOMOD = 0
    FNOIMOD = 1
    TNOIMOD = 0
    IGCMOD = 1
    IGBMOD = 1
    STIMOD = 1
    VBFWDMOD = 0
    VERSION =    4.4 
    TOXREF =  3e-09 
    TOXE = 2.5e-09 
    TOXP = 1.975e-09 
    TOXM = 2.5e-09 
    DTOX = 5.25e-10 
    EPSROX =    3.9 
    CDSC =      0 
    CDSCB =      0 
    CDSCD =      0 
    CIT = -0.0002857 
    NFACTOR = -1.191 
    XJ = 1.7e-07 
    VSAT = 1.2e+05 
    A0 =   3.62 
    AGS =  5.742 
    A1 =      0 
    A2 =      1 
    AT = 2.83e+05 
    KETA = -0.2576 
    NSUB =  6e+16 
    NDEP = 1.72e+17 
    NSD =  1e+20 
    NGATE =  8e+19 
    GAMMA1 =      0 
    GAMMA2 =      0 
    VBX =      0 
    VBM =     -3 
    XT = 1.55e-07 
    K1 = 0.1623 
    KT1 = -0.2258 
    KT1L =      0 
    KT2 = -0.03875 
    K2 = 0.02655 
    K3 =  -0.58 
    K3B =    0.8 
    LPE0 = 2.805e-07 
    LPEB =  1e-07 
    DVTP0 =      0 
    DVTP1 =      0 
    W0 =      0 
    DVT0 =     10 
    DVT1 =   1.71 
    DVT2 = 0.0928 
    DVT0W =      0 
    DVT1W =      0 
    DVT2W =      0 
    DROUT =      0 
    DSUB =    0.5 
    VTH0 = -0.1633 
    EU =      1 
    UA = -4.197e-10 
    UA1 = 6.229e-10 
    UB = 2.527e-18 
    UB1 = -3.63e-18 
    UC = 1.202e-10 
    UC1 = -6.421e-11 
    U0 = 0.008267 
    UTE = -1.609 
    VOFF = -0.1416 
    VOFFL =      0 
    MINV =      0 
    FPROUT =   1000 
    PDITS =      0 
    PDITSD =      0 
    PDITSL =      0 
    DELTA =   0.02 
    RDSW =    250 
    RDSWMIN =      0 
    RDWMIN =      0 
    RSWMIN =      0 
    RDW =    100 
    RSW =    100 
    PRWG =      0 
    PRWB =      0 
    PRT =      0 
    ETA0 = 0.06098 
    ETAB = -0.01537 
    PCLM = 0.6429 
    PDIBLC1 =      0 
    PDIBLC2 =  0.005 
    PDIBLCB =      0 
    PSCBE1 = 9.264e+08 
    PSCBE2 =  1e-20 
    PVAG =      0 
    WR =      1 
    DWG =      0 
    DWB =      0 
    XW = 1.8e-08 
    XWREF = 1.8e-08 
    XL = -3.5e-08 
    XLREF = -3.5e-08 
    B0 =      0 
    B1 =      0 
    ALPHA0 =      0 
    ALPHA1 =   0.06 
    AGIDL =  9e-08 
    BGIDL = 2.3e+09 
    CGIDL =    0.5 
    PHIN =      0 
    EGIDL =   0.53 
    AIGC = 0.00606 
    BIGC = 0.0007625 
    CIGC =  1e-10 
    AIGSD = 0.004566 
    BIGSD =      0 
    CIGSD = 0.002267 
    AIGBACC = 0.01069 
    BIGBACC = 0.003132 
    CIGBACC = 0.1498 
    AIGBINV =   0.35 
    BIGBINV =   0.03 
    CIGBINV =  0.006 
    NIGC =      1 
    NIGBINV =      1 
    NIGBACC =  4.049 
    NTOX =      1 
    EIGBINV =    1.1 
    PIGCD =    2.3 
    POXEDGE =      1 
    XRCRG1 =     12 
    TNOIA =    1.5 
    TNOIB =    3.5 
    NTNOI =      1 
    XRCRG2 =      1 
    BETA0 =     12 
    IJTHDFWD =   0.01 
    IJTHSFWD =   0.01 
    IJTHDREV =   0.01 
    IJTHSREV =   0.01 
    XJBVD =      1 
    XJBVS =      1 
    BVD =     10 
    BVS =     10 
    VFB =     -1 
    GBMIN =  1e-12 
    RBDB =     50 
    RBPB =     50 
    RBSB =     50 
    RBPS =     50 
    RBPD =     50 
    CGSL = 1.896e-10 
    CGDL = 1.896e-10 
    CKAPPAS =    0.6 
    CKAPPAD =    0.6 
    CF = 1.38e-10 
    CLC =  1e-07 
    CLE =    0.6 
    DWC =      0 
    DLC = 1.525e-08 
    DLCIG = 2.5e-09 
    DWJ =      0 
    VFBCV =     -1 
    ACDE =    1.2 
    MOIN =  11.09 
    NOFF =  2.175 
    VOFFCV = -0.03885 
    DMCG = 9.25e-08 
    DMCI = 9.25e-08 
    DMDG =      0 
    DMCGT =      0 
    XGW =      0 
    XGL =      0 
    RSHG =    0.1 
    NGCON =      1 
    TCJ = 0.000854 
    TPB = 0.0019 
    TCJSW = 0.000357 
    TPBSW = 0.0019 
    TCJSWG = 0.00312 
    TPBSWG = 0.0019 
    SK0 =      0 
    SK1 =      0 
    SK2 =      0 
    SL =  2e-06 
    SW =  2e-06 
    K =      0 
    LCIT = 2.571e-10 
    LNFACTOR = 2.064e-07 
    LAT = -0.01381 
    LAGS = 2.728e-07 
    LKETA = 1.744e-08 
    LKT1 = -8.17e-09 
    LK2 = 8.66e-10 
    LVTH0 = 5.35e-09 
    LUA = -4.216e-17 
    LUA1 = 1.188e-17 
    LUB = -2.588e-26 
    LUB1 = 1.305e-25 
    LUC = 1.469e-18 
    LU0 = -2.255e-10 
    LUTE = 2.963e-08 
    LVOFF = 1.919e-09 
    LETA0 = 1.69e-09 
    LETAB = -9.257e-10 
    LPCLM = -2.657e-08 
    WNFACTOR = 6.594e-07 
    WAT = -0.002993 
    WAGS = -1.02e-06 
    WKETA = 3.365e-09 
    WKT1 = -9.137e-09 
    WK2 = -2.583e-10 
    WVTH0 = 4.879e-09 
    WUA = -2.311e-17 
    WUA1 = 3.088e-16 
    WUB = -1.152e-25 
    WUB1 = -1.7e-26 
    WUC = -1.624e-17 
    WU0 = -4.079e-12 
    WUTE = 1.254e-07 
    WVOFF = 7.791e-09 
    WETA0 = -3.739e-09 
    WAIGSD = 6.71e-11 
    PNFACTOR = -6.526e-14 
    PAT = 1.799e-10 
    PAGS = 2.039e-13 
    PKETA = -6.73e-16 
    PKT1 = 1.827e-15 
    PK2 = -1.387e-16 
    PVTH0 = -6.456e-16 
    PUA = 4.307e-24 
    PUA1 = -2.855e-25 
    PUB = 8.566e-33 
    PUB1 = -3.324e-32 
    PUC = 1.937e-25 
    PU0 = 9.381e-18 
    PUTE = -8.035e-15 
    PVOFF = -1.187e-15 
    PETA0 = -2.039e-16 
    TNOM =  298.1 
    CGSO = 2.568e-11 
    CGDO = 2.568e-11 
    CGBO =      0 
    XPART =      1 
    RSH =   9.68 
    JSS = 1.245e-07 
    JSWS = 3.77e-13 
    JSWGS =  3e-12 
    PBS =    0.8 
    MJS =   0.36 
    PBSWS =    0.8 
    MJSWS =   0.01 
    CJS = 0.001076 
    CJSWS = 5.664e-11 
    NJS =      1 
    PBSWGS =      1 
    MJSWGS =   0.99 
    CJSWGS = 3.398e-10 
    XTIS =      3 
    JSD = 1.245e-07 
    JSWD = 3.77e-13 
    JSWGD =  3e-12 
    PBD =    0.8 
    MJD =   0.36 
    PBSWD =    0.8 
    MJSWD =   0.01 
    CJD = 0.001076 
    CJSWD = 5.664e-11 
    NJD =      1 
    PBSWGD =      1 
    MJSWGD =   0.99 
    CJSWGD = 3.398e-10 
    XTID =      3 
    LMLT =      1 
    WMLT =      1 
    LINT = 2.5e-09 
    LL =      0 
    LLC =      0 
    LLN =      1 
    LW =      0 
    LWC =      0 
    LWN =      1 
    LWL =      0 
    LWLC =      0 
    LMIN =  1e-07 
    LMAX = 2.4e-07 
    WINT =  5e-09 
    WL =      0 
    WLC =      0 
    WLN =      1 
    WW =      0 
    WWC =      0 
    WWN =      1 
    WWL =      0 
    WWLC =      0 
    WMIN = 2.37e-07 
    WMAX = 4.97e-07 
    NOIA = 1.635e+42 
    NOIB = 7.241e+26 
    NOIC =   8.75 
    EM = 1.5e+08 
    EF =   1.19 
    AF =      1 
    KF =      0 
    TRS =      0 
    TRD =      0 
    TEMPMOD  =      0 
    LAMBDA   =      0 
    VTL      =  2e+05 m/s
    LC       =  5e-09 
    XN       =      3 
    LLAMBDA  =      0 
    LVTL     =      0 
    LXN      =      0 
    WLAMBDA  =      0 
    WVTL     =      0 
    WXN      =      0 
    PLAMBDA  =      0 
    PVTL     =      0 
    PXN      =      0 
    RNOIA    =  0.577 
    RNOIB    = 0.5164 
    SAREF(SA0) = 6.3e-07 m
    SBREF(SB0) = 6.3e-07 m
    WLOD     =  8e-07 m
    KU0      = 1.325e-07 1/m
    KVSAT    =   -0.9 
    KVTH0    = -1.5e-09 m
    TKU0     =    0.1 
    LLODKU0  =      1 
    WLODKU0  =      1 
    LLODVTH  =      2 
    WLODVTH  =      1 
    LKU0     = 1.33e-07 
    WKU0     = 6.5e-07 
    PKU0     =      0 
    LKVTH0   = -1.68e-15 
    WKVTH0   =  5e-07 
    PKVTH0   =      0 
    STK2     =  4e-10 
    LODK2    =      2 
    STETA0   =      0 
    LODETA0  =      1 
    LXRCRG1  =      0 
    WXRCRG1  =      0 
    PXRCRG1  =      0 
    LXRCRG2  =      0 
    WXRCRG2  =      0 
    PXRCRG2  =      0 
     *** UCB's BSIM4.4.0 new diode model is activated. ***
    *** UCB's Diode Model Parameters ***
    JTSS         =      0 
    JTSSWS       =      0 
    JTSSWGS      =      0 
    JTSD         =      0 
    JTSSWD       =      0 
    JTSSWGD      =      0 
    NJTS         =     20 
    NJTSSW       =     20 
    NJTSSWG      =     20 
    XTSS         =   0.02 
    XTSSWS       =   0.02 
    XTSSWGS      =   0.02 
    XTSD         =   0.02 
    XTSSWD       =   0.02 
    XTSSWGD      =   0.02 
    TNJTS        =      0 
    TNJTSSW      =      0 
    TNJTSSWG     =      0 
    VFBSDOFF     =      0 
    LVFBSDOFF    =      0 
    WVFBSDOFF    =      0 
    PVFBSDOFF    =      0 
    LINTNOI      =      0 
    VTSS         =     10 
    VTSD         =     10 
    VTSSWS       =     10 
    VTSSWD       =     10 
    VTSSWGS      =     10 
    VTSSWGD      =     10 
    TTDIOMOD     =      1 
 Model file: crn90g_2d5_lk_v1d2p1.l
 Model line:        10422
 Model Name: nch.20  
 BSIM4 Model (Level 54)
    MOBMOD = 0
    BINUNIT = 2
    PARAMCHK = 1
    CAPMOD = 2
    DIOMOD = 1
    RDSMOD = 0
    TRNQSMOD = 0
    ACNQSMOD = 0
    RBODYMOD = 0
    RGATEMOD = 0
    PERMOD = 1
    GEOMOD = 0
    RGEOMOD = 0
    FNOIMOD = 1
    TNOIMOD = 0
    IGCMOD = 1
    IGBMOD = 1
    STIMOD = 1
    VBFWDMOD = 0
    VERSION =    4.4 
    TOXREF =  3e-09 
    TOXE = 2.33e-09 
    TOXP = 2.03e-09 
    TOXM = 2.33e-09 
    DTOX =  3e-10 
    EPSROX =    3.9 
    CDSC =      0 
    CDSCB =      0 
    CDSCD =      0 
    CIT = -0.0001229 
    NFACTOR =    0.5 
    XJ = 1.5e-07 
    VSAT = 1.14e+05 
    A0 =  2.375 
    AGS =   0.95 
    A1 =      0 
    A2 =      1 
    AT = 3.536e+04 
    KETA = -0.04414 
    NSUB =  6e+16 
    NDEP = 8.369e+17 
    NSD =  1e+20 
    NGATE =  4e+20 
    GAMMA1 =      0 
    GAMMA2 =      0 
    VBX =      0 
    VBM =     -3 
    XT = 1.55e-07 
    K1 = 0.3006 
    KT1 = -0.2624 
    KT1L =      0 
    KT2 = -0.04464 
    K2 = 0.002239 
    K3 = -2.957 
    K3B =    1.2 
    LPE0 = 4.45e-08 
    LPEB =      0 
    DVTP0 =  4e-07 
    DVTP1 =      2 
    W0 = -5e-08 
    DVT0 =   13.9 
    DVT1 =   1.25 
    DVT2 =      0 
    DVT0W =      0 
    DVT1W =      0 
    DVT2W =      0 
    DROUT =      0 
    DSUB =    0.5 
    VTH0 =  0.256 
    EU =   1.67 
    UA = -6.284e-10 
    UA1 = 2.684e-09 
    UB = 9.297e-19 
    UB1 = -3.673e-18 
    UC = 5.898e-11 
    UC1 = -1.646e-10 
    U0 = 0.02965 
    UTE = -1.329 
    VOFF = -0.1638 
    VOFFL =      0 
    MINV =      0 
    FPROUT =    200 
    PDITS =      0 
    PDITSD =      0 
    PDITSL =      0 
    DELTA = 0.0075 
    RDSW =    140 
    RDSWMIN =      0 
    RDWMIN =      0 
    RSWMIN =      0 
    RDW =    100 
    RSW =    100 
    PRWG =      0 
    PRWB =      0 
    PRT =      0 
    ETA0 = 0.2198 
    ETAB =   -0.1 
    PCLM = 0.8795 
    PDIBLC1 =      0 
    PDIBLC2 = 0.0001 
    PDIBLCB =      0 
    PSCBE1 = 9.264e+08 
    PSCBE2 =  1e-20 
    PVAG =    1.5 
    WR =      1 
    DWG =      0 
    DWB =      0 
    XW =  2e-09 
    XWREF =  2e-09 
    XL = -3.5e-08 
    XLREF = -3.5e-08 
    B0 =      0 
    B1 =      0 
    ALPHA0 =      0 
    ALPHA1 =   0.03 
    AGIDL =  9e-08 
    BGIDL = 2.3e+09 
    CGIDL =    0.5 
    PHIN =      0 
    EGIDL =   0.53 
    AIGC = 0.0103 
    BIGC = 0.001525 
    CIGC =      0 
    AIGSD = 0.00845 
    BIGSD = 0.0004021 
    CIGSD = 0.001463 
    AIGBACC = 0.01134 
    BIGBACC = 0.003249 
    CIGBACC = 0.1416 
    AIGBINV =   0.35 
    BIGBINV =   0.03 
    CIGBINV =  0.006 
    NIGC =      1 
    NIGBINV =      1 
    NIGBACC =   4.05 
    NTOX =      1 
    EIGBINV =    1.1 
    PIGCD =    2.3 
    POXEDGE =      1 
    XRCRG1 =     12 
    TNOIA =    1.5 
    TNOIB =    3.5 
    NTNOI =      1 
    XRCRG2 =      1 
    BETA0 =    8.7 
    IJTHDFWD =   0.01 
    IJTHSFWD =   0.01 
    IJTHDREV =   0.01 
    IJTHSREV =   0.01 
    XJBVD =      1 
    XJBVS =      1 
    BVD =     10 
    BVS =     10 
    VFB =     -1 
    GBMIN =  1e-12 
    RBDB =     50 
    RBPB =     50 
    RBSB =     50 
    RBPS =     50 
    RBPD =     50 
    CGSL = 6.514e-11 
    CGDL = 6.514e-11 
    CKAPPAS =    0.6 
    CKAPPAD =    0.6 
    CF = 1.38e-10 
    CLC =  1e-07 
    CLE =    0.6 
    DWC =      0 
    DLC = 1.172e-08 
    DLCIG = 2.5e-09 
    DWJ =      0 
    VFBCV =     -1 
    ACDE =    1.2 
    MOIN =   12.6 
    NOFF =  1.686 
    VOFFCV = -0.05472 
    DMCG = 9.25e-08 
    DMCI = 9.25e-08 
    DMDG =      0 
    DMCGT =      0 
    XGW =      0 
    XGL =      0 
    RSHG =    0.1 
    NGCON =      1 
    TCJ = 0.000732 
    TPB =  0.001 
    TCJSW = 0.000357 
    TPBSW = 0.0019 
    TCJSWG = 0.000357 
    TPBSWG = 0.0019 
    SK0 =      0 
    SK1 =      0 
    SK2 =      0 
    SL =  2e-06 
    SW =  2e-06 
    K =      0 
    LCIT = 2.246e-10 
    LAT = 0.001929 
    LKETA = 3.429e-09 
    LK1 = 4.495e-09 
    LKT1 = -1.62e-09 
    LK2 = -9.879e-10 
    LK3 = 1.543e-08 
    LVTH0 = 1.36e-09 
    LUB = 2.186e-26 
    LUC = -5.944e-19 
    LUC1 = 6.025e-18 
    LUTE = 6.032e-09 
    LVOFF = -9.004e-10 
    LPCLM = -7.907e-09 
    WK1 = 2.765e-09 
    WK2 = -1.245e-09 
    WVTH0 = 2.4e-09 
    WUB = 3.583e-26 
    WUC = 3.74e-18 
    WU0 = -4.483e-10 
    WUTE = 7.045e-09 
    WVOFF = 6.561e-09 
    WETA0 = -1.818e-08 
    WPCLM = -9.607e-09 
    PVSAT =  4e-11 
    PK1 = -5.529e-16 
    PK2 = 4.483e-16 
    PVTH0 = 1.04e-16 
    PUB = 8.54e-34 
    PUC = 3.883e-25 
    PUTE = 5.337e-16 
    PVOFF = -1.345e-16 
    PETA0 = -2.4e-16 
    PPCLM = 1.921e-15 
    TNOM =  298.1 
    CGSO = 1.209e-10 
    CGDO = 1.209e-10 
    CGBO =      0 
    XPART =      1 
    RSH =   10.5 
    JSS = 1.77e-07 
    JSWS = 4.23e-13 
    JSWGS =  9e-12 
    PBS =    0.5 
    MJS =   0.25 
    PBSWS =    0.8 
    MJSWS =   0.01 
    CJS = 0.001035 
    CJSWS = 4.224e-11 
    NJS =      1 
    PBSWGS =   0.78 
    MJSWGS =   0.52 
    CJSWGS = 3.907e-10 
    XTIS =      3 
    JSD = 1.77e-07 
    JSWD = 4.23e-13 
    JSWGD =  9e-12 
    PBD =    0.5 
    MJD =   0.25 
    PBSWD =    0.8 
    MJSWD =   0.01 
    CJD = 0.001035 
    CJSWD = 4.224e-11 
    NJD =      1 
    PBSWGD =   0.78 
    MJSWGD =   0.52 
    CJSWGD = 3.907e-10 
    XTID =      3 
    LMLT =      1 
    WMLT =      1 
    LINT = 2.5e-09 
    LL =      0 
    LLC =      0 
    LLN =      1 
    LW =      0 
    LWC =      0 
    LWN =      1 
    LWL =      0 
    LWLC =      0 
    LMIN =  1e-07 
    LMAX = 2.4e-07 
    WINT =  6e-09 
    WL =      0 
    WLC =      0 
    WLN =      1 
    WW =      0 
    WWC =      0 
    WWN =      1 
    WWL =      0 
    WWLC =      0 
    WMIN = 1.2e-07 
    WMAX = 2.53e-07 
    NOIA = 4.293e+41 
    NOIB = 1.612e+24 
    NOIC =   8.75 
    EM = 1.192e+07 
    EF = 0.8841 
    AF =      1 
    KF =      0 
    TRS =      0 
    TRD =      0 
    TEMPMOD  =      0 
    LAMBDA   =      0 
    VTL      =  2e+05 m/s
    LC       =  5e-09 
    XN       =      3 
    LLAMBDA  =      0 
    LVTL     =      0 
    LXN      =      0 
    WLAMBDA  =      0 
    WVTL     =      0 
    WXN      =      0 
    PLAMBDA  =      0 
    PVTL     =      0 
    PXN      =      0 
    RNOIA    =  0.577 
    RNOIB    = 0.5164 
    SAREF(SA0) = 6.3e-07 m
    SBREF(SB0) = 6.3e-07 m
    WLOD     =  8e-07 m
    KU0      = -7.36e-08 1/m
    KVSAT    =    0.2 
    KVTH0    = 3.5e-09 m
    TKU0     =   0.01 
    LLODKU0  =      1 
    WLODKU0  =      1 
    LLODVTH  =      1 
    WLODVTH  =      1 
    LKU0     = 4.027e-07 
    WKU0     =  8e-07 
    PKU0     = -2e-13 
    LKVTH0   = -2.68e-11 
    WKVTH0   = 1.5e-06 
    PKVTH0   =      0 
    STK2     = 1.35e-09 
    LODK2    =    0.5 
    STETA0   =      0 
    LODETA0  =      1 
    LXRCRG1  =      0 
    WXRCRG1  =      0 
    PXRCRG1  =      0 
    LXRCRG2  =      0 
    WXRCRG2  =      0 
    PXRCRG2  =      0 
     *** UCB's BSIM4.4.0 new diode model is activated. ***
    *** UCB's Diode Model Parameters ***
    JTSS         =      0 
    JTSSWS       =      0 
    JTSSWGS      =      0 
    JTSD         =      0 
    JTSSWD       =      0 
    JTSSWGD      =      0 
    NJTS         =     20 
    NJTSSW       =     20 
    NJTSSWG      =     20 
    XTSS         =   0.02 
    XTSSWS       =   0.02 
    XTSSWGS      =   0.02 
    XTSD         =   0.02 
    XTSSWD       =   0.02 
    XTSSWGD      =   0.02 
    TNJTS        =      0 
    TNJTSSW      =      0 
    TNJTSSWG     =      0 
    VFBSDOFF     =      0 
    LVFBSDOFF    =      0 
    WVFBSDOFF    =      0 
    PVFBSDOFF    =      0 
    LINTNOI      =      0 
    VTSS         =     10 
    VTSD         =     10 
    VTSSWS       =     10 
    VTSSWD       =     10 
    VTSSWGS      =     10 
    VTSSWGD      =     10 
    TTDIOMOD     =      1 
  
      
 **info** set option symb=1 internally to help for convergence.
 *****************************************************************
 ******  option summary
 ******
 runlvl  = 3         bypass  = 2.0000    
  Opening plot unit= 79
 file=D:\vlsi vahdat\HWs&CAs\CA3_810103098\ca3_koggestone.pa0

 **info** dc convergence successful at GMINDC ramping method 
 ******  
 * 8-bit kogge-stone adder

 ****** operating point information tnom=  25.000 temp=  15.000 ******
 ****** operating point status is voltage   simulation time is     0.     
      node    =voltage        node    =voltage        node    =voltage

 +  0:a1      =   0.        0:a2      =   0.        0:a3      =   3.3000 
 +  0:a4      =   0.        0:a5      =   0.        0:a6      =   0.     
 +  0:a7      =   0.        0:a8      =   3.3000    0:b1      =   3.3000 
 +  0:b2      =   0.        0:b3      =   3.3000    0:b4      =   0.     
 +  0:b5      =   3.3000    0:b6      =   0.        0:b7      =   0.     
 +  0:b8      =   3.3000    0:cin     =   3.3000    0:cout    = 999.9974m
 +  0:s1      =   2.4208m   0:s2      = 999.9900m   0:s3      =  13.9224u
 +  0:s4      = 999.9900m   0:s5      = 999.9900m   0:s6      =  13.9223u
 +  0:s7      =  13.9223u   0:s8      =  13.9224u   0:vdd     =   1.0000 
 +  0:vss     =   0.        1:c1      = 999.9909m   1:c2      =   5.6173u
 +  1:c3      = 999.9909m   1:c4      =   7.5964u   1:c5      =   5.6173u
 +  1:c6      =   5.6173u   1:c7      =   5.6173u   1:c8      = 999.9974m
 +  1:g1      =   9.1746u   1:g2      =   7.4780u   1:g2_1    =  11.2111u
 +  1:g3      = 999.9906m   1:g3_2    = 999.9878m   1:g4      =   7.5952u
 +  1:g4_1    =   7.4791u   1:g4_3    =   7.4791u   1:g5      =   7.4780u
 +  1:g5_2    =   9.3451u   1:g5_4    =   7.4791u   1:g6      =   7.4780u
 +  1:g6_3    =   5.6131u   1:g6_5    =   7.4791u   1:g7      =   7.4780u
 +  1:g7_4    =   5.6131u   1:g7_6    =   5.6131u   1:g8      = 999.9937m
 +  1:g8_5    = 999.9905m   1:g8_7    = 999.9940m   1:p1      = 999.9671m
 +  1:p2      =  33.9711u   1:p2_1    =   7.4784u   1:p3      =   9.2068m
 +  1:p3_2    =   7.4782u   1:p4      =  34.2054u   1:p4_1    =   5.6122u
 +  1:p4_3    =   9.5181u   1:p5      = 999.9806m   1:p5_2    =   5.6122u
 +  1:p5_4    =   9.5181u   1:p6      =  33.6233u   1:p6_3    =   5.6120u
 +  1:p6_5    =   9.5183u   1:p7      =  33.6238u   1:p7_4    =   5.6122u
 +  1:p7_6    =   7.6521u   1:p8      =   9.2042m   1:p8_5    =   7.6521u
 +  1:p8_7    =   7.6521u  10:and_out = 999.9940m  11:and_out =   5.6120u
 + 12:and_out =   5.4382u  13:and_out =   5.6122u  14:and_out =   5.6122u
 + 15:and_out =   5.6120u  16:and_out =   5.6120u  17:and_out =   5.4382u
 + 18:and_out =   5.6120u  19:and_out =   5.4382u  20:and_out =   5.6120u
 + 21:and_out =   5.6122u  22:and_out =   5.6120u  23:and_out =   5.6120u
 + 24:and_out =   5.4382u  25:and_out =   5.6120u  26:and_out =   5.6120u
 + 27:and_out =   5.6122u  28:and_out =   5.6120u  29:and_out =   5.4382u
 + 30:and_out =   5.4382u  39:abar    = 999.9974m  39:bbar    =   2.3486m
 + 39:net1    = 999.9820m  39:net2    =   1.0166   39:net3    =   2.2992m
 + 39:net4    = 857.9682m  40:nand_out= 999.9959m  41:abar    = 999.9941m
 + 41:bbar    = 999.9940m  41:net1    = 999.9946m  41:net2    = 119.7762m
 + 41:net3    =  16.9642u  41:net4    =  17.9376u  42:nand_out= 999.9965m
 + 43:abar    =   2.3486m  43:bbar    =   2.3472m  43:net1    = 193.7870m
 + 43:net2    =   1.0000   43:net3    =   6.8783m  43:net4    =   4.2011m
 + 44:nand_out=   9.2448m  45:abar    = 999.9941m  45:bbar    = 999.9940m
 + 45:net1    = 999.9946m  45:net2    = 119.7762m  45:net3    =  17.0811u
 + 45:net4    =  18.0547u  46:nand_out= 999.9965m  47:abar    = 999.9974m
 + 47:bbar    =   2.3486m  47:net1    = 999.9888m  47:net2    =   1.0166 
 + 47:net3    =   2.2992m  47:net4    = 857.9688m  48:nand_out= 999.9959m
 + 49:abar    = 999.9941m  49:bbar    = 999.9940m  49:net1    = 999.9946m
 + 49:net2    = 119.7762m  49:net3    =  16.7906u  49:net4    =  17.7636u
 + 50:nand_out= 999.9965m  51:abar    = 999.9941m  51:bbar    = 999.9940m
 + 51:net1    = 999.9946m  51:net2    = 119.7762m  51:net3    =  16.7908u
 + 51:net4    =  17.7639u  52:nand_out= 999.9965m  53:abar    =   2.3486m
 + 53:bbar    =   2.3472m  53:net1    = 193.7869m  53:net2    =   1.0000 
 + 53:net3    =   6.8771m  53:net4    =   4.2000m  54:nand_out=   9.2448m
 + 55:nand_out=   2.4246m  56:nor_out =   5.4289u  57:nand_out= 999.9965m
 + 58:nor_out = 999.9828m  59:nand_out= 999.9940m  60:nand_out= 999.9965m
 + 61:nor_out =   5.6120u  62:nand_out= 999.9965m  63:nand_out= 999.9940m
 + 64:nor_out = 999.9828m  65:nand_out= 999.9965m  66:nand_out= 999.9941m
 + 67:nor_out = 999.9828m  68:nand_out= 999.9941m  69:nand_out= 999.9965m
 + 70:nor_out = 999.9828m  71:nand_out= 999.9940m  72:nand_out= 999.9965m
 + 73:nor_out = 999.9828m  74:nand_out= 999.9965m  75:nand_out= 999.9965m
 + 76:nor_out =   5.6117u  77:nand_out= 999.9965m  78:nand_out= 999.9965m
 + 79:nor_out = 999.9828m  80:nand_out= 999.9965m  81:nor_out =   5.6122u
 + 82:nand_out= 999.9965m  83:nor_out = 999.9828m  84:nand_out= 999.9965m
 + 85:nand_out= 999.9940m  86:nor_out = 999.9828m  87:nand_out= 999.9965m
 + 88:nand_out= 999.9965m  89:nor_out = 999.9828m  90:nand_out= 999.9965m
 + 91:nand_out= 999.9965m  92:nor_out = 999.9828m  93:nand_out= 999.9965m
 + 94:nand_out= 999.9965m  95:nor_out =   5.6117u  96:nand_out= 999.9965m
 + 97:nand_out= 999.9965m  98:nor_out = 999.9828m  99:nand_out= 999.9965m
 +100:nor_out = 999.9828m 101:nand_out= 999.9940m 102:nor_out = 999.9828m
 +103:nand_out= 999.9965m 104:nor_out = 999.9828m 105:nand_out= 999.9965m
 +106:nor_out =   5.6120u 107:nand_out= 999.9965m 108:nor_out =   5.6120u
 +109:abar    =   5.4405u 109:bbar    =   2.3472m 109:net1    = 121.8984m
 +109:net2    =   1.0000  109:net3    =   2.3503m 109:net4    =   1.1350m
 +110:abar    = 999.9974m 110:bbar    =   5.5560u 110:net1    = 999.9935m
 +110:net2    = 999.9950m 110:net3    =   1.4248u 110:net4    = 859.4651m
 +111:abar    = 999.9938m 111:bbar    = 999.9940m 111:net1    = 999.9946m
 +111:net2    = 119.7805m 111:net3    =   9.2359u 111:net4    =   7.9133u
 +112:abar    = 999.9974m 112:bbar    =   5.5560u 112:net1    = 999.9935m
 +112:net2    = 999.9950m 112:net3    =   1.4248u 112:net4    = 859.4651m
 +113:abar    =   5.6133u 113:bbar    = 999.9943m 113:net1    = 999.9950m
 +113:net2    = 999.9935m 113:net3    = 859.4496m 113:net4    =   1.4243u
 +114:abar    = 999.9941m 114:bbar    = 999.9940m 114:net1    = 999.9946m
 +114:net2    = 119.7803m 114:net3    =   6.9651u 114:net4    =   7.9133u
 +115:abar    = 999.9941m 115:bbar    = 999.9940m 115:net1    = 999.9946m
 +115:net2    = 119.7803m 115:net3    =   6.9651u 115:net4    =   7.9133u
 +116:abar    = 999.9938m 116:bbar    = 999.9940m 116:net1    = 999.9946m
 +116:net2    = 119.7805m 116:net3    =   9.2354u 116:net4    =   7.9133u
 +119:net1    =   2.2992m 123:net1    =  29.8485m 127:net1    =   6.8973m
 +131:net1    =  29.8485m 135:net1    =   2.2992m 139:net1    =  29.8485m
 +143:net1    =  29.8485m 147:net1    =   6.8973m 149:net1    =   2.3519m
 +151:net1    = 119.7831m 153:net1    =  29.8632m 155:net1    = 999.9899m
 +157:net1    =   1.4247u 159:net1    =  35.5450m 161:net1    = 999.9946m
 +163:net1    =  35.5280m 165:net1    =   1.4248u 167:net1    = 999.9899m
 +169:net1    =  24.8024m 171:net1    = 859.4498m 173:net1    = 999.9899m
 +175:net1    = 859.4330m 177:net1    =  29.8640m 179:net1    = 999.9899m
 +181:net1    =   1.4247u 183:net1    =  29.8640m 185:net1    = 999.9899m
 +187:net1    =  29.8488m 189:net1    =  35.5433m 191:net1    = 999.9946m
 +193:net1    =  35.5266m 195:net1    =  29.8476m 197:net1    = 999.9899m
 +199:net1    =  29.8464m 201:net1    = 999.9946m 203:net1    =  29.8476m
 +205:net1    = 999.9899m 207:net1    =  29.8498m 209:net1    =   1.4244u
 +211:net1    = 999.9899m 213:net1    =  29.8498m 215:net1    =  29.8498m
 +217:net1    = 999.9899m 219:net1    =  29.8486m 221:net1    =  29.8487m
 +223:net1    = 999.9899m 225:net1    =  29.8475m 227:net1    =  29.8487m
 +229:net1    = 999.9946m 231:net1    =  29.8475m 233:net1    =  29.8465m
 +235:net1    = 999.9899m 237:net1    =  29.8453m 239:net1    = 999.9899m
 +241:net1    =   1.4243u 243:net1    = 999.9899m 245:net1    =  29.8475m
 +247:net1    = 999.9899m 249:net1    =  29.8476m 251:net1    = 999.9946m
 +253:net1    =  29.8476m 255:net1    = 999.9946m

 ******
 * 8-bit kogge-stone adder

 ****** transient analysis tnom=  25.000 temp=  15.000 ******
 tpd_max_cout=   2.4381n  targ=   3.5457n   trig=   1.1076n
 tpd_max_s8= 325.1275p  targ=   1.4327n   trig=   1.1076n
 power_avg= -92.9485u  from=   0.             to= 200.0000n
 **info** dc convergence successful at Newton-Raphson method 
 ******  
 * 8-bit kogge-stone adder

 ****** operating point information tnom=  25.000 temp=  20.000 ******
 ****** operating point status is voltage   simulation time is     0.     
      node    =voltage        node    =voltage        node    =voltage

 +  0:a1      =   0.        0:a2      =   0.        0:a3      =   3.3000 
 +  0:a4      =   0.        0:a5      =   0.        0:a6      =   0.     
 +  0:a7      =   0.        0:a8      =   3.3000    0:b1      =   3.3000 
 +  0:b2      =   0.        0:b3      =   3.3000    0:b4      =   0.     
 +  0:b5      =   3.3000    0:b6      =   0.        0:b7      =   0.     
 +  0:b8      =   3.3000    0:cin     =   3.3000    0:cout    = 999.9972m
 +  0:s1      =   2.4381m   0:s2      = 999.9890m   0:s3      =  16.4241u
 +  0:s4      = 999.9890m   0:s5      = 999.9890m   0:s6      =  16.4240u
 +  0:s7      =  16.4240u   0:s8      =  16.4241u   0:vdd     =   1.0000 
 +  0:vss     =   0.        1:c1      = 999.9905m   1:c2      =   6.3063u
 +  1:c3      = 999.9905m   1:c4      =   8.3306u   1:c5      =   6.3063u
 +  1:c6      =   6.3063u   1:c7      =   6.3063u   1:c8      = 999.9972m
 +  1:g1      =   9.9475u   1:g2      =   8.2100u   1:g2_1    =  12.0303u
 +  1:g3      = 999.9902m   1:g3_2    = 999.9874m   1:g4      =   8.3291u
 +  1:g4_1    =   8.2114u   1:g4_3    =   8.2114u   1:g5      =   8.2100u
 +  1:g5_2    =  10.1209u   1:g5_4    =   8.2114u   1:g6      =   8.2100u
 +  1:g6_3    =   6.3019u   1:g6_5    =   8.2114u   1:g7      =   8.2100u
 +  1:g7_4    =   6.3019u   1:g7_6    =   6.3019u   1:g8      = 999.9933m
 +  1:g8_5    = 999.9901m   1:g8_7    = 999.9937m   1:p1      = 999.9657m
 +  1:p2      =  36.9284u   1:p2_1    =   8.2105u   1:p3      =   9.2670m
 +  1:p3_2    =   8.2102u   1:p4      =  37.1666u   1:p4_1    =   6.3007u
 +  1:p4_3    =  10.2962u   1:p5      = 999.9795m   1:p5_2    =   6.3007u
 +  1:p5_4    =  10.2963u   1:p6      =  36.5753u   1:p6_3    =   6.3006u
 +  1:p6_5    =  10.2965u   1:p7      =  36.5757u   1:p7_4    =   6.3007u
 +  1:p7_6    =   8.3868u   1:p8      =   9.2644m   1:p8_5    =   8.3868u
 +  1:p8_7    =   8.3868u  10:and_out = 999.9937m  11:and_out =   6.3006u
 + 12:and_out =   6.1240u  13:and_out =   6.3008u  14:and_out =   6.3008u
 + 15:and_out =   6.3006u  16:and_out =   6.3006u  17:and_out =   6.1240u
 + 18:and_out =   6.3006u  19:and_out =   6.1240u  20:and_out =   6.3006u
 + 21:and_out =   6.3008u  22:and_out =   6.3006u  23:and_out =   6.3006u
 + 24:and_out =   6.1240u  25:and_out =   6.3006u  26:and_out =   6.3006u
 + 27:and_out =   6.3008u  28:and_out =   6.3006u  29:and_out =   6.1240u
 + 30:and_out =   6.1240u  39:abar    = 999.9972m  39:bbar    =   2.3639m
 + 39:net1    = 999.9813m  39:net2    =   1.0143   39:net3    =   2.3147m
 + 39:net4    = 858.3255m  40:nand_out= 999.9956m  41:abar    = 999.9937m
 + 41:bbar    = 999.9937m  41:net1    = 999.9936m  41:net2    = 119.8701m
 + 41:net3    =  18.4441u  41:net4    =  19.4389u  42:nand_out= 999.9964m
 + 43:abar    =   2.3638m  43:bbar    =   2.3625m  43:net1    = 189.8657m
 + 43:net2    =   1.0000   43:net3    =   6.9235m  43:net4    =   4.2336m
 + 44:nand_out=   9.3040m  45:abar    = 999.9937m  45:bbar    = 999.9937m
 + 45:net1    = 999.9936m  45:net2    = 119.8702m  45:net3    =  18.5630u
 + 45:net4    =  19.5580u  46:nand_out= 999.9964m  47:abar    = 999.9972m
 + 47:bbar    =   2.3639m  47:net1    = 999.9882m  47:net2    =   1.0143 
 + 47:net3    =   2.3147m  47:net4    = 858.3261m  48:nand_out= 999.9956m
 + 49:abar    = 999.9937m  49:bbar    = 999.9937m  49:net1    = 999.9936m
 + 49:net2    = 119.8701m  49:net3    =  18.2677u  49:net4    =  19.2623u
 + 50:nand_out= 999.9964m  51:abar    = 999.9937m  51:bbar    = 999.9937m
 + 51:net1    = 999.9936m  51:net2    = 119.8701m  51:net3    =  18.2680u
 + 51:net4    =  19.2626u  52:nand_out= 999.9964m  53:abar    =   2.3638m
 + 53:bbar    =   2.3625m  53:net1    = 189.8657m  53:net2    =   1.0000 
 + 53:net3    =   6.9222m  53:net4    =   4.2325m  54:nand_out=   9.3040m
 + 55:nand_out=   2.4421m  56:nor_out =   6.0836u  57:nand_out= 999.9964m
 + 58:nor_out = 999.9817m  59:nand_out= 999.9937m  60:nand_out= 999.9964m
 + 61:nor_out =   6.3004u  62:nand_out= 999.9964m  63:nand_out= 999.9937m
 + 64:nor_out = 999.9817m  65:nand_out= 999.9964m  66:nand_out= 999.9938m
 + 67:nor_out = 999.9817m  68:nand_out= 999.9938m  69:nand_out= 999.9964m
 + 70:nor_out = 999.9817m  71:nand_out= 999.9937m  72:nand_out= 999.9964m
 + 73:nor_out = 999.9817m  74:nand_out= 999.9964m  75:nand_out= 999.9964m
 + 76:nor_out =   6.3001u  77:nand_out= 999.9964m  78:nand_out= 999.9964m
 + 79:nor_out = 999.9817m  80:nand_out= 999.9964m  81:nor_out =   6.3007u
 + 82:nand_out= 999.9964m  83:nor_out = 999.9817m  84:nand_out= 999.9964m
 + 85:nand_out= 999.9937m  86:nor_out = 999.9817m  87:nand_out= 999.9964m
 + 88:nand_out= 999.9964m  89:nor_out = 999.9817m  90:nand_out= 999.9964m
 + 91:nand_out= 999.9964m  92:nor_out = 999.9817m  93:nand_out= 999.9964m
 + 94:nand_out= 999.9964m  95:nor_out =   6.3001u  96:nand_out= 999.9964m
 + 97:nand_out= 999.9964m  98:nor_out = 999.9817m  99:nand_out= 999.9964m
 +100:nor_out = 999.9817m 101:nand_out= 999.9937m 102:nor_out = 999.9817m
 +103:nand_out= 999.9964m 104:nor_out = 999.9817m 105:nand_out= 999.9964m
 +106:nor_out =   6.3004u 107:nand_out= 999.9964m 108:nor_out =   6.3004u
 +109:abar    =   6.1270u 109:bbar    =   2.3625m 109:net1    = 122.0074m
 +109:net2    =   1.0000  109:net3    =   2.3660m 109:net4    =   1.1440m
 +110:abar    = 999.9972m 110:bbar    =   6.2439u 110:net1    = 999.9930m
 +110:net2    = 999.9945m 110:net3    =   1.5822u 110:net4    = 859.9095m
 +111:abar    = 999.9934m 111:bbar    = 999.9937m 111:net1    = 999.9936m
 +111:net2    = 119.8751m 111:net3    =  10.4180u 111:net4    =   9.1869u
 +112:abar    = 999.9972m 112:bbar    =   6.2439u 112:net1    = 999.9930m
 +112:net2    = 999.9945m 112:net3    =   1.5822u 112:net4    = 859.9095m
 +113:abar    =   6.3022u 113:bbar    = 999.9940m 113:net1    = 999.9945m
 +113:net2    = 999.9930m 113:net3    = 859.8932m 113:net4    =   1.5816u
 +114:abar    = 999.9937m 114:bbar    = 999.9937m 114:net1    = 999.9936m
 +114:net2    = 119.8748m 114:net3    =   8.2157u 114:net4    =   9.1868u
 +115:abar    = 999.9937m 115:bbar    = 999.9937m 115:net1    = 999.9936m
 +115:net2    = 119.8748m 115:net3    =   8.2157u 115:net4    =   9.1868u
 +116:abar    = 999.9934m 116:bbar    = 999.9937m 116:net1    = 999.9936m
 +116:net2    = 119.8751m 116:net3    =  10.4175u 116:net4    =   9.1869u
 +119:net1    =   2.3147m 123:net1    =  30.2014m 127:net1    =   6.9420m
 +131:net1    =  30.2014m 135:net1    =   2.3147m 139:net1    =  30.2014m
 +143:net1    =  30.2014m 147:net1    =   6.9420m 149:net1    =   2.3676m
 +151:net1    = 119.8776m 153:net1    =  30.2173m 155:net1    = 999.9893m
 +157:net1    =   1.5821u 159:net1    =  35.9154m 161:net1    = 999.9936m
 +163:net1    =  35.8970m 165:net1    =   1.5822u 167:net1    = 999.9893m
 +169:net1    =  25.1360m 171:net1    = 859.8934m 173:net1    = 999.9893m
 +175:net1    = 859.8742m 177:net1    =  30.2181m 179:net1    = 999.9893m
 +181:net1    =   1.5822u 183:net1    =  30.2181m 185:net1    = 999.9893m
 +187:net1    =  30.2017m 189:net1    =  35.9137m 191:net1    = 999.9936m
 +193:net1    =  35.8956m 195:net1    =  30.2005m 197:net1    = 999.9893m
 +199:net1    =  30.1993m 201:net1    = 999.9936m 203:net1    =  30.2005m
 +205:net1    = 999.9893m 207:net1    =  30.2027m 209:net1    =   1.5817u
 +211:net1    = 999.9893m 213:net1    =  30.2027m 215:net1    =  30.2027m
 +217:net1    = 999.9893m 219:net1    =  30.2015m 221:net1    =  30.2016m
 +223:net1    = 999.9893m 225:net1    =  30.2004m 227:net1    =  30.2016m
 +229:net1    = 999.9936m 231:net1    =  30.2004m 233:net1    =  30.1993m
 +235:net1    = 999.9893m 237:net1    =  30.1981m 239:net1    = 999.9893m
 +241:net1    =   1.5816u 243:net1    = 999.9893m 245:net1    =  30.2003m
 +247:net1    = 999.9893m 249:net1    =  30.2005m 251:net1    = 999.9936m
 +253:net1    =  30.2005m 255:net1    = 999.9936m

 ******
 * 8-bit kogge-stone adder

 ****** transient analysis tnom=  25.000 temp=  20.000 ******
 tpd_max_cout=   2.4403n  targ=   3.5478n   trig=   1.1076n
 tpd_max_s8= 327.5623p  targ=   1.4351n   trig=   1.1076n
 power_avg= -93.3848u  from=   0.             to= 200.0000n
 **info** dc convergence successful at Newton-Raphson method 
 ******  
 * 8-bit kogge-stone adder

 ****** operating point information tnom=  25.000 temp=  25.000 ******
 ****** operating point status is voltage   simulation time is     0.     
      node    =voltage        node    =voltage        node    =voltage

 +  0:a1      =   0.        0:a2      =   0.        0:a3      =   3.3000 
 +  0:a4      =   0.        0:a5      =   0.        0:a6      =   0.     
 +  0:a7      =   0.        0:a8      =   3.3000    0:b1      =   3.3000 
 +  0:b2      =   0.        0:b3      =   3.3000    0:b4      =   0.     
 +  0:b5      =   3.3000    0:b6      =   0.        0:b7      =   0.     
 +  0:b8      =   3.3000    0:cin     =   3.3000    0:cout    = 999.9969m
 +  0:s1      =   2.4543m   0:s2      = 999.9879m   0:s3      =  19.4350u
 +  0:s4      = 999.9879m   0:s5      = 999.9879m   0:s6      =  19.4348u
 +  0:s7      =  19.4348u   0:s8      =  19.4350u   0:vdd     =   1.0000 
 +  0:vss     =   0.        1:c1      = 999.9901m   1:c2      =   7.1268u
 +  1:c3      = 999.9901m   1:c4      =   9.1972u   1:c5      =   7.1268u
 +  1:c6      =   7.1268u   1:c7      =   7.1268u   1:c8      = 999.9969m
 +  1:g1      =  10.8533u   1:g2      =   9.0742u   1:g2_1    =  12.9834u
 +  1:g3      = 999.9896m   1:g3_2    = 999.9869m   1:g4      =   9.1952u
 +  1:g4_1    =   9.0760u   1:g4_3    =   9.0760u   1:g5      =   9.0742u
 +  1:g5_2    =  11.0297u   1:g5_4    =   9.0760u   1:g6      =   9.0741u
 +  1:g6_3    =   7.1224u   1:g6_5    =   9.0760u   1:g7      =   9.0742u
 +  1:g7_4    =   7.1224u   1:g7_6    =   7.1224u   1:g8      = 999.9929m
 +  1:g8_5    = 999.9897m   1:g8_7    = 999.9933m   1:p1      = 999.9641m
 +  1:p2      =  40.4026u   1:p2_1    =   9.0747u   1:p3      =   9.3222m
 +  1:p3_2    =   9.0744u   1:p4      =  40.6446u   1:p4_1    =   7.1207u
 +  1:p4_3    =  11.2073u   1:p5      = 999.9781m   1:p5_2    =   7.1207u
 +  1:p5_4    =  11.2074u   1:p6      =  40.0441u   1:p6_3    =   7.1205u
 +  1:p6_5    =  11.2076u   1:p7      =  40.0446u   1:p7_4    =   7.1207u
 +  1:p7_6    =   9.2536u   1:p8      =   9.3196m   1:p8_5    =   9.2536u
 +  1:p8_7    =   9.2536u  10:and_out = 999.9933m  11:and_out =   7.1205u
 + 12:and_out =   6.9413u  13:and_out =   7.1209u  14:and_out =   7.1209u
 + 15:and_out =   7.1205u  16:and_out =   7.1205u  17:and_out =   6.9413u
 + 18:and_out =   7.1205u  19:and_out =   6.9413u  20:and_out =   7.1205u
 + 21:and_out =   7.1209u  22:and_out =   7.1205u  23:and_out =   7.1205u
 + 24:and_out =   6.9413u  25:and_out =   7.1205u  26:and_out =   7.1205u
 + 27:and_out =   7.1209u  28:and_out =   7.1205u  29:and_out =   6.9413u
 + 30:and_out =   6.9413u  39:abar    = 999.9969m  39:bbar    =   2.3779m
 + 39:net1    = 999.9805m  39:net2    =   1.0123   39:net3    =   2.3290m
 + 39:net4    = 858.4931m  40:nand_out= 999.9953m  41:abar    = 999.9934m
 + 41:bbar    = 999.9933m  41:net1    = 999.9924m  41:net2    = 120.0340m
 + 41:net3    =  20.1817u  41:net4    =  21.1991u  42:nand_out= 999.9963m
 + 43:abar    =   2.3778m  43:bbar    =   2.3765m  43:net1    = 185.9699m
 + 43:net2    =   1.0000   43:net3    =   6.9650m  43:net4    =   4.2638m
 + 44:nand_out=   9.3582m  45:abar    = 999.9934m  45:bbar    = 999.9933m
 + 45:net1    = 999.9924m  45:net2    = 120.0340m  45:net3    =  20.3025u
 + 45:net4    =  21.3201u  46:nand_out= 999.9963m  47:abar    = 999.9969m
 + 47:bbar    =   2.3779m  47:net1    = 999.9875m  47:net2    =   1.0123 
 + 47:net3    =   2.3290m  47:net4    = 858.4937m  48:nand_out= 999.9953m
 + 49:abar    = 999.9934m  49:bbar    = 999.9933m  49:net1    = 999.9924m
 + 49:net2    = 120.0340m  49:net3    =  20.0027u  49:net4    =  21.0199u
 + 50:nand_out= 999.9963m  51:abar    = 999.9934m  51:bbar    = 999.9933m
 + 51:net1    = 999.9924m  51:net2    = 120.0340m  51:net3    =  20.0029u
 + 51:net4    =  21.0201u  52:nand_out= 999.9963m  53:abar    =   2.3778m
 + 53:bbar    =   2.3765m  53:net1    = 185.9698m  53:net2    =   1.0000 
 + 53:net3    =   6.9637m  53:net4    =   4.2628m  54:nand_out=   9.3582m
 + 55:nand_out=   2.4584m  56:nor_out =   6.8631u  57:nand_out= 999.9963m
 + 58:nor_out = 999.9804m  59:nand_out= 999.9933m  60:nand_out= 999.9963m
 + 61:nor_out =   7.1202u  62:nand_out= 999.9963m  63:nand_out= 999.9933m
 + 64:nor_out = 999.9804m  65:nand_out= 999.9963m  66:nand_out= 999.9935m
 + 67:nor_out = 999.9804m  68:nand_out= 999.9935m  69:nand_out= 999.9963m
 + 70:nor_out = 999.9804m  71:nand_out= 999.9933m  72:nand_out= 999.9963m
 + 73:nor_out = 999.9804m  74:nand_out= 999.9963m  75:nand_out= 999.9963m
 + 76:nor_out =   7.1198u  77:nand_out= 999.9963m  78:nand_out= 999.9963m
 + 79:nor_out = 999.9804m  80:nand_out= 999.9963m  81:nor_out =   7.1205u
 + 82:nand_out= 999.9963m  83:nor_out = 999.9804m  84:nand_out= 999.9963m
 + 85:nand_out= 999.9933m  86:nor_out = 999.9804m  87:nand_out= 999.9963m
 + 88:nand_out= 999.9963m  89:nor_out = 999.9804m  90:nand_out= 999.9963m
 + 91:nand_out= 999.9963m  92:nor_out = 999.9804m  93:nand_out= 999.9963m
 + 94:nand_out= 999.9963m  95:nor_out =   7.1198u  96:nand_out= 999.9963m
 + 97:nand_out= 999.9963m  98:nor_out = 999.9804m  99:nand_out= 999.9963m
 +100:nor_out = 999.9804m 101:nand_out= 999.9933m 102:nor_out = 999.9804m
 +103:nand_out= 999.9963m 104:nor_out = 999.9804m 105:nand_out= 999.9963m
 +106:nor_out =   7.1202u 107:nand_out= 999.9963m 108:nor_out =   7.1202u
 +109:abar    =   6.9452u 109:bbar    =   2.3765m 109:net1    = 122.1849m
 +109:net2    =   1.0000  109:net3    =   2.3804m 109:net4    =   1.1526m
 +110:abar    = 999.9969m 110:bbar    =   7.0633u 110:net1    = 999.9924m
 +110:net2    = 999.9939m 110:net3    =   1.7720u 110:net4    = 860.1510m
 +111:abar    = 999.9930m 111:bbar    = 999.9933m 111:net1    = 999.9924m
 +111:net2    = 120.0396m 111:net3    =  11.9420u 111:net4    =  10.7155u
 +112:abar    = 999.9969m 112:bbar    =   7.0633u 112:net1    = 999.9924m
 +112:net2    = 999.9939m 112:net3    =   1.7720u 112:net4    = 860.1510m
 +113:abar    =   7.1227u 113:bbar    = 999.9937m 113:net1    = 999.9939m
 +113:net2    = 999.9924m 113:net3    = 860.1338m 113:net4    =   1.7712u
 +114:abar    = 999.9934m 114:bbar    = 999.9933m 114:net1    = 999.9924m
 +114:net2    = 120.0393m 114:net3    =   9.7212u 114:net4    =  10.7154u
 +115:abar    = 999.9934m 115:bbar    = 999.9933m 115:net1    = 999.9924m
 +115:net2    = 120.0393m 115:net3    =   9.7212u 115:net4    =  10.7154u
 +116:abar    = 999.9930m 116:bbar    = 999.9933m 116:net1    = 999.9924m
 +116:net2    = 120.0396m 116:net3    =  11.9415u 116:net4    =  10.7155u
 +119:net1    =   2.3290m 123:net1    =  30.5517m 127:net1    =   6.9829m
 +131:net1    =  30.5517m 135:net1    =   2.3290m 139:net1    =  30.5517m
 +143:net1    =  30.5517m 147:net1    =   6.9829m 149:net1    =   2.3821m
 +151:net1    = 120.0421m 153:net1    =  30.5691m 155:net1    = 999.9886m
 +157:net1    =   1.7719u 159:net1    =  36.2795m 161:net1    = 999.9924m
 +163:net1    =  36.2595m 165:net1    =   1.7720u 167:net1    = 999.9886m
 +169:net1    =  25.4714m 171:net1    = 860.1340m 173:net1    = 999.9886m
 +175:net1    = 860.1122m 177:net1    =  30.5699m 179:net1    = 999.9886m
 +181:net1    =   1.7720u 183:net1    =  30.5699m 185:net1    = 999.9886m
 +187:net1    =  30.5520m 189:net1    =  36.2778m 191:net1    = 999.9924m
 +193:net1    =  36.2580m 195:net1    =  30.5508m 197:net1    = 999.9886m
 +199:net1    =  30.5495m 201:net1    = 999.9924m 203:net1    =  30.5508m
 +205:net1    = 999.9886m 207:net1    =  30.5530m 209:net1    =   1.7713u
 +211:net1    = 999.9886m 213:net1    =  30.5530m 215:net1    =  30.5530m
 +217:net1    = 999.9886m 219:net1    =  30.5518m 221:net1    =  30.5519m
 +223:net1    = 999.9886m 225:net1    =  30.5507m 227:net1    =  30.5519m
 +229:net1    = 999.9924m 231:net1    =  30.5507m 233:net1    =  30.5496m
 +235:net1    = 999.9886m 237:net1    =  30.5484m 239:net1    = 999.9886m
 +241:net1    =   1.7712u 243:net1    = 999.9886m 245:net1    =  30.5506m
 +247:net1    = 999.9886m 249:net1    =  30.5508m 251:net1    = 999.9924m
 +253:net1    =  30.5508m 255:net1    = 999.9924m

 ******
 * 8-bit kogge-stone adder

 ****** transient analysis tnom=  25.000 temp=  25.000 ******
 tpd_max_cout=   2.4421n  targ=   3.5497n   trig=   1.1076n
 tpd_max_s8= 329.9633p  targ=   1.4375n   trig=   1.1076n
 power_avg= -93.8534u  from=   0.             to= 200.0000n
 **info** dc convergence successful at Newton-Raphson method 
 ******  
 * 8-bit kogge-stone adder

 ****** operating point information tnom=  25.000 temp=  30.000 ******
 ****** operating point status is voltage   simulation time is     0.     
      node    =voltage        node    =voltage        node    =voltage

 +  0:a1      =   0.        0:a2      =   0.        0:a3      =   3.3000 
 +  0:a4      =   0.        0:a5      =   0.        0:a6      =   0.     
 +  0:a7      =   0.        0:a8      =   3.3000    0:b1      =   3.3000 
 +  0:b2      =   0.        0:b3      =   3.3000    0:b4      =   0.     
 +  0:b5      =   3.3000    0:b6      =   0.        0:b7      =   0.     
 +  0:b8      =   3.3000    0:cin     =   3.3000    0:cout    = 999.9965m
 +  0:s1      =   2.4695m   0:s2      = 999.9865m   0:s3      =  23.0387u
 +  0:s4      = 999.9865m   0:s5      = 999.9865m   0:s6      =  23.0386u
 +  0:s7      =  23.0386u   0:s8      =  23.0387u   0:vdd     =   1.0000 
 +  0:vss     =   0.        1:c1      = 999.9896m   1:c2      =   8.1004u
 +  1:c3      = 999.9896m   1:c4      =  10.2175u   1:c5      =   8.1004u
 +  1:c6      =   8.1004u   1:c7      =   8.1004u   1:c8      = 999.9965m
 +  1:g1      =  11.9136u   1:g2      =  10.0920u   1:g2_1    =  14.0918u
 +  1:g3      = 999.9891m   1:g3_2    = 999.9864m   1:g4      =  10.2149u
 +  1:g4_1    =  10.0945u   1:g4_3    =  10.0945u   1:g5      =  10.0921u
 +  1:g5_2    =  12.0932u   1:g5_4    =  10.0945u   1:g6      =  10.0919u
 +  1:g6_3    =   8.0958u   1:g6_5    =  10.0945u   1:g7      =  10.0920u
 +  1:g7_4    =   8.0958u   1:g7_6    =   8.0958u   1:g8      = 999.9924m
 +  1:g8_5    = 999.9893m   1:g8_7    = 999.9929m   1:p1      = 999.9623m
 +  1:p2      =  44.4775u   1:p2_1    =  10.0927u   1:p3      =   9.3724m
 +  1:p3_2    =  10.0922u   1:p4      =  44.7231u   1:p4_1    =   8.0936u
 +  1:p4_3    =  12.2728u   1:p5      = 999.9766m   1:p5_2    =   8.0936u
 +  1:p5_4    =  12.2731u   1:p6      =  44.1135u   1:p6_3    =   8.0934u
 +  1:p6_5    =  12.2733u   1:p7      =  44.1140u   1:p7_4    =   8.0936u
 +  1:p7_6    =  10.2742u   1:p8      =   9.3698m   1:p8_5    =  10.2742u
 +  1:p8_7    =  10.2742u  10:and_out = 999.9929m  11:and_out =   8.0934u
 + 12:and_out =   7.9115u  13:and_out =   8.0939u  14:and_out =   8.0938u
 + 15:and_out =   8.0934u  16:and_out =   8.0934u  17:and_out =   7.9115u
 + 18:and_out =   8.0934u  19:and_out =   7.9115u  20:and_out =   8.0934u
 + 21:and_out =   8.0939u  22:and_out =   8.0934u  23:and_out =   8.0934u
 + 24:and_out =   7.9115u  25:and_out =   8.0934u  26:and_out =   8.0934u
 + 27:and_out =   8.0939u  28:and_out =   8.0934u  29:and_out =   7.9115u
 + 30:and_out =   7.9115u  39:abar    = 999.9965m  39:bbar    =   2.3906m
 + 39:net1    = 999.9796m  39:net2    =   1.0106   39:net3    =   2.3420m
 + 39:net4    = 858.5062m  40:nand_out= 999.9949m  41:abar    = 999.9930m
 + 41:bbar    = 999.9929m  41:net1    = 999.9910m  41:net2    = 120.2540m
 + 41:net3    =  22.2190u  41:net4    =  23.2601u  42:nand_out= 999.9962m
 + 43:abar    =   2.3905m  43:bbar    =   2.3892m  43:net1    = 182.0990m
 + 43:net2    =   1.0000   43:net3    =   7.0026m  43:net4    =   4.2918m
 + 44:nand_out=   9.4074m  45:abar    = 999.9930m  45:bbar    = 999.9929m
 + 45:net1    = 999.9910m  45:net2    = 120.2540m  45:net3    =  22.3416u
 + 45:net4    =  23.3829u  46:nand_out= 999.9962m  47:abar    = 999.9965m
 + 47:bbar    =   2.3906m  47:net1    = 999.9867m  47:net2    =   1.0106 
 + 47:net3    =   2.3420m  47:net4    = 858.5068m  48:nand_out= 999.9949m
 + 49:abar    = 999.9930m  49:bbar    = 999.9929m  49:net1    = 999.9910m
 + 49:net2    = 120.2540m  49:net3    =  22.0372u  49:net4    =  23.0781u
 + 50:nand_out= 999.9962m  51:abar    = 999.9930m  51:bbar    = 999.9929m
 + 51:net1    = 999.9910m  51:net2    = 120.2540m  51:net3    =  22.0375u
 + 51:net4    =  23.0784u  52:nand_out= 999.9962m  53:abar    =   2.3905m
 + 53:bbar    =   2.3892m  53:net1    = 182.0990m  53:net2    =   1.0000 
 + 53:net3    =   7.0013m  53:net4    =   4.2907m  54:nand_out=   9.4074m
 + 55:nand_out=   2.4737m  56:nor_out =   7.7878u  57:nand_out= 999.9962m
 + 58:nor_out = 999.9789m  59:nand_out= 999.9929m  60:nand_out= 999.9962m
 + 61:nor_out =   8.0928u  62:nand_out= 999.9962m  63:nand_out= 999.9929m
 + 64:nor_out = 999.9789m  65:nand_out= 999.9961m  66:nand_out= 999.9931m
 + 67:nor_out = 999.9789m  68:nand_out= 999.9931m  69:nand_out= 999.9962m
 + 70:nor_out = 999.9789m  71:nand_out= 999.9929m  72:nand_out= 999.9962m
 + 73:nor_out = 999.9789m  74:nand_out= 999.9962m  75:nand_out= 999.9962m
 + 76:nor_out =   8.0923u  77:nand_out= 999.9962m  78:nand_out= 999.9962m
 + 79:nor_out = 999.9789m  80:nand_out= 999.9962m  81:nor_out =   8.0932u
 + 82:nand_out= 999.9962m  83:nor_out = 999.9789m  84:nand_out= 999.9962m
 + 85:nand_out= 999.9929m  86:nor_out = 999.9789m  87:nand_out= 999.9962m
 + 88:nand_out= 999.9962m  89:nor_out = 999.9789m  90:nand_out= 999.9962m
 + 91:nand_out= 999.9962m  92:nor_out = 999.9789m  93:nand_out= 999.9962m
 + 94:nand_out= 999.9962m  95:nor_out =   8.0923u  96:nand_out= 999.9962m
 + 97:nand_out= 999.9962m  98:nor_out = 999.9789m  99:nand_out= 999.9962m
 +100:nor_out = 999.9789m 101:nand_out= 999.9929m 102:nor_out = 999.9789m
 +103:nand_out= 999.9962m 104:nor_out = 999.9789m 105:nand_out= 999.9962m
 +106:nor_out =   8.0928u 107:nand_out= 999.9962m 108:nor_out =   8.0928u
 +109:abar    =   7.9164u 109:bbar    =   2.3892m 109:net1    = 122.4174m
 +109:net2    =   1.0000  109:net3    =   2.3937m 109:net4    =   1.1607m
 +110:abar    = 999.9965m 110:bbar    =   8.0355u 110:net1    = 999.9917m
 +110:net2    = 999.9933m 110:net3    =   2.0003u 110:net4    = 860.2263m
 +111:abar    = 999.9924m 111:bbar    = 999.9929m 111:net1    = 999.9909m
 +111:net2    = 120.2605m 111:net3    =  13.8410u 111:net4    =  12.5409u
 +112:abar    = 999.9965m 112:bbar    =   8.0355u 112:net1    = 999.9917m
 +112:net2    = 999.9933m 112:net3    =   2.0003u 112:net4    = 860.2263m
 +113:abar    =   8.0963u 113:bbar    = 999.9933m 113:net1    = 999.9933m
 +113:net2    = 999.9917m 113:net3    = 860.2079m 113:net4    =   1.9992u
 +114:abar    = 999.9930m 114:bbar    = 999.9929m 114:net1    = 999.9910m
 +114:net2    = 120.2601m 114:net3    =  11.5234u 114:net4    =  12.5409u
 +115:abar    = 999.9930m 115:bbar    = 999.9929m 115:net1    = 999.9910m
 +115:net2    = 120.2601m 115:net3    =  11.5234u 115:net4    =  12.5409u
 +116:abar    = 999.9924m 116:bbar    = 999.9929m 116:net1    = 999.9909m
 +116:net2    = 120.2605m 116:net3    =  13.8404u 116:net4    =  12.5409u
 +119:net1    =   2.3420m 123:net1    =  30.9002m 127:net1    =   7.0201m
 +131:net1    =  30.9002m 135:net1    =   2.3420m 139:net1    =  30.9002m
 +143:net1    =  30.9002m 147:net1    =   7.0201m 149:net1    =   2.3954m
 +151:net1    = 120.2629m 153:net1    =  30.9193m 155:net1    = 999.9878m
 +157:net1    =   2.0002u 159:net1    =  36.6381m 161:net1    = 999.9910m
 +163:net1    =  36.6163m 165:net1    =   2.0003u 167:net1    = 999.9878m
 +169:net1    =  25.8090m 171:net1    = 860.2082m 173:net1    = 999.9878m
 +175:net1    = 860.1835m 177:net1    =  30.9201m 179:net1    = 999.9878m
 +181:net1    =   2.0003u 183:net1    =  30.9201m 185:net1    = 999.9878m
 +187:net1    =  30.9005m 189:net1    =  36.6365m 191:net1    = 999.9910m
 +193:net1    =  36.6148m 195:net1    =  30.8992m 197:net1    = 999.9878m
 +199:net1    =  30.8980m 201:net1    = 999.9910m 203:net1    =  30.8993m
 +205:net1    = 999.9878m 207:net1    =  30.9016m 209:net1    =   1.9993u
 +211:net1    = 999.9878m 213:net1    =  30.9016m 215:net1    =  30.9016m
 +217:net1    = 999.9878m 219:net1    =  30.9003m 221:net1    =  30.9004m
 +223:net1    = 999.9878m 225:net1    =  30.8991m 227:net1    =  30.9004m
 +229:net1    = 999.9910m 231:net1    =  30.8991m 233:net1    =  30.8981m
 +235:net1    = 999.9878m 237:net1    =  30.8968m 239:net1    = 999.9878m
 +241:net1    =   1.9992u 243:net1    = 999.9878m 245:net1    =  30.8991m
 +247:net1    = 999.9878m 249:net1    =  30.8992m 251:net1    = 999.9910m
 +253:net1    =  30.8992m 255:net1    = 999.9910m

 ******
 * 8-bit kogge-stone adder

 ****** transient analysis tnom=  25.000 temp=  30.000 ******
 tpd_max_cout=   2.4437n  targ=   3.5513n   trig=   1.1076n
 tpd_max_s8= 332.3299p  targ=   1.4399n   trig=   1.1076n
 power_avg= -94.3228u  from=   0.             to= 200.0000n
 **info** dc convergence successful at Newton-Raphson method 
 ******  
 * 8-bit kogge-stone adder

 ****** operating point information tnom=  25.000 temp=  35.000 ******
 ****** operating point status is voltage   simulation time is     0.     
      node    =voltage        node    =voltage        node    =voltage

 +  0:a1      =   0.        0:a2      =   0.        0:a3      =   3.3000 
 +  0:a4      =   0.        0:a5      =   0.        0:a6      =   0.     
 +  0:a7      =   0.        0:a8      =   3.3000    0:b1      =   3.3000 
 +  0:b2      =   0.        0:b3      =   3.3000    0:b4      =   0.     
 +  0:b5      =   3.3000    0:b6      =   0.        0:b7      =   0.     
 +  0:b8      =   3.3000    0:cin     =   3.3000    0:cout    = 999.9961m
 +  0:s1      =   2.4835m   0:s2      = 999.9849m   0:s3      =  27.3286u
 +  0:s4      = 999.9849m   0:s5      = 999.9849m   0:s6      =  27.3284u
 +  0:s7      =  27.3284u   0:s8      =  27.3286u   0:vdd     =   1.0000 
 +  0:vss     =   0.        1:c1      = 999.9891m   1:c2      =   9.2510u
 +  1:c3      = 999.9891m   1:c4      =  11.4156u   1:c5      =   9.2510u
 +  1:c6      =   9.2510u   1:c7      =   9.2510u   1:c8      = 999.9961m
 +  1:g1      =  13.1523u   1:g2      =  11.2874u   1:g2_1    =  15.3796u
 +  1:g3      = 999.9884m   1:g3_2    = 999.9858m   1:g4      =  11.4121u
 +  1:g4_1    =  11.2908u   1:g4_3    =  11.2908u   1:g5      =  11.2877u
 +  1:g5_2    =  13.3352u   1:g5_4    =  11.2908u   1:g6      =  11.2874u
 +  1:g6_3    =   9.2463u   1:g6_5    =  11.2908u   1:g7      =  11.2874u
 +  1:g7_4    =   9.2463u   1:g7_6    =   9.2463u   1:g8      = 999.9918m
 +  1:g8_5    = 999.9887m   1:g8_7    = 999.9924m   1:p1      = 999.9602m
 +  1:p2      =  49.2464u   1:p2_1    =  11.2883u   1:p3      =   9.4174m
 +  1:p3_2    =  11.2877u   1:p4      =  49.4956u   1:p4_1    =   9.2433u
 +  1:p4_3    =  13.5167u   1:p5      = 999.9747m   1:p5_2    =   9.2433u
 +  1:p5_4    =  13.5172u   1:p6      =  48.8770u   1:p6_3    =   9.2431u
 +  1:p6_5    =  13.5174u   1:p7      =  48.8775u   1:p7_4    =   9.2433u
 +  1:p7_6    =  11.4723u   1:p8      =   9.4148m   1:p8_5    =  11.4723u
 +  1:p8_7    =  11.4723u  10:and_out = 999.9923m  11:and_out =   9.2431u
 + 12:and_out =   9.0584u  13:and_out =   9.2437u  14:and_out =   9.2437u
 + 15:and_out =   9.2431u  16:and_out =   9.2431u  17:and_out =   9.0584u
 + 18:and_out =   9.2431u  19:and_out =   9.0584u  20:and_out =   9.2431u
 + 21:and_out =   9.2437u  22:and_out =   9.2431u  23:and_out =   9.2431u
 + 24:and_out =   9.0584u  25:and_out =   9.2431u  26:and_out =   9.2431u
 + 27:and_out =   9.2437u  28:and_out =   9.2431u  29:and_out =   9.0584u
 + 30:and_out =   9.0584u  39:abar    = 999.9961m  39:bbar    =   2.4020m
 + 39:net1    = 999.9785m  39:net2    =   1.0091   39:net3    =   2.3537m
 + 39:net4    = 858.3941m  40:nand_out= 999.9945m  41:abar    = 999.9925m
 + 41:bbar    = 999.9924m  41:net1    = 999.9893m  41:net2    = 120.5196m
 + 41:net3    =  24.6026u  41:net4    =  25.6685u  42:nand_out= 999.9961m
 + 43:abar    =   2.4019m  43:bbar    =   2.4005m  43:net1    = 178.2528m
 + 43:net2    =   1.0000   43:net3    =   7.0364m  43:net4    =   4.3174m
 + 44:nand_out=   9.4514m  45:abar    = 999.9925m  45:bbar    = 999.9924m
 + 45:net1    = 999.9893m  45:net2    = 120.5196m  45:net3    =  24.7271u
 + 45:net4    =  25.7931u  46:nand_out= 999.9961m  47:abar    = 999.9961m
 + 47:bbar    =   2.4020m  47:net1    = 999.9858m  47:net2    =   1.0091 
 + 47:net3    =   2.3537m  47:net4    = 858.3948m  48:nand_out= 999.9945m
 + 49:abar    = 999.9925m  49:bbar    = 999.9924m  49:net1    = 999.9893m
 + 49:net2    = 120.5196m  49:net3    =  24.4181u  49:net4    =  25.4838u
 + 50:nand_out= 999.9961m  51:abar    = 999.9925m  51:bbar    = 999.9924m
 + 51:net1    = 999.9893m  51:net2    = 120.5196m  51:net3    =  24.4184u
 + 51:net4    =  25.4841u  52:nand_out= 999.9961m  53:abar    =   2.4019m
 + 53:bbar    =   2.4005m  53:net1    = 178.2527m  53:net2    =   1.0000 
 + 53:net3    =   7.0351m  53:net4    =   4.3163m  54:nand_out=   9.4514m
 + 55:nand_out=   2.4879m  56:nor_out =   8.8805u  57:nand_out= 999.9961m
 + 58:nor_out = 999.9771m  59:nand_out= 999.9924m  60:nand_out= 999.9960m
 + 61:nor_out =   9.2421u  62:nand_out= 999.9960m  63:nand_out= 999.9924m
 + 64:nor_out = 999.9771m  65:nand_out= 999.9960m  66:nand_out= 999.9926m
 + 67:nor_out = 999.9771m  68:nand_out= 999.9926m  69:nand_out= 999.9961m
 + 70:nor_out = 999.9771m  71:nand_out= 999.9924m  72:nand_out= 999.9961m
 + 73:nor_out = 999.9771m  74:nand_out= 999.9961m  75:nand_out= 999.9960m
 + 76:nor_out =   9.2415u  77:nand_out= 999.9960m  78:nand_out= 999.9961m
 + 79:nor_out = 999.9771m  80:nand_out= 999.9961m  81:nor_out =   9.2426u
 + 82:nand_out= 999.9961m  83:nor_out = 999.9771m  84:nand_out= 999.9961m
 + 85:nand_out= 999.9924m  86:nor_out = 999.9771m  87:nand_out= 999.9961m
 + 88:nand_out= 999.9961m  89:nor_out = 999.9771m  90:nand_out= 999.9961m
 + 91:nand_out= 999.9961m  92:nor_out = 999.9771m  93:nand_out= 999.9961m
 + 94:nand_out= 999.9961m  95:nor_out =   9.2414u  96:nand_out= 999.9961m
 + 97:nand_out= 999.9961m  98:nor_out = 999.9771m  99:nand_out= 999.9961m
 +100:nor_out = 999.9771m 101:nand_out= 999.9924m 102:nor_out = 999.9771m
 +103:nand_out= 999.9961m 104:nor_out = 999.9771m 105:nand_out= 999.9961m
 +106:nor_out =   9.2421u 107:nand_out= 999.9961m 108:nor_out =   9.2421u
 +109:abar    =   9.0648u 109:bbar    =   2.4005m 109:net1    = 122.6943m
 +109:net2    =   1.0000  109:net3    =   2.4056m 109:net4    =   1.1683m
 +110:abar    = 999.9961m 110:bbar    =   9.1845u 110:net1    = 999.9908m
 +110:net2    = 999.9924m 110:net3    =   2.2740u 110:net4    = 860.1660m
 +111:abar    = 999.9918m 111:bbar    = 999.9924m 111:net1    = 999.9892m
 +111:net2    = 120.5272m 111:net3    =  16.1565u 111:net4    =  14.7098u
 +112:abar    = 999.9961m 112:bbar    =   9.1845u 112:net1    = 999.9908m
 +112:net2    = 999.9924m 112:net3    =   2.2740u 112:net4    = 860.1660m
 +113:abar    =   9.2469u 113:bbar    = 999.9928m 113:net1    = 999.9925m
 +113:net2    = 999.9908m 113:net3    = 860.1463m 113:net4    =   2.2725u
 +114:abar    = 999.9925m 114:bbar    = 999.9924m 114:net1    = 999.9893m
 +114:net2    = 120.5266m 114:net3    =  13.6689u 114:net4    =  14.7097u
 +115:abar    = 999.9925m 115:bbar    = 999.9924m 115:net1    = 999.9893m
 +115:net2    = 120.5266m 115:net3    =  13.6689u 115:net4    =  14.7097u
 +116:abar    = 999.9918m 116:bbar    = 999.9924m 116:net1    = 999.9892m
 +116:net2    = 120.5272m 116:net3    =  16.1559u 116:net4    =  14.7098u
 +119:net1    =   2.3537m 123:net1    =  31.2475m 127:net1    =   7.0533m
 +131:net1    =  31.2475m 135:net1    =   2.3537m 139:net1    =  31.2475m
 +143:net1    =  31.2475m 147:net1    =   7.0533m 149:net1    =   2.4074m
 +151:net1    = 120.5294m 153:net1    =  31.2686m 155:net1    = 999.9869m
 +157:net1    =   2.2739u 159:net1    =  36.9920m 161:net1    = 999.9893m
 +163:net1    =  36.9680m 165:net1    =   2.2740u 167:net1    = 999.9869m
 +169:net1    =  26.1493m 171:net1    = 860.1467m 173:net1    = 999.9869m
 +175:net1    = 860.1186m 177:net1    =  31.2694m 179:net1    = 999.9869m
 +181:net1    =   2.2740u 183:net1    =  31.2694m 185:net1    = 999.9869m
 +187:net1    =  31.2478m 189:net1    =  36.9903m 191:net1    = 999.9893m
 +193:net1    =  36.9665m 195:net1    =  31.2465m 197:net1    = 999.9869m
 +199:net1    =  31.2452m 201:net1    = 999.9893m 203:net1    =  31.2465m
 +205:net1    = 999.9869m 207:net1    =  31.2489m 209:net1    =   2.2727u
 +211:net1    = 999.9869m 213:net1    =  31.2489m 215:net1    =  31.2489m
 +217:net1    = 999.9869m 219:net1    =  31.2476m 221:net1    =  31.2477m
 +223:net1    = 999.9869m 225:net1    =  31.2464m 227:net1    =  31.2477m
 +229:net1    = 999.9893m 231:net1    =  31.2464m 233:net1    =  31.2453m
 +235:net1    = 999.9869m 237:net1    =  31.2441m 239:net1    = 999.9869m
 +241:net1    =   2.2725u 243:net1    = 999.9869m 245:net1    =  31.2464m
 +247:net1    = 999.9869m 249:net1    =  31.2465m 251:net1    = 999.9893m
 +253:net1    =  31.2465m 255:net1    = 999.9893m

 ******
 * 8-bit kogge-stone adder

 ****** transient analysis tnom=  25.000 temp=  35.000 ******
 tpd_max_cout=   2.4454n  targ=   3.5529n   trig=   1.1076n
 tpd_max_s8= 334.7040p  targ=   1.4423n   trig=   1.1076n
 power_avg= -94.7816u  from=   0.             to= 200.0000n
 **info** dc convergence successful at Newton-Raphson method 
 ******  
 * 8-bit kogge-stone adder

 ****** operating point information tnom=  25.000 temp=  40.000 ******
 ****** operating point status is voltage   simulation time is     0.     
      node    =voltage        node    =voltage        node    =voltage

 +  0:a1      =   0.        0:a2      =   0.        0:a3      =   3.3000 
 +  0:a4      =   0.        0:a5      =   0.        0:a6      =   0.     
 +  0:a7      =   0.        0:a8      =   3.3000    0:b1      =   3.3000 
 +  0:b2      =   0.        0:b3      =   3.3000    0:b4      =   0.     
 +  0:b5      =   3.3000    0:b6      =   0.        0:b7      =   0.     
 +  0:b8      =   3.3000    0:cin     =   3.3000    0:cout    = 999.9956m
 +  0:s1      =   2.4965m   0:s2      = 999.9830m   0:s3      =  32.4080u
 +  0:s4      = 999.9830m   0:s5      = 999.9830m   0:s6      =  32.4077u
 +  0:s7      =  32.4077u   0:s8      =  32.4080u   0:vdd     =   1.0000 
 +  0:vss     =   0.        1:c1      = 999.9885m   1:c2      =  10.6053u
 +  1:c3      = 999.9885m   1:c4      =  12.8180u   1:c5      =  10.6053u
 +  1:c6      =  10.6053u   1:c7      =  10.6053u   1:c8      = 999.9956m
 +  1:g1      =  14.5960u   1:g2      =  12.6870u   1:g2_1    =  16.8735u
 +  1:g3      = 999.9876m   1:g3_2    = 999.9851m   1:g4      =  12.8135u
 +  1:g4_1    =  12.6915u   1:g4_3    =  12.6915u   1:g5      =  12.6874u
 +  1:g5_2    =  14.7825u   1:g5_4    =  12.6915u   1:g6      =  12.6870u
 +  1:g6_3    =  10.6005u   1:g6_5    =  12.6915u   1:g7      =  12.6870u
 +  1:g7_4    =  10.6005u   1:g7_6    =  10.6005u   1:g8      = 999.9910m
 +  1:g8_5    = 999.9881m   1:g8_7    = 999.9918m   1:p1      = 999.9578m
 +  1:p2      =  54.8129u   1:p2_1    =  12.6882u   1:p3      =   9.4571m
 +  1:p3_2    =  12.6873u   1:p4      =  55.0657u   1:p4_1    =  10.5963u
 +  1:p4_3    =  14.9657u   1:p5      = 999.9726m   1:p5_2    =  10.5963u
 +  1:p5_4    =  14.9663u   1:p6      =  54.4381u   1:p6_3    =  10.5961u
 +  1:p6_5    =  14.9665u   1:p7      =  54.4386u   1:p7_4    =  10.5963u
 +  1:p7_6    =  12.8747u   1:p8      =   9.4545m   1:p8_5    =  12.8747u
 +  1:p8_7    =  12.8747u  10:and_out = 999.9917m  11:and_out =  10.5961u
 + 12:and_out =  10.4087u  13:and_out =  10.5970u  14:and_out =  10.5969u
 + 15:and_out =  10.5961u  16:and_out =  10.5961u  17:and_out =  10.4087u
 + 18:and_out =  10.5961u  19:and_out =  10.4087u  20:and_out =  10.5961u
 + 21:and_out =  10.5970u  22:and_out =  10.5961u  23:and_out =  10.5961u
 + 24:and_out =  10.4087u  25:and_out =  10.5961u  26:and_out =  10.5961u
 + 27:and_out =  10.5970u  28:and_out =  10.5961u  29:and_out =  10.4087u
 + 30:and_out =  10.4087u  39:abar    = 999.9956m  39:bbar    =   2.4119m
 + 39:net1    = 999.9773m  39:net2    =   1.0079   39:net3    =   2.3641m
 + 39:net4    = 858.1810m  40:nand_out= 999.9940m  41:abar    = 999.9919m
 + 41:bbar    = 999.9919m  41:net1    = 999.9873m  41:net2    = 120.8225m
 + 41:net3    =  27.3843u  41:net4    =  28.4761u  42:nand_out= 999.9959m
 + 43:abar    =   2.4118m  43:bbar    =   2.4105m  43:net1    = 174.4309m
 + 43:net2    =   1.0000   43:net3    =   7.0663m  43:net4    =   4.3407m
 + 44:nand_out=   9.4900m  45:abar    = 999.9919m  45:bbar    = 999.9919m
 + 45:net1    = 999.9873m  45:net2    = 120.8226m  45:net3    =  27.5105u
 + 45:net4    =  28.6025u  46:nand_out= 999.9959m  47:abar    = 999.9956m
 + 47:bbar    =   2.4119m  47:net1    = 999.9847m  47:net2    =   1.0079 
 + 47:net3    =   2.3641m  47:net4    = 858.1817m  48:nand_out= 999.9940m
 + 49:abar    = 999.9919m  49:bbar    = 999.9919m  49:net1    = 999.9873m
 + 49:net2    = 120.8225m  49:net3    =  27.1971u  49:net4    =  28.2887u
 + 50:nand_out= 999.9959m  51:abar    = 999.9919m  51:bbar    = 999.9919m
 + 51:net1    = 999.9873m  51:net2    = 120.8225m  51:net3    =  27.1974u
 + 51:net4    =  28.2890u  52:nand_out= 999.9959m  53:abar    =   2.4118m
 + 53:bbar    =   2.4105m  53:net1    = 174.4308m  53:net2    =   1.0000 
 + 53:net3    =   7.0650m  53:net4    =   4.3396m  54:nand_out=   9.4900m
 + 55:nand_out=   2.5010m  56:nor_out =  10.1664u  57:nand_out= 999.9959m
 + 58:nor_out = 999.9749m  59:nand_out= 999.9918m  60:nand_out= 999.9959m
 + 61:nor_out =  10.5946u  62:nand_out= 999.9959m  63:nand_out= 999.9918m
 + 64:nor_out = 999.9749m  65:nand_out= 999.9959m  66:nand_out= 999.9921m
 + 67:nor_out = 999.9749m  68:nand_out= 999.9921m  69:nand_out= 999.9959m
 + 70:nor_out = 999.9749m  71:nand_out= 999.9918m  72:nand_out= 999.9959m
 + 73:nor_out = 999.9749m  74:nand_out= 999.9959m  75:nand_out= 999.9959m
 + 76:nor_out =  10.5938u  77:nand_out= 999.9959m  78:nand_out= 999.9959m
 + 79:nor_out = 999.9749m  80:nand_out= 999.9959m  81:nor_out =  10.5951u
 + 82:nand_out= 999.9959m  83:nor_out = 999.9749m  84:nand_out= 999.9959m
 + 85:nand_out= 999.9919m  86:nor_out = 999.9749m  87:nand_out= 999.9959m
 + 88:nand_out= 999.9959m  89:nor_out = 999.9749m  90:nand_out= 999.9959m
 + 91:nand_out= 999.9959m  92:nor_out = 999.9749m  93:nand_out= 999.9959m
 + 94:nand_out= 999.9959m  95:nor_out =  10.5937u  96:nand_out= 999.9959m
 + 97:nand_out= 999.9959m  98:nor_out = 999.9749m  99:nand_out= 999.9959m
 +100:nor_out = 999.9749m 101:nand_out= 999.9919m 102:nor_out = 999.9749m
 +103:nand_out= 999.9959m 104:nor_out = 999.9749m 105:nand_out= 999.9959m
 +106:nor_out =  10.5945u 107:nand_out= 999.9959m 108:nor_out =  10.5945u
 +109:abar    =  10.4168u 109:bbar    =   2.4105m 109:net1    = 123.0073m
 +109:net2    =   1.0000  109:net3    =   2.4163m 109:net4    =   1.1754m
 +110:abar    = 999.9956m 110:bbar    =  10.5370u 110:net1    = 999.9898m
 +110:net2    = 999.9915m 110:net3    =   2.6009u 110:net4    = 859.9955m
 +111:abar    = 999.9911m 111:bbar    = 999.9918m 111:net1    = 999.9872m
 +111:net2    = 120.8314m 111:net3    =  18.9382u 111:net4    =  17.2739u
 +112:abar    = 999.9956m 112:bbar    =  10.5370u 112:net1    = 999.9898m
 +112:net2    = 999.9915m 112:net3    =   2.6010u 112:net4    = 859.9955m
 +113:abar    =  10.6011u 113:bbar    = 999.9922m 113:net1    = 999.9915m
 +113:net2    = 999.9898m 113:net3    = 859.9745m 113:net4    =   2.5989u
 +114:abar    = 999.9919m 114:bbar    = 999.9918m 114:net1    = 999.9873m
 +114:net2    = 120.8307m 114:net3    =  16.2094u 114:net4    =  17.2738u
 +115:abar    = 999.9919m 115:bbar    = 999.9918m 115:net1    = 999.9873m
 +115:net2    = 120.8307m 115:net3    =  16.2094u 115:net4    =  17.2738u
 +116:abar    = 999.9911m 116:bbar    = 999.9918m 116:net1    = 999.9872m
 +116:net2    = 120.8314m 116:net3    =  18.9375u 116:net4    =  17.2739u
 +119:net1    =   2.3641m 123:net1    =  31.5941m 127:net1    =   7.0826m
 +131:net1    =  31.5941m 135:net1    =   2.3641m 139:net1    =  31.5941m
 +143:net1    =  31.5941m 147:net1    =   7.0826m 149:net1    =   2.4181m
 +151:net1    = 120.8334m 153:net1    =  31.6175m 155:net1    = 999.9858m
 +157:net1    =   2.6009u 159:net1    =  37.3415m 161:net1    = 999.9873m
 +163:net1    =  37.3149m 165:net1    =   2.6010u 167:net1    = 999.9858m
 +169:net1    =  26.4927m 171:net1    = 859.9749m 173:net1    = 999.9858m
 +175:net1    = 859.9431m 177:net1    =  31.6183m 179:net1    = 999.9858m
 +181:net1    =   2.6009u 183:net1    =  31.6183m 185:net1    = 999.9858m
 +187:net1    =  31.5944m 189:net1    =  37.3398m 191:net1    = 999.9873m
 +193:net1    =  37.3135m 195:net1    =  31.5931m 197:net1    = 999.9858m
 +199:net1    =  31.5918m 201:net1    = 999.9873m 203:net1    =  31.5931m
 +205:net1    = 999.9858m 207:net1    =  31.5955m 209:net1    =   2.5991u
 +211:net1    = 999.9858m 213:net1    =  31.5955m 215:net1    =  31.5955m
 +217:net1    = 999.9858m 219:net1    =  31.5942m 221:net1    =  31.5943m
 +223:net1    = 999.9858m 225:net1    =  31.5930m 227:net1    =  31.5943m
 +229:net1    = 999.9873m 231:net1    =  31.5930m 233:net1    =  31.5919m
 +235:net1    = 999.9858m 237:net1    =  31.5906m 239:net1    = 999.9858m
 +241:net1    =   2.5989u 243:net1    = 999.9858m 245:net1    =  31.5929m
 +247:net1    = 999.9858m 249:net1    =  31.5931m 251:net1    = 999.9873m
 +253:net1    =  31.5931m 255:net1    = 999.9873m

 ******
 * 8-bit kogge-stone adder

 ****** transient analysis tnom=  25.000 temp=  40.000 ******
 tpd_max_cout=   2.4472n  targ=   3.5547n   trig=   1.1076n
 tpd_max_s8= 337.0124p  targ=   1.4446n   trig=   1.1076n
 power_avg= -95.2354u  from=   0.             to= 200.0000n
 **info** dc convergence successful at Newton-Raphson method 
 ******  
 * 8-bit kogge-stone adder

 ****** operating point information tnom=  25.000 temp=  45.000 ******
 ****** operating point status is voltage   simulation time is     0.     
      node    =voltage        node    =voltage        node    =voltage

 +  0:a1      =   0.        0:a2      =   0.        0:a3      =   3.3000 
 +  0:a4      =   0.        0:a5      =   0.        0:a6      =   0.     
 +  0:a7      =   0.        0:a8      =   3.3000    0:b1      =   3.3000 
 +  0:b2      =   0.        0:b3      =   3.3000    0:b4      =   0.     
 +  0:b5      =   3.3000    0:b6      =   0.        0:b7      =   0.     
 +  0:b8      =   3.3000    0:cin     =   3.3000    0:cout    = 999.9950m
 +  0:s1      =   2.5084m   0:s2      = 999.9807m   0:s3      =  38.3911u
 +  0:s4      = 999.9807m   0:s5      = 999.9807m   0:s6      =  38.3907u
 +  0:s7      =  38.3907u   0:s8      =  38.3911u   0:vdd     =   1.0000 
 +  0:vss     =   0.        1:c1      = 999.9877m   1:c2      =  12.1925u
 +  1:c3      = 999.9877m   1:c4      =  14.4543u   1:c5      =  12.1925u
 +  1:c6      =  12.1925u   1:c7      =  12.1925u   1:c8      = 999.9950m
 +  1:g1      =  16.2740u   1:g2      =  14.3201u   1:g2_1    =  18.6028u
 +  1:g3      = 999.9867m   1:g3_2    = 999.9843m   1:g4      =  14.4483u
 +  1:g4_1    =  14.3260u   1:g4_3    =  14.3260u   1:g5      =  14.3206u
 +  1:g5_2    =  16.4644u   1:g5_4    =  14.3260u   1:g6      =  14.3200u
 +  1:g6_3    =  12.1876u   1:g6_5    =  14.3260u   1:g7      =  14.3201u
 +  1:g7_4    =  12.1876u   1:g7_6    =  12.1876u   1:g8      = 999.9902m
 +  1:g8_5    = 999.9874m   1:g8_7    = 999.9912m   1:p1      = 999.9551m
 +  1:p2      =  61.2914u   1:p2_1    =  14.3215u   1:p3      =   9.4914m
 +  1:p3_2    =  14.3204u   1:p4      =  61.5477u   1:p4_1    =  12.1820u
 +  1:p4_3    =  16.6489u   1:p5      = 999.9701m   1:p5_2    =  12.1820u
 +  1:p5_4    =  16.6497u   1:p6      =  60.9111u   1:p6_3    =  12.1818u
 +  1:p6_5    =  16.6500u   1:p7      =  60.9116u   1:p7_4    =  12.1820u
 +  1:p7_6    =  14.5105u   1:p8      =   9.4888m   1:p8_5    =  14.5105u
 +  1:p8_7    =  14.5105u  10:and_out = 999.9910m  11:and_out =  12.1818u
 + 12:and_out =  11.9916u  13:and_out =  12.1829u  14:and_out =  12.1829u
 + 15:and_out =  12.1818u  16:and_out =  12.1818u  17:and_out =  11.9916u
 + 18:and_out =  12.1818u  19:and_out =  11.9916u  20:and_out =  12.1818u
 + 21:and_out =  12.1829u  22:and_out =  12.1818u  23:and_out =  12.1818u
 + 24:and_out =  11.9916u  25:and_out =  12.1818u  26:and_out =  12.1818u
 + 27:and_out =  12.1829u  28:and_out =  12.1818u  29:and_out =  11.9916u
 + 30:and_out =  11.9916u  39:abar    = 999.9950m  39:bbar    =   2.4205m
 + 39:net1    = 999.9759m  39:net2    =   1.0068   39:net3    =   2.3732m
 + 39:net4    = 857.8865m  40:nand_out= 999.9934m  41:abar    = 999.9913m
 + 41:bbar    = 999.9912m  41:net1    = 999.9849m  41:net2    = 121.1566m
 + 41:net3    =  30.6212u  41:net4    =  31.7401u  42:nand_out= 999.9958m
 + 43:abar    =   2.4204m  43:bbar    =   2.4191m  43:net1    = 170.6332m
 + 43:net2    =   1.0000   43:net3    =   7.0920m  43:net4    =   4.3616m
 + 44:nand_out=   9.5232m  45:abar    = 999.9913m  45:bbar    = 999.9912m
 + 45:net1    = 999.9849m  45:net2    = 121.1566m  45:net3    =  30.7491u
 + 45:net4    =  31.8683u  46:nand_out= 999.9958m  47:abar    = 999.9950m
 + 47:bbar    =   2.4205m  47:net1    = 999.9834m  47:net2    =   1.0068 
 + 47:net3    =   2.3732m  47:net4    = 857.8872m  48:nand_out= 999.9934m
 + 49:abar    = 999.9913m  49:bbar    = 999.9912m  49:net1    = 999.9849m
 + 49:net2    = 121.1566m  49:net3    =  30.4312u  49:net4    =  31.5500u
 + 50:nand_out= 999.9958m  51:abar    = 999.9913m  51:bbar    = 999.9912m
 + 51:net1    = 999.9849m  51:net2    = 121.1566m  51:net3    =  30.4315u
 + 51:net4    =  31.5502u  52:nand_out= 999.9958m  53:abar    =   2.4204m
 + 53:bbar    =   2.4191m  53:net1    = 170.6332m  53:net2    =   1.0000 
 + 53:net3    =   7.0907m  53:net4    =   4.3605m  54:nand_out=   9.5232m
 + 55:nand_out=   2.5131m  56:nor_out =  11.6735u  57:nand_out= 999.9958m
 + 58:nor_out = 999.9724m  59:nand_out= 999.9912m  60:nand_out= 999.9957m
 + 61:nor_out =  12.1794u  62:nand_out= 999.9957m  63:nand_out= 999.9912m
 + 64:nor_out = 999.9724m  65:nand_out= 999.9957m  66:nand_out= 999.9915m
 + 67:nor_out = 999.9724m  68:nand_out= 999.9915m  69:nand_out= 999.9958m
 + 70:nor_out = 999.9724m  71:nand_out= 999.9912m  72:nand_out= 999.9958m
 + 73:nor_out = 999.9724m  74:nand_out= 999.9958m  75:nand_out= 999.9957m
 + 76:nor_out =  12.1785u  77:nand_out= 999.9957m  78:nand_out= 999.9958m
 + 79:nor_out = 999.9724m  80:nand_out= 999.9958m  81:nor_out =  12.1800u
 + 82:nand_out= 999.9958m  83:nor_out = 999.9724m  84:nand_out= 999.9958m
 + 85:nand_out= 999.9912m  86:nor_out = 999.9724m  87:nand_out= 999.9958m
 + 88:nand_out= 999.9958m  89:nor_out = 999.9724m  90:nand_out= 999.9958m
 + 91:nand_out= 999.9958m  92:nor_out = 999.9724m  93:nand_out= 999.9958m
 + 94:nand_out= 999.9958m  95:nor_out =  12.1783u  96:nand_out= 999.9958m
 + 97:nand_out= 999.9958m  98:nor_out = 999.9724m  99:nand_out= 999.9958m
 +100:nor_out = 999.9724m 101:nand_out= 999.9912m 102:nor_out = 999.9724m
 +103:nand_out= 999.9958m 104:nor_out = 999.9724m 105:nand_out= 999.9958m
 +106:nor_out =  12.1792u 107:nand_out= 999.9958m 108:nor_out =  12.1792u
 +109:abar    =  12.0020u 109:bbar    =   2.4191m 109:net1    = 123.3502m
 +109:net2    =   1.0000  109:net3    =   2.4257m 109:net4    =   1.1820m
 +110:abar    = 999.9950m 110:bbar    =  12.1221u 110:net1    = 999.9886m
 +110:net2    = 999.9903m 110:net3    =   2.9900u 110:net4    = 859.7358m
 +111:abar    = 999.9903m 111:bbar    = 999.9912m 111:net1    = 999.9848m
 +111:net2    = 121.1669m 111:net3    =  22.2429u 111:net4    =  20.2903u
 +112:abar    = 999.9950m 112:bbar    =  12.1221u 112:net1    = 999.9886m
 +112:net2    = 999.9903m 112:net3    =   2.9900u 112:net4    = 859.7358m
 +113:abar    =  12.1883u 113:bbar    = 999.9916m 113:net1    = 999.9903m
 +113:net2    = 999.9887m 113:net3    = 859.7131m 113:net4    =   2.9872u
 +114:abar    = 999.9913m 114:bbar    = 999.9912m 114:net1    = 999.9849m
 +114:net2    = 121.1661m 114:net3    =  19.2021u 114:net4    =  20.2901u
 +115:abar    = 999.9913m 115:bbar    = 999.9912m 115:net1    = 999.9849m
 +115:net2    = 121.1661m 115:net3    =  19.2021u 115:net4    =  20.2901u
 +116:abar    = 999.9903m 116:bbar    = 999.9912m 116:net1    = 999.9848m
 +116:net2    = 121.1669m 116:net3    =  22.2421u 116:net4    =  20.2903u
 +119:net1    =   2.3732m 123:net1    =  31.9403m 127:net1    =   7.1079m
 +131:net1    =  31.9403m 135:net1    =   2.3732m 139:net1    =  31.9403m
 +143:net1    =  31.9403m 147:net1    =   7.1079m 149:net1    =   2.4275m
 +151:net1    = 121.1687m 153:net1    =  31.9663m 155:net1    = 999.9845m
 +157:net1    =   2.9899u 159:net1    =  37.6870m 161:net1    = 999.9849m
 +163:net1    =  37.6575m 165:net1    =   2.9900u 167:net1    = 999.9845m
 +169:net1    =  26.8393m 171:net1    = 859.7136m 173:net1    = 999.9845m
 +175:net1    = 859.6775m 177:net1    =  31.9672m 179:net1    = 999.9845m
 +181:net1    =   2.9899u 183:net1    =  31.9672m 185:net1    = 999.9845m
 +187:net1    =  31.9406m 189:net1    =  37.6853m 191:net1    = 999.9849m
 +193:net1    =  37.6560m 195:net1    =  31.9392m 197:net1    = 999.9845m
 +199:net1    =  31.9379m 201:net1    = 999.9849m 203:net1    =  31.9392m
 +205:net1    = 999.9845m 207:net1    =  31.9417m 209:net1    =   2.9875u
 +211:net1    = 999.9845m 213:net1    =  31.9417m 215:net1    =  31.9417m
 +217:net1    = 999.9845m 219:net1    =  31.9404m 221:net1    =  31.9405m
 +223:net1    = 999.9845m 225:net1    =  31.9391m 227:net1    =  31.9405m
 +229:net1    = 999.9849m 231:net1    =  31.9391m 233:net1    =  31.9380m
 +235:net1    = 999.9845m 237:net1    =  31.9367m 239:net1    = 999.9845m
 +241:net1    =   2.9872u 243:net1    = 999.9845m 245:net1    =  31.9391m
 +247:net1    = 999.9845m 249:net1    =  31.9392m 251:net1    = 999.9849m
 +253:net1    =  31.9392m 255:net1    = 999.9849m

 ******
 * 8-bit kogge-stone adder

 ****** transient analysis tnom=  25.000 temp=  45.000 ******
 tpd_max_cout=   2.4487n  targ=   3.5562n   trig=   1.1076n
 tpd_max_s8= 339.4446p  targ=   1.4470n   trig=   1.1076n
 power_avg= -95.7252u  from=   0.             to= 200.0000n
 **info** dc convergence successful at Newton-Raphson method 
 ******  
 * 8-bit kogge-stone adder

 ****** operating point information tnom=  25.000 temp=  50.000 ******
 ****** operating point status is voltage   simulation time is     0.     
      node    =voltage        node    =voltage        node    =voltage

 +  0:a1      =   0.        0:a2      =   0.        0:a3      =   3.3000 
 +  0:a4      =   0.        0:a5      =   0.        0:a6      =   0.     
 +  0:a7      =   0.        0:a8      =   3.3000    0:b1      =   3.3000 
 +  0:b2      =   0.        0:b3      =   3.3000    0:b4      =   0.     
 +  0:b5      =   3.3000    0:b6      =   0.        0:b7      =   0.     
 +  0:b8      =   3.3000    0:cin     =   3.3000    0:cout    = 999.9943m
 +  0:s1      =   2.5193m   0:s2      = 999.9780m   0:s3      =  45.4033u
 +  0:s4      = 999.9780m   0:s5      = 999.9780m   0:s6      =  45.4029u
 +  0:s7      =  45.4029u   0:s8      =  45.4033u   0:vdd     =   1.0000 
 +  0:vss     =   0.        1:c1      = 999.9869m   1:c2      =  14.0451u
 +  1:c3      = 999.9869m   1:c4      =  16.3567u   1:c5      =  14.0451u
 +  1:c6      =  14.0451u   1:c7      =  14.0451u   1:c8      = 999.9943m
 +  1:g1      =  18.2186u   1:g2      =  16.2188u   1:g2_1    =  20.5999u
 +  1:g3      = 999.9857m   1:g3_2    = 999.9834m   1:g4      =  16.3487u
 +  1:g4_1    =  16.2266u   1:g4_3    =  16.2266u   1:g5      =  16.2196u
 +  1:g5_2    =  18.4133u   1:g5_4    =  16.2266u   1:g6      =  16.2187u
 +  1:g6_3    =  14.0400u   1:g6_5    =  16.2266u   1:g7      =  16.2188u
 +  1:g7_4    =  14.0400u   1:g7_6    =  14.0400u   1:g8      = 999.9892m
 +  1:g8_5    = 999.9865m   1:g8_7    = 999.9904m   1:p1      = 999.9519m
 +  1:p2      =  68.8075u   1:p2_1    =  16.2207u   1:p3      =   9.5202m
 +  1:p3_2    =  16.2191u   1:p4      =  69.0672u   1:p4_1    =  14.0325u
 +  1:p4_3    =  18.5986u   1:p5      = 999.9672m   1:p5_2    =  14.0325u
 +  1:p5_4    =  18.5998u   1:p6      =  68.4216u   1:p6_3    =  14.0323u
 +  1:p6_5    =  18.6001u   1:p7      =  68.4221u   1:p7_4    =  14.0325u
 +  1:p7_6    =  16.4120u   1:p8      =   9.5175m   1:p8_5    =  16.4120u
 +  1:p8_7    =  16.4120u  10:and_out = 999.9902m  11:and_out =  14.0323u
 + 12:and_out =  13.8394u  13:and_out =  14.0338u  14:and_out =  14.0337u
 + 15:and_out =  14.0323u  16:and_out =  14.0323u  17:and_out =  13.8394u
 + 18:and_out =  14.0323u  19:and_out =  13.8394u  20:and_out =  14.0323u
 + 21:and_out =  14.0338u  22:and_out =  14.0323u  23:and_out =  14.0323u
 + 24:and_out =  13.8394u  25:and_out =  14.0323u  26:and_out =  14.0323u
 + 27:and_out =  14.0338u  28:and_out =  14.0323u  29:and_out =  13.8394u
 + 30:and_out =  13.8394u  39:abar    = 999.9943m  39:bbar    =   2.4276m
 + 39:net1    = 999.9743m  39:net2    =   1.0059   39:net3    =   2.3808m
 + 39:net4    = 857.5262m  40:nand_out= 999.9927m  41:abar    = 999.9905m
 + 41:bbar    = 999.9904m  41:net1    = 999.9822m  41:net2    = 121.5168m
 + 41:net3    =  34.3758u  41:net4    =  35.5233u  42:nand_out= 999.9956m
 + 43:abar    =   2.4275m  43:bbar    =   2.4262m  43:net1    = 166.8597m
 + 43:net2    =   1.0000   43:net3    =   7.1137m  43:net4    =   4.3800m
 + 44:nand_out=   9.5509m  45:abar    = 999.9905m  45:bbar    = 999.9904m
 + 45:net1    = 999.9822m  45:net2    = 121.5168m  45:net3    =  34.5055u
 + 45:net4    =  35.6532u  46:nand_out= 999.9956m  47:abar    = 999.9943m
 + 47:bbar    =   2.4276m  47:net1    = 999.9819m  47:net2    =   1.0059 
 + 47:net3    =   2.3808m  47:net4    = 857.5269m  48:nand_out= 999.9927m
 + 49:abar    = 999.9905m  49:bbar    = 999.9904m  49:net1    = 999.9822m
 + 49:net2    = 121.5168m  49:net3    =  34.1831u  49:net4    =  35.3304u
 + 50:nand_out= 999.9956m  51:abar    = 999.9905m  51:bbar    = 999.9904m
 + 51:net1    = 999.9822m  51:net2    = 121.5168m  51:net3    =  34.1834u
 + 51:net4    =  35.3307u  52:nand_out= 999.9956m  53:abar    =   2.4275m
 + 53:bbar    =   2.4262m  53:net1    = 166.8597m  53:net2    =   1.0000 
 + 53:net3    =   7.1124m  53:net4    =   4.3789m  54:nand_out=   9.5509m
 + 55:nand_out=   2.5242m  56:nor_out =  13.4324u  57:nand_out= 999.9956m
 + 58:nor_out = 999.9695m  59:nand_out= 999.9904m  60:nand_out= 999.9956m
 + 61:nor_out =  14.0287u  62:nand_out= 999.9956m  63:nand_out= 999.9904m
 + 64:nor_out = 999.9695m  65:nand_out= 999.9955m  66:nand_out= 999.9908m
 + 67:nor_out = 999.9695m  68:nand_out= 999.9907m  69:nand_out= 999.9956m
 + 70:nor_out = 999.9695m  71:nand_out= 999.9904m  72:nand_out= 999.9956m
 + 73:nor_out = 999.9695m  74:nand_out= 999.9956m  75:nand_out= 999.9956m
 + 76:nor_out =  14.0276u  77:nand_out= 999.9956m  78:nand_out= 999.9956m
 + 79:nor_out = 999.9695m  80:nand_out= 999.9956m  81:nor_out =  14.0294u
 + 82:nand_out= 999.9956m  83:nor_out = 999.9695m  84:nand_out= 999.9956m
 + 85:nand_out= 999.9904m  86:nor_out = 999.9695m  87:nand_out= 999.9956m
 + 88:nand_out= 999.9956m  89:nor_out = 999.9695m  90:nand_out= 999.9956m
 + 91:nand_out= 999.9956m  92:nor_out = 999.9695m  93:nand_out= 999.9956m
 + 94:nand_out= 999.9956m  95:nor_out =  14.0273u  96:nand_out= 999.9956m
 + 97:nand_out= 999.9956m  98:nor_out = 999.9695m  99:nand_out= 999.9956m
 +100:nor_out = 999.9695m 101:nand_out= 999.9904m 102:nor_out = 999.9695m
 +103:nand_out= 999.9956m 104:nor_out = 999.9695m 105:nand_out= 999.9956m
 +106:nor_out =  14.0285u 107:nand_out= 999.9956m 108:nor_out =  14.0285u
 +109:abar    =  13.8526u 109:bbar    =   2.4262m 109:net1    = 123.7181m
 +109:net2    =   1.0000  109:net3    =   2.4338m 109:net4    =   1.1881m
 +110:abar    = 999.9943m 110:bbar    =  13.9721u 110:net1    = 999.9873m
 +110:net2    = 999.9890m 110:net3    =   3.4510u 110:net4    = 859.4036m
 +111:abar    = 999.9893m 111:bbar    = 999.9904m 111:net1    = 999.9821m
 +111:net2    = 121.5288m 111:net3    =  26.1349u 111:net4    =  23.8217u
 +112:abar    = 999.9943m 112:bbar    =  13.9721u 112:net1    = 999.9873m
 +112:net2    = 999.9890m 112:net3    =   3.4510u 112:net4    = 859.4036m
 +113:abar    =  14.0408u 113:bbar    = 999.9908m 113:net1    = 999.9890m
 +113:net2    = 999.9873m 113:net3    = 859.3789m 113:net4    =   3.4473u
 +114:abar    = 999.9905m 114:bbar    = 999.9904m 114:net1    = 999.9822m
 +114:net2    = 121.5278m 114:net3    =  22.7097u 114:net4    =  23.8214u
 +115:abar    = 999.9905m 115:bbar    = 999.9904m 115:net1    = 999.9822m
 +115:net2    = 121.5278m 115:net3    =  22.7097u 115:net4    =  23.8214u
 +116:abar    = 999.9893m 116:bbar    = 999.9904m 116:net1    = 999.9821m
 +116:net2    = 121.5288m 116:net3    =  26.1340u 116:net4    =  23.8217u
 +119:net1    =   2.3808m 123:net1    =  32.2863m 127:net1    =   7.1290m
 +131:net1    =  32.2863m 135:net1    =   2.3808m 139:net1    =  32.2863m
 +143:net1    =  32.2863m 147:net1    =   7.1290m 149:net1    =   2.4357m
 +151:net1    = 121.5303m 153:net1    =  32.3155m 155:net1    = 999.9830m
 +157:net1    =   3.4510u 159:net1    =  38.0288m 161:net1    = 999.9822m
 +163:net1    =  37.9958m 165:net1    =   3.4510u 167:net1    = 999.9830m
 +169:net1    =  27.1896m 171:net1    = 859.3795m 173:net1    = 999.9830m
 +175:net1    = 859.3386m 177:net1    =  32.3165m 179:net1    = 999.9830m
 +181:net1    =   3.4510u 183:net1    =  32.3165m 185:net1    = 999.9830m
 +187:net1    =  32.2867m 189:net1    =  38.0271m 191:net1    = 999.9822m
 +193:net1    =  37.9944m 195:net1    =  32.2853m 197:net1    = 999.9830m
 +199:net1    =  32.2839m 201:net1    = 999.9822m 203:net1    =  32.2853m
 +205:net1    = 999.9830m 207:net1    =  32.2878m 209:net1    =   3.4476u
 +211:net1    = 999.9830m 213:net1    =  32.2878m 215:net1    =  32.2878m
 +217:net1    = 999.9830m 219:net1    =  32.2865m 221:net1    =  32.2865m
 +223:net1    = 999.9830m 225:net1    =  32.2852m 227:net1    =  32.2865m
 +229:net1    = 999.9822m 231:net1    =  32.2852m 233:net1    =  32.2840m
 +235:net1    = 999.9830m 237:net1    =  32.2827m 239:net1    = 999.9830m
 +241:net1    =   3.4473u 243:net1    = 999.9830m 245:net1    =  32.2852m
 +247:net1    = 999.9830m 249:net1    =  32.2853m 251:net1    = 999.9822m
 +253:net1    =  32.2853m 255:net1    = 999.9822m

 ******
 * 8-bit kogge-stone adder

 ****** transient analysis tnom=  25.000 temp=  50.000 ******
 tpd_max_cout=   2.4499n  targ=   3.5575n   trig=   1.1076n
 tpd_max_s8= 341.8090p  targ=   1.4494n   trig=   1.1076n
 power_avg= -96.2196u  from=   0.             to= 200.0000n
 **info** dc convergence successful at Newton-Raphson method 
 ******  
 * 8-bit kogge-stone adder

 ****** operating point information tnom=  25.000 temp=  55.000 ******
 ****** operating point status is voltage   simulation time is     0.     
      node    =voltage        node    =voltage        node    =voltage

 +  0:a1      =   0.        0:a2      =   0.        0:a3      =   3.3000 
 +  0:a4      =   0.        0:a5      =   0.        0:a6      =   0.     
 +  0:a7      =   0.        0:a8      =   3.3000    0:b1      =   3.3000 
 +  0:b2      =   0.        0:b3      =   3.3000    0:b4      =   0.     
 +  0:b5      =   3.3000    0:b6      =   0.        0:b7      =   0.     
 +  0:b8      =   3.3000    0:cin     =   3.3000    0:cout    = 999.9935m
 +  0:s1      =   2.5291m   0:s2      = 999.9748m   0:s3      =  53.5821u
 +  0:s4      = 999.9748m   0:s5      = 999.9748m   0:s6      =  53.5815u
 +  0:s7      =  53.5815u   0:s8      =  53.5821u   0:vdd     =   1.0000 
 +  0:vss     =   0.        1:c1      = 999.9860m   1:c2      =  16.1984u
 +  1:c3      = 999.9860m   1:c4      =  18.5606u   1:c5      =  16.1984u
 +  1:c6      =  16.1984u   1:c7      =  16.1984u   1:c8      = 999.9935m
 +  1:g1      =  20.4650u   1:g2      =  18.4184u   1:g2_1    =  22.9003u
 +  1:g3      = 999.9845m   1:g3_2    = 999.9824m   1:g4      =  18.5501u
 +  1:g4_1    =  18.4289u   1:g4_3    =  18.4289u   1:g5      =  18.4196u
 +  1:g5_2    =  20.6646u   1:g5_4    =  18.4289u   1:g6      =  18.4183u
 +  1:g6_3    =  16.1931u   1:g6_5    =  18.4289u   1:g7      =  18.4184u
 +  1:g7_4    =  16.1931u   1:g7_6    =  16.1931u   1:g8      = 999.9881m
 +  1:g8_5    = 999.9856m   1:g8_7    = 999.9895m   1:p1      = 999.9483m
 +  1:p2      =  77.4986u   1:p2_1    =  18.4208u   1:p3      =   9.5432m
 +  1:p3_2    =  18.4188u   1:p4      =  77.7617u   1:p4_1    =  16.1831u
 +  1:p4_3    =  20.8501u   1:p5      = 999.9638m   1:p5_2    =  16.1831u
 +  1:p5_4    =  20.8518u   1:p6      =  77.1071u   1:p6_3    =  16.1828u
 +  1:p6_5    =  20.8522u   1:p7      =  77.1077u   1:p7_4    =  16.1831u
 +  1:p7_6    =  18.6144u   1:p8      =   9.5406m   1:p8_5    =  18.6144u
 +  1:p8_7    =  18.6144u  10:and_out = 999.9893m  11:and_out =  16.1828u
 + 12:and_out =  15.9872u  13:and_out =  16.1849u  14:and_out =  16.1848u
 + 15:and_out =  16.1828u  16:and_out =  16.1828u  17:and_out =  15.9872u
 + 18:and_out =  16.1828u  19:and_out =  15.9871u  20:and_out =  16.1828u
 + 21:and_out =  16.1849u  22:and_out =  16.1828u  23:and_out =  16.1828u
 + 24:and_out =  15.9871u  25:and_out =  16.1828u  26:and_out =  16.1828u
 + 27:and_out =  16.1849u  28:and_out =  16.1828u  29:and_out =  15.9871u
 + 30:and_out =  15.9871u  39:abar    = 999.9935m  39:bbar    =   2.4333m
 + 39:net1    = 999.9724m  39:net2    =   1.0051   39:net3    =   2.3871m
 + 39:net4    = 857.1129m  40:nand_out= 999.9919m  41:abar    = 999.9896m
 + 41:bbar    = 999.9895m  41:net1    = 999.9790m  41:net2    = 121.8996m
 + 41:net3    =  38.7167u  41:net4    =  39.8945u  42:nand_out= 999.9954m
 + 43:abar    =   2.4332m  43:bbar    =   2.4318m  43:net1    = 163.1104m
 + 43:net2    =   1.0000   43:net3    =   7.1310m  43:net4    =   4.3958m
 + 44:nand_out=   9.5729m  45:abar    = 999.9896m  45:bbar    = 999.9895m
 + 45:net1    = 999.9790m  45:net2    = 121.8996m  45:net3    =  38.8481u
 + 45:net4    =  40.0261u  46:nand_out= 999.9954m  47:abar    = 999.9935m
 + 47:bbar    =   2.4333m  47:net1    = 999.9802m  47:net2    =   1.0051 
 + 47:net3    =   2.3871m  47:net4    = 857.1136m  48:nand_out= 999.9919m
 + 49:abar    = 999.9896m  49:bbar    = 999.9895m  49:net1    = 999.9790m
 + 49:net2    = 121.8995m  49:net3    =  38.5213u  49:net4    =  39.6988u
 + 50:nand_out= 999.9954m  51:abar    = 999.9896m  51:bbar    = 999.9895m
 + 51:net1    = 999.9790m  51:net2    = 121.8995m  51:net3    =  38.5216u
 + 51:net4    =  39.6991u  52:nand_out= 999.9954m  53:abar    =   2.4332m
 + 53:bbar    =   2.4318m  53:net1    = 163.1104m  53:net2    =   1.0000 
 + 53:net3    =   7.1297m  53:net4    =   4.3947m  54:nand_out=   9.5729m
 + 55:nand_out=   2.5342m  56:nor_out =  15.4768u  57:nand_out= 999.9954m
 + 58:nor_out = 999.9661m  59:nand_out= 999.9895m  60:nand_out= 999.9953m
 + 61:nor_out =  16.1776u  62:nand_out= 999.9953m  63:nand_out= 999.9895m
 + 64:nor_out = 999.9661m  65:nand_out= 999.9953m  66:nand_out= 999.9899m
 + 67:nor_out = 999.9661m  68:nand_out= 999.9899m  69:nand_out= 999.9954m
 + 70:nor_out = 999.9661m  71:nand_out= 999.9895m  72:nand_out= 999.9954m
 + 73:nor_out = 999.9661m  74:nand_out= 999.9954m  75:nand_out= 999.9953m
 + 76:nor_out =  16.1763u  77:nand_out= 999.9953m  78:nand_out= 999.9954m
 + 79:nor_out = 999.9661m  80:nand_out= 999.9954m  81:nor_out =  16.1784u
 + 82:nand_out= 999.9954m  83:nor_out = 999.9661m  84:nand_out= 999.9954m
 + 85:nand_out= 999.9895m  86:nor_out = 999.9661m  87:nand_out= 999.9954m
 + 88:nand_out= 999.9954m  89:nor_out = 999.9661m  90:nand_out= 999.9954m
 + 91:nand_out= 999.9954m  92:nor_out = 999.9661m  93:nand_out= 999.9954m
 + 94:nand_out= 999.9954m  95:nor_out =  16.1758u  96:nand_out= 999.9954m
 + 97:nand_out= 999.9954m  98:nor_out = 999.9661m  99:nand_out= 999.9954m
 +100:nor_out = 999.9661m 101:nand_out= 999.9895m 102:nor_out = 999.9661m
 +103:nand_out= 999.9954m 104:nor_out = 999.9661m 105:nand_out= 999.9954m
 +106:nor_out =  16.1772u 107:nand_out= 999.9954m 108:nor_out =  16.1772u
 +109:abar    =  16.0040u 109:bbar    =   2.4318m 109:net1    = 124.1074m
 +109:net2    =   1.0000  109:net3    =   2.4405m 109:net4    =   1.1938m
 +110:abar    = 999.9935m 110:bbar    =  16.1224u 110:net1    = 999.9856m
 +110:net2    = 999.9874m 110:net3    =   3.9951u 110:net4    = 859.0123m
 +111:abar    = 999.9882m 111:bbar    = 999.9895m 111:net1    = 999.9789m
 +111:net2    = 121.9136m 111:net3    =  30.6856u 111:net4    =  27.9367u
 +112:abar    = 999.9935m 112:bbar    =  16.1224u 112:net1    = 999.9856m
 +112:net2    = 999.9874m 112:net3    =   3.9952u 112:net4    = 859.0123m
 +113:abar    =  16.1941u 113:bbar    = 999.9899m 113:net1    = 999.9874m
 +113:net2    = 999.9857m 113:net3    = 858.9855m 113:net4    =   3.9901u
 +114:abar    = 999.9896m 114:bbar    = 999.9895m 114:net1    = 999.9790m
 +114:net2    = 121.9124m 114:net3    =  26.8010u 114:net4    =  27.9364u
 +115:abar    = 999.9896m 115:bbar    = 999.9895m 115:net1    = 999.9790m
 +115:net2    = 121.9124m 115:net3    =  26.8010u 115:net4    =  27.9364u
 +116:abar    = 999.9882m 116:bbar    = 999.9895m 116:net1    = 999.9789m
 +116:net2    = 121.9136m 116:net3    =  30.6846u 116:net4    =  27.9367u
 +119:net1    =   2.3871m 123:net1    =  32.6326m 127:net1    =   7.1458m
 +131:net1    =  32.6326m 135:net1    =   2.3871m 139:net1    =  32.6326m
 +143:net1    =  32.6326m 147:net1    =   7.1458m 149:net1    =   2.4425m
 +151:net1    = 121.9147m 153:net1    =  32.6654m 155:net1    = 999.9813m
 +157:net1    =   3.9951u 159:net1    =  38.3670m 161:net1    = 999.9790m
 +163:net1    =  38.3301m 165:net1    =   3.9952u 167:net1    = 999.9813m
 +169:net1    =  27.5438m 171:net1    = 858.9862m 173:net1    = 999.9813m
 +175:net1    = 858.9398m 177:net1    =  32.6663m 179:net1    = 999.9813m
 +181:net1    =   3.9951u 183:net1    =  32.6663m 185:net1    = 999.9813m
 +187:net1    =  32.6330m 189:net1    =  38.3653m 191:net1    = 999.9790m
 +193:net1    =  38.3287m 195:net1    =  32.6315m 197:net1    = 999.9813m
 +199:net1    =  32.6301m 201:net1    = 999.9790m 203:net1    =  32.6315m
 +205:net1    = 999.9813m 207:net1    =  32.6341m 209:net1    =   3.9905u
 +211:net1    = 999.9813m 213:net1    =  32.6341m 215:net1    =  32.6341m
 +217:net1    = 999.9813m 219:net1    =  32.6327m 221:net1    =  32.6328m
 +223:net1    = 999.9813m 225:net1    =  32.6314m 227:net1    =  32.6328m
 +229:net1    = 999.9790m 231:net1    =  32.6314m 233:net1    =  32.6302m
 +235:net1    = 999.9813m 237:net1    =  32.6289m 239:net1    = 999.9813m
 +241:net1    =   3.9901u 243:net1    = 999.9813m 245:net1    =  32.6314m
 +247:net1    = 999.9813m 249:net1    =  32.6315m 251:net1    = 999.9790m
 +253:net1    =  32.6315m 255:net1    = 999.9790m

 ******
 * 8-bit kogge-stone adder

 ****** transient analysis tnom=  25.000 temp=  55.000 ******
 tpd_max_cout=   2.4521n  targ=   3.5597n   trig=   1.1076n
 tpd_max_s8= 344.0946p  targ=   1.4517n   trig=   1.1076n
 power_avg= -96.7112u  from=   0.             to= 200.0000n
 **info** dc convergence successful at Newton-Raphson method 
 ******  
 * 8-bit kogge-stone adder

 ****** operating point information tnom=  25.000 temp=  60.000 ******
 ****** operating point status is voltage   simulation time is     0.     
      node    =voltage        node    =voltage        node    =voltage

 +  0:a1      =   0.        0:a2      =   0.        0:a3      =   3.3000 
 +  0:a4      =   0.        0:a5      =   0.        0:a6      =   0.     
 +  0:a7      =   0.        0:a8      =   3.3000    0:b1      =   3.3000 
 +  0:b2      =   0.        0:b3      =   3.3000    0:b4      =   0.     
 +  0:b5      =   3.3000    0:b6      =   0.        0:b7      =   0.     
 +  0:b8      =   3.3000    0:cin     =   3.3000    0:cout    = 999.9926m
 +  0:s1      =   2.5378m   0:s2      = 999.9711m   0:s3      =  63.0770u
 +  0:s4      = 999.9711m   0:s5      = 999.9711m   0:s6      =  63.0762u
 +  0:s7      =  63.0762u   0:s8      =  63.0770u   0:vdd     =   1.0000 
 +  0:vss     =   0.        1:c1      = 999.9849m   1:c2      =  18.6910u
 +  1:c3      = 999.9849m   1:c4      =  21.1048u   1:c5      =  18.6910u
 +  1:c6      =  18.6910u   1:c7      =  18.6910u   1:c8      = 999.9926m
 +  1:g1      =  23.0519u   1:g2      =  20.9574u   1:g2_1    =  25.5426u
 +  1:g3      = 999.9832m   1:g3_2    = 999.9812m   1:g4      =  21.0908u
 +  1:g4_1    =  20.9713u   1:g4_3    =  20.9713u   1:g5      =  20.9591u
 +  1:g5_2    =  23.2570u   1:g5_4    =  20.9713u   1:g6      =  20.9574u
 +  1:g6_3    =  18.6856u   1:g6_5    =  20.9713u   1:g7      =  20.9574u
 +  1:g7_4    =  18.6856u   1:g7_6    =  18.6856u   1:g8      = 999.9868m
 +  1:g8_5    = 999.9845m   1:g8_7    = 999.9885m   1:p1      = 999.9441m
 +  1:p2      =  87.5146u   1:p2_1    =  20.9606u   1:p3      =   9.5605m
 +  1:p3_2    =  20.9578u   1:p4      =  87.7811u   1:p4_1    =  18.6722u
 +  1:p4_3    =  23.4419u   1:p5      = 999.9599m   1:p5_2    =  18.6722u
 +  1:p5_4    =  23.4443u   1:p6      =  87.1176u   1:p6_3    =  18.6719u
 +  1:p6_5    =  23.4447u   1:p7      =  87.1181u   1:p7_4    =  18.6722u
 +  1:p7_6    =  21.1563u   1:p8      =   9.5579m   1:p8_5    =  21.1563u
 +  1:p8_7    =  21.1563u  10:and_out = 999.9882m  11:and_out =  18.6719u
 + 12:and_out =  18.4734u  13:and_out =  18.6747u  14:and_out =  18.6745u
 + 15:and_out =  18.6719u  16:and_out =  18.6719u  17:and_out =  18.4734u
 + 18:and_out =  18.6719u  19:and_out =  18.4734u  20:and_out =  18.6719u
 + 21:and_out =  18.6747u  22:and_out =  18.6719u  23:and_out =  18.6719u
 + 24:and_out =  18.4734u  25:and_out =  18.6719u  26:and_out =  18.6719u
 + 27:and_out =  18.6747u  28:and_out =  18.6719u  29:and_out =  18.4734u
 + 30:and_out =  18.4734u  39:abar    = 999.9926m  39:bbar    =   2.4374m
 + 39:net1    = 999.9703m  39:net2    =   1.0044   39:net3    =   2.3920m
 + 39:net4    = 856.6564m  40:nand_out= 999.9909m  41:abar    = 999.9886m
 + 41:bbar    = 999.9885m  41:net1    = 999.9754m  41:net2    = 122.3020m
 + 41:net3    =  43.7186u  41:net4    =  44.9285u  42:nand_out= 999.9952m
 + 43:abar    =   2.4374m  43:bbar    =   2.4360m  43:net1    = 159.3855m
 + 43:net2    =   1.0000   43:net3    =   7.1441m  43:net4    =   4.4091m
 + 44:nand_out=   9.5891m  45:abar    = 999.9886m  45:bbar    = 999.9885m
 + 45:net1    = 999.9754m  45:net2    = 122.3020m  45:net3    =  43.8517u
 + 45:net4    =  45.0618u  46:nand_out= 999.9952m  47:abar    = 999.9926m
 + 47:bbar    =   2.4374m  47:net1    = 999.9782m  47:net2    =   1.0044 
 + 47:net3    =   2.3920m  47:net4    = 856.6571m  48:nand_out= 999.9909m
 + 49:abar    = 999.9886m  49:bbar    = 999.9885m  49:net1    = 999.9754m
 + 49:net2    = 122.3020m  49:net3    =  43.5204u  49:net4    =  44.7300u
 + 50:nand_out= 999.9952m  51:abar    = 999.9886m  51:bbar    = 999.9885m
 + 51:net1    = 999.9754m  51:net2    = 122.3020m  51:net3    =  43.5207u
 + 51:net4    =  44.7303u  52:nand_out= 999.9952m  53:abar    =   2.4374m
 + 53:bbar    =   2.4360m  53:net1    = 159.3854m  53:net2    =   1.0000 
 + 53:net3    =   7.1428m  53:net4    =   4.4080m  54:nand_out=   9.5891m
 + 55:nand_out=   2.5432m  56:nor_out =  17.8431u  57:nand_out= 999.9952m
 + 58:nor_out = 999.9621m  59:nand_out= 999.9885m  60:nand_out= 999.9951m
 + 61:nor_out =  18.6644u  62:nand_out= 999.9951m  63:nand_out= 999.9885m
 + 64:nor_out = 999.9621m  65:nand_out= 999.9950m  66:nand_out= 999.9890m
 + 67:nor_out = 999.9621m  68:nand_out= 999.9889m  69:nand_out= 999.9952m
 + 70:nor_out = 999.9621m  71:nand_out= 999.9885m  72:nand_out= 999.9952m
 + 73:nor_out = 999.9621m  74:nand_out= 999.9952m  75:nand_out= 999.9951m
 + 76:nor_out =  18.6629u  77:nand_out= 999.9951m  78:nand_out= 999.9952m
 + 79:nor_out = 999.9621m  80:nand_out= 999.9952m  81:nor_out =  18.6652u
 + 82:nand_out= 999.9952m  83:nor_out = 999.9621m  84:nand_out= 999.9952m
 + 85:nand_out= 999.9885m  86:nor_out = 999.9621m  87:nand_out= 999.9952m
 + 88:nand_out= 999.9952m  89:nor_out = 999.9621m  90:nand_out= 999.9952m
 + 91:nand_out= 999.9952m  92:nor_out = 999.9621m  93:nand_out= 999.9952m
 + 94:nand_out= 999.9952m  95:nor_out =  18.6622u  96:nand_out= 999.9952m
 + 97:nand_out= 999.9952m  98:nor_out = 999.9621m  99:nand_out= 999.9952m
 +100:nor_out = 999.9621m 101:nand_out= 999.9885m 102:nor_out = 999.9621m
 +103:nand_out= 999.9952m 104:nor_out = 999.9621m 105:nand_out= 999.9952m
 +106:nor_out =  18.6639u 107:nand_out= 999.9952m 108:nor_out =  18.6639u
 +109:abar    =  18.4949u 109:bbar    =   2.4360m 109:net1    = 124.5153m
 +109:net2    =   1.0000  109:net3    =   2.4459m 109:net4    =   1.1990m
 +110:abar    = 999.9925m 110:bbar    =  18.6113u 110:net1    = 999.9838m
 +110:net2    = 999.9855m 110:net3    =   4.6346u 110:net4    = 858.5728m
 +111:abar    = 999.9869m 111:bbar    = 999.9885m 111:net1    = 999.9752m
 +111:net2    = 122.3183m 111:net3    =  35.9732u 111:net4    =  32.7103u
 +112:abar    = 999.9925m 112:bbar    =  18.6113u 112:net1    = 999.9838m
 +112:net2    = 999.9855m 112:net3    =   4.6347u 112:net4    = 858.5728m
 +113:abar    =  18.6867u 113:bbar    = 999.9889m 113:net1    = 999.9856m
 +113:net2    = 999.9838m 113:net3    = 858.5435m 113:net4    =   4.6279u
 +114:abar    = 999.9886m 114:bbar    = 999.9885m 114:net1    = 999.9754m
 +114:net2    = 122.3169m 114:net3    =  31.5509u 114:net4    =  32.7099u
 +115:abar    = 999.9886m 115:bbar    = 999.9885m 115:net1    = 999.9754m
 +115:net2    = 122.3169m 115:net3    =  31.5509u 115:net4    =  32.7099u
 +116:abar    = 999.9869m 116:bbar    = 999.9885m 116:net1    = 999.9752m
 +116:net2    = 122.3183m 116:net3    =  35.9720u 116:net4    =  32.7103u
 +119:net1    =   2.3920m 123:net1    =  32.9791m 127:net1    =   7.1583m
 +131:net1    =  32.9791m 135:net1    =   2.3920m 139:net1    =  32.9791m
 +143:net1    =  32.9791m 147:net1    =   7.1583m 149:net1    =   2.4479m
 +151:net1    = 122.3190m 153:net1    =  33.0161m 155:net1    = 999.9793m
 +157:net1    =   4.6346u 159:net1    =  38.7018m 161:net1    = 999.9753m
 +163:net1    =  38.6604m 165:net1    =   4.6347u 167:net1    = 999.9793m
 +169:net1    =  27.9021m 171:net1    = 858.5443m 173:net1    = 999.9793m
 +175:net1    = 858.4916m 177:net1    =  33.0171m 179:net1    = 999.9793m
 +181:net1    =   4.6346u 183:net1    =  33.0171m 185:net1    = 999.9793m
 +187:net1    =  32.9796m 189:net1    =  38.7001m 191:net1    = 999.9754m
 +193:net1    =  38.6590m 195:net1    =  32.9781m 197:net1    = 999.9793m
 +199:net1    =  32.9767m 201:net1    = 999.9753m 203:net1    =  32.9781m
 +205:net1    = 999.9793m 207:net1    =  32.9807m 209:net1    =   4.6284u
 +211:net1    = 999.9793m 213:net1    =  32.9807m 215:net1    =  32.9807m
 +217:net1    = 999.9793m 219:net1    =  32.9793m 221:net1    =  32.9794m
 +223:net1    = 999.9793m 225:net1    =  32.9780m 227:net1    =  32.9794m
 +229:net1    = 999.9754m 231:net1    =  32.9780m 233:net1    =  32.9768m
 +235:net1    = 999.9793m 237:net1    =  32.9754m 239:net1    = 999.9793m
 +241:net1    =   4.6279u 243:net1    = 999.9793m 245:net1    =  32.9780m
 +247:net1    = 999.9793m 249:net1    =  32.9781m 251:net1    = 999.9753m
 +253:net1    =  32.9781m 255:net1    = 999.9753m

 ******
 * 8-bit kogge-stone adder

 ****** transient analysis tnom=  25.000 temp=  60.000 ******
 tpd_max_cout=   2.4539n  targ=   3.5614n   trig=   1.1076n
 tpd_max_s8= 346.5271p  targ=   1.4541n   trig=   1.1076n
 power_avg= -97.2387u  from=   0.             to= 200.0000n
 **info** dc convergence successful at Newton-Raphson method 
 ******  
 * 8-bit kogge-stone adder

 ****** operating point information tnom=  25.000 temp=  65.000 ******
 ****** operating point status is voltage   simulation time is     0.     
      node    =voltage        node    =voltage        node    =voltage

 +  0:a1      =   0.        0:a2      =   0.        0:a3      =   3.3000 
 +  0:a4      =   0.        0:a5      =   0.        0:a6      =   0.     
 +  0:a7      =   0.        0:a8      =   3.3000    0:b1      =   3.3000 
 +  0:b2      =   0.        0:b3      =   3.3000    0:b4      =   0.     
 +  0:b5      =   3.3000    0:b6      =   0.        0:b7      =   0.     
 +  0:b8      =   3.3000    0:cin     =   3.3000    0:cout    = 999.9914m
 +  0:s1      =   2.5456m   0:s2      = 999.9667m   0:s3      =  74.0510u
 +  0:s4      = 999.9667m   0:s5      = 999.9668m   0:s6      =  74.0499u
 +  0:s7      =  74.0499u   0:s8      =  74.0510u   0:vdd     =   1.0000 
 +  0:vss     =   0.        1:c1      = 999.9836m   1:c2      =  21.5650u
 +  1:c3      = 999.9836m   1:c4      =  24.0312u   1:c5      =  21.5650u
 +  1:c6      =  21.5650u   1:c7      =  21.5650u   1:c8      = 999.9914m
 +  1:g1      =  26.0210u   1:g2      =  23.8776u   1:g2_1    =  28.5690u
 +  1:g3      = 999.9816m   1:g3_2    = 999.9799m   1:g4      =  24.0127u
 +  1:g4_1    =  23.8960u   1:g4_3    =  23.8960u   1:g5      =  23.8801u
 +  1:g5_2    =  26.2325u   1:g5_4    =  23.8960u   1:g6      =  23.8776u
 +  1:g6_3    =  21.5594u   1:g6_5    =  23.8960u   1:g7      =  23.8776u
 +  1:g7_4    =  21.5594u   1:g7_6    =  21.5594u   1:g8      = 999.9853m
 +  1:g8_5    = 999.9832m   1:g8_7    = 999.9873m   1:p1      = 999.9393m
 +  1:p2      =  99.0184u   1:p2_1    =  23.8818u   1:p3      =   9.5718m
 +  1:p3_2    =  23.8781u   1:p4      =  99.2883u   1:p4_1    =  21.5416u
 +  1:p4_3    =  26.4159u   1:p5      = 999.9554m   1:p5_2    =  21.5416u
 +  1:p5_4    =  26.4190u   1:p6      =  98.6157u   1:p6_3    =  21.5413u
 +  1:p6_5    =  26.4195u   1:p7      =  98.6163u   1:p7_4    =  21.5416u
 +  1:p7_6    =  24.0793u   1:p8      =   9.5692m   1:p8_5    =  24.0793u
 +  1:p8_7    =  24.0794u  10:and_out = 999.9870m  11:and_out =  21.5413u
 + 12:and_out =  21.3400u  13:and_out =  21.5450u  14:and_out =  21.5448u
 + 15:and_out =  21.5413u  16:and_out =  21.5413u  17:and_out =  21.3400u
 + 18:and_out =  21.5413u  19:and_out =  21.3400u  20:and_out =  21.5413u
 + 21:and_out =  21.5450u  22:and_out =  21.5413u  23:and_out =  21.5413u
 + 24:and_out =  21.3400u  25:and_out =  21.5413u  26:and_out =  21.5413u
 + 27:and_out =  21.5450u  28:and_out =  21.5413u  29:and_out =  21.3400u
 + 30:and_out =  21.3400u  39:abar    = 999.9914m  39:bbar    =   2.4401m
 + 39:net1    = 999.9679m  39:net2    =   1.0038   39:net3    =   2.3953m
 + 39:net4    = 856.1649m  40:nand_out= 999.9899m  41:abar    = 999.9874m
 + 41:bbar    = 999.9873m  41:net1    = 999.9711m  41:net2    = 122.7221m
 + 41:net3    =  49.4625u  41:net4    =  50.7068u  42:nand_out= 999.9949m
 + 43:abar    =   2.4400m  43:bbar    =   2.4386m  43:net1    = 155.6851m
 + 43:net2    =   1.0000   43:net3    =   7.1527m  43:net4    =   4.4198m
 + 44:nand_out=   9.5994m  45:abar    = 999.9874m  45:bbar    = 999.9873m
 + 45:net1    = 999.9711m  45:net2    = 122.7221m  45:net3    =  49.5972u
 + 45:net4    =  50.8418u  46:nand_out= 999.9949m  47:abar    = 999.9914m
 + 47:bbar    =   2.4401m  47:net1    = 999.9759m  47:net2    =   1.0038 
 + 47:net3    =   2.3953m  47:net4    = 856.1656m  48:nand_out= 999.9899m
 + 49:abar    = 999.9874m  49:bbar    = 999.9873m  49:net1    = 999.9711m
 + 49:net2    = 122.7221m  49:net3    =  49.2615u  49:net4    =  50.5055u
 + 50:nand_out= 999.9949m  51:abar    = 999.9874m  51:bbar    = 999.9873m
 + 51:net1    = 999.9711m  51:net2    = 122.7221m  51:net3    =  49.2618u
 + 51:net4    =  50.5058u  52:nand_out= 999.9949m  53:abar    =   2.4400m
 + 53:bbar    =   2.4386m  53:net1    = 155.6851m  53:net2    =   1.0000 
 + 53:net3    =   7.1514m  53:net4    =   4.4186m  54:nand_out=   9.5994m
 + 55:nand_out=   2.5512m  56:nor_out =  20.5713u  57:nand_out= 999.9949m
 + 58:nor_out = 999.9575m  59:nand_out= 999.9873m  60:nand_out= 999.9948m
 + 61:nor_out =  21.5307u  62:nand_out= 999.9948m  63:nand_out= 999.9873m
 + 64:nor_out = 999.9575m  65:nand_out= 999.9947m  66:nand_out= 999.9878m
 + 67:nor_out = 999.9575m  68:nand_out= 999.9878m  69:nand_out= 999.9949m
 + 70:nor_out = 999.9575m  71:nand_out= 999.9873m  72:nand_out= 999.9949m
 + 73:nor_out = 999.9575m  74:nand_out= 999.9949m  75:nand_out= 999.9948m
 + 76:nor_out =  21.5288u  77:nand_out= 999.9948m  78:nand_out= 999.9949m
 + 79:nor_out = 999.9575m  80:nand_out= 999.9949m  81:nor_out =  21.5315u
 + 82:nand_out= 999.9949m  83:nor_out = 999.9575m  84:nand_out= 999.9949m
 + 85:nand_out= 999.9873m  86:nor_out = 999.9575m  87:nand_out= 999.9949m
 + 88:nand_out= 999.9949m  89:nor_out = 999.9575m  90:nand_out= 999.9949m
 + 91:nand_out= 999.9949m  92:nor_out = 999.9575m  93:nand_out= 999.9949m
 + 94:nand_out= 999.9949m  95:nor_out =  21.5279u  96:nand_out= 999.9949m
 + 97:nand_out= 999.9949m  98:nor_out = 999.9575m  99:nand_out= 999.9949m
 +100:nor_out = 999.9575m 101:nand_out= 999.9873m 102:nor_out = 999.9575m
 +103:nand_out= 999.9949m 104:nor_out = 999.9575m 105:nand_out= 999.9949m
 +106:nor_out =  21.5299u 107:nand_out= 999.9949m 108:nor_out =  21.5299u
 +109:abar    =  21.3673u 109:bbar    =   2.4386m 109:net1    = 124.9398m
 +109:net2    =   1.0000  109:net3    =   2.4499m 109:net4    =   1.2037m
 +110:abar    = 999.9914m 110:bbar    =  21.4808u 110:net1    = 999.9816m
 +110:net2    = 999.9834m 110:net3    =   5.3831u 110:net4    = 858.0937m
 +111:abar    = 999.9854m 111:bbar    = 999.9873m 111:net1    = 999.9710m
 +111:net2    = 122.7410m 111:net3    =  42.0831u 111:net4    =  38.2237u
 +112:abar    = 999.9914m 112:bbar    =  21.4808u 112:net1    = 999.9816m
 +112:net2    = 999.9834m 112:net3    =   5.3831u 112:net4    = 858.0937m
 +113:abar    =  21.5607u 113:bbar    = 999.9877m 113:net1    = 999.9834m
 +113:net2    = 999.9816m 113:net3    = 858.0615m 113:net4    =   5.3741u
 +114:abar    = 999.9874m 114:bbar    = 999.9873m 114:net1    = 999.9711m
 +114:net2    = 122.7394m 114:net3    =  37.0409u 114:net4    =  38.2232u
 +115:abar    = 999.9874m 115:bbar    = 999.9873m 115:net1    = 999.9711m
 +115:net2    = 122.7394m 115:net3    =  37.0409u 115:net4    =  38.2232u
 +116:abar    = 999.9854m 116:bbar    = 999.9873m 116:net1    = 999.9710m
 +116:net2    = 122.7410m 116:net3    =  42.0818u 116:net4    =  38.2237u
 +119:net1    =   2.3953m 123:net1    =  33.3262m 127:net1    =   7.1664m
 +131:net1    =  33.3262m 135:net1    =   2.3953m 139:net1    =  33.3262m
 +143:net1    =  33.3262m 147:net1    =   7.1664m 149:net1    =   2.4520m
 +151:net1    = 122.7412m 153:net1    =  33.3679m 155:net1    = 999.9770m
 +157:net1    =   5.3831u 159:net1    =  39.0333m 161:net1    = 999.9711m
 +163:net1    =  38.9868m 165:net1    =   5.3832u 167:net1    = 999.9770m
 +169:net1    =  28.2648m 171:net1    = 858.0625m 173:net1    = 999.9770m
 +175:net1    = 858.0026m 177:net1    =  33.3689m 179:net1    = 999.9770m
 +181:net1    =   5.3831u 183:net1    =  33.3689m 185:net1    = 999.9770m
 +187:net1    =  33.3268m 189:net1    =  39.0317m 191:net1    = 999.9711m
 +193:net1    =  38.9854m 195:net1    =  33.3252m 197:net1    = 999.9770m
 +199:net1    =  33.3237m 201:net1    = 999.9711m 203:net1    =  33.3252m
 +205:net1    = 999.9770m 207:net1    =  33.3278m 209:net1    =   5.3747u
 +211:net1    = 999.9770m 213:net1    =  33.3278m 215:net1    =  33.3278m
 +217:net1    = 999.9770m 219:net1    =  33.3264m 221:net1    =  33.3265m
 +223:net1    = 999.9770m 225:net1    =  33.3250m 227:net1    =  33.3265m
 +229:net1    = 999.9711m 231:net1    =  33.3250m 233:net1    =  33.3238m
 +235:net1    = 999.9770m 237:net1    =  33.3224m 239:net1    = 999.9770m
 +241:net1    =   5.3741u 243:net1    = 999.9770m 245:net1    =  33.3250m
 +247:net1    = 999.9770m 249:net1    =  33.3252m 251:net1    = 999.9711m
 +253:net1    =  33.3252m 255:net1    = 999.9711m

 ******
 * 8-bit kogge-stone adder

 ****** transient analysis tnom=  25.000 temp=  65.000 ******
 tpd_max_cout=   2.4554n  targ=   3.5630n   trig=   1.1076n
 tpd_max_s8= 348.9344p  targ=   1.4565n   trig=   1.1076n
 power_avg= -97.7513u  from=   0.             to= 200.0000n
 **info** dc convergence successful at Newton-Raphson method 
 ******  
 * 8-bit kogge-stone adder

 ****** operating point information tnom=  25.000 temp=  70.000 ******
 ****** operating point status is voltage   simulation time is     0.     
      node    =voltage        node    =voltage        node    =voltage

 +  0:a1      =   0.        0:a2      =   0.        0:a3      =   3.3000 
 +  0:a4      =   0.        0:a5      =   0.        0:a6      =   0.     
 +  0:a7      =   0.        0:a8      =   3.3000    0:b1      =   3.3000 
 +  0:b2      =   0.        0:b3      =   3.3000    0:b4      =   0.     
 +  0:b5      =   3.3000    0:b6      =   0.        0:b7      =   0.     
 +  0:b8      =   3.3000    0:cin     =   3.3000    0:cout    = 999.9901m
 +  0:s1      =   2.5523m   0:s2      = 999.9617m   0:s3      =  86.6802u
 +  0:s4      = 999.9617m   0:s5      = 999.9618m   0:s6      =  86.6787u
 +  0:s7      =  86.6787u   0:s8      =  86.6802u   0:vdd     =   1.0000 
 +  0:vss     =   0.        1:c1      = 999.9822m   1:c2      =  24.8660u
 +  1:c3      = 999.9822m   1:c4      =  27.3855u   1:c5      =  24.8660u
 +  1:c6      =  24.8660u   1:c7      =  24.8660u   1:c8      = 999.9901m
 +  1:g1      =  29.4178u   1:g2      =  27.2244u   1:g2_1    =  32.0251u
 +  1:g3      = 999.9798m   1:g3_2    = 999.9784m   1:g4      =  27.3611u
 +  1:g4_1    =  27.2486u   1:g4_3    =  27.2486u   1:g5      =  27.2277u
 +  1:g5_2    =  29.6369u   1:g5_4    =  27.2486u   1:g6      =  27.2243u
 +  1:g6_3    =  24.8603u   1:g6_5    =  27.2486u   1:g7      =  27.2244u
 +  1:g7_4    =  24.8603u   1:g7_6    =  24.8603u   1:g8      = 999.9836m
 +  1:g8_5    = 999.9818m   1:g8_7    = 999.9860m   1:p1      = 999.9338m
 +  1:p2      = 112.1864u   1:p2_1    =  27.2298u   1:p3      =   9.5771m
 +  1:p3_2    =  27.2248u   1:p4      = 112.4597u   1:p4_1    =  24.8366u
 +  1:p4_3    =  29.8172u   1:p5      = 999.9501m   1:p5_2    =  24.8366u
 +  1:p5_4    =  29.8215u   1:p6      = 111.7781u   1:p6_3    =  24.8363u
 +  1:p6_5    =  29.8221u   1:p7      = 111.7787u   1:p7_4    =  24.8366u
 +  1:p7_6    =  27.4289u   1:p8      =   9.5745m   1:p8_5    =  27.4289u
 +  1:p8_7    =  27.4290u  10:and_out = 999.9855m  11:and_out =  24.8363u
 + 12:and_out =  24.6322u  13:and_out =  24.8412u  14:and_out =  24.8409u
 + 15:and_out =  24.8363u  16:and_out =  24.8363u  17:and_out =  24.6322u
 + 18:and_out =  24.8363u  19:and_out =  24.6322u  20:and_out =  24.8363u
 + 21:and_out =  24.8412u  22:and_out =  24.8363u  23:and_out =  24.8363u
 + 24:and_out =  24.6322u  25:and_out =  24.8363u  26:and_out =  24.8363u
 + 27:and_out =  24.8412u  28:and_out =  24.8363u  29:and_out =  24.6322u
 + 30:and_out =  24.6322u  39:abar    = 999.9901m  39:bbar    =   2.4411m
 + 39:net1    = 999.9651m  39:net2    =   1.0033   39:net3    =   2.3972m
 + 39:net4    = 855.6446m  40:nand_out= 999.9886m  41:abar    = 999.9861m
 + 41:bbar    = 999.9860m  41:net1    = 999.9663m  41:net2    = 123.1583m
 + 41:net3    =  56.0361u  41:net4    =  57.3176u  42:nand_out= 999.9946m
 + 43:abar    =   2.4410m  43:bbar    =   2.4397m  43:net1    = 152.0098m
 + 43:net2    =   1.0000   43:net3    =   7.1568m  43:net4    =   4.4277m
 + 44:nand_out=   9.6036m  45:abar    = 999.9861m  45:bbar    = 999.9860m
 + 45:net1    = 999.9663m  45:net2    = 123.1583m  45:net3    =  56.1725u
 + 45:net4    =  57.4542u  46:nand_out= 999.9946m  47:abar    = 999.9901m
 + 47:bbar    =   2.4411m  47:net1    = 999.9733m  47:net2    =   1.0033 
 + 47:net3    =   2.3972m  47:net4    = 855.6454m  48:nand_out= 999.9886m
 + 49:abar    = 999.9861m  49:bbar    = 999.9860m  49:net1    = 999.9663m
 + 49:net2    = 123.1583m  49:net3    =  55.8323u  49:net4    =  57.1135u
 + 50:nand_out= 999.9946m  51:abar    = 999.9861m  51:bbar    = 999.9860m
 + 51:net1    = 999.9663m  51:net2    = 123.1583m  51:net3    =  55.8326u
 + 51:net4    =  57.1138u  52:nand_out= 999.9946m  53:abar    =   2.4410m
 + 53:bbar    =   2.4397m  53:net1    = 152.0097m  53:net2    =   1.0000 
 + 53:net3    =   7.1554m  53:net4    =   4.4266m  54:nand_out=   9.6036m
 + 55:nand_out=   2.5583m  56:nor_out =  23.7044u  57:nand_out= 999.9946m
 + 58:nor_out = 999.9522m  59:nand_out= 999.9860m  60:nand_out= 999.9945m
 + 61:nor_out =  24.8215u  62:nand_out= 999.9945m  63:nand_out= 999.9860m
 + 64:nor_out = 999.9522m  65:nand_out= 999.9944m  66:nand_out= 999.9866m
 + 67:nor_out = 999.9522m  68:nand_out= 999.9865m  69:nand_out= 999.9946m
 + 70:nor_out = 999.9522m  71:nand_out= 999.9860m  72:nand_out= 999.9946m
 + 73:nor_out = 999.9522m  74:nand_out= 999.9946m  75:nand_out= 999.9945m
 + 76:nor_out =  24.8193u  77:nand_out= 999.9945m  78:nand_out= 999.9946m
 + 79:nor_out = 999.9522m  80:nand_out= 999.9946m  81:nor_out =  24.8222u
 + 82:nand_out= 999.9946m  83:nor_out = 999.9522m  84:nand_out= 999.9946m
 + 85:nand_out= 999.9860m  86:nor_out = 999.9522m  87:nand_out= 999.9946m
 + 88:nand_out= 999.9946m  89:nor_out = 999.9522m  90:nand_out= 999.9946m
 + 91:nand_out= 999.9946m  92:nor_out = 999.9522m  93:nand_out= 999.9946m
 + 94:nand_out= 999.9946m  95:nor_out =  24.8180u  96:nand_out= 999.9946m
 + 97:nand_out= 999.9946m  98:nor_out = 999.9522m  99:nand_out= 999.9946m
 +100:nor_out = 999.9522m 101:nand_out= 999.9860m 102:nor_out = 999.9522m
 +103:nand_out= 999.9946m 104:nor_out = 999.9522m 105:nand_out= 999.9946m
 +106:nor_out =  24.8203u 107:nand_out= 999.9946m 108:nor_out =  24.8203u
 +109:abar    =  24.6669u 109:bbar    =   2.4397m 109:net1    = 125.3793m
 +109:net2    =   1.0000  109:net3    =   2.4524m 109:net4    =   1.2080m
 +110:abar    = 999.9901m 110:bbar    =  24.7762u 110:net1    = 999.9790m
 +110:net2    = 999.9809m 110:net3    =   6.2555u 110:net4    = 857.5818m
 +111:abar    = 999.9837m 111:bbar    = 999.9860m 111:net1    = 999.9661m
 +111:net2    = 123.1803m 111:net3    =  49.1080u 111:net4    =  44.5652u
 +112:abar    = 999.9901m 112:bbar    =  24.7762u 112:net1    = 999.9790m
 +112:net2    = 999.9809m 112:net3    =   6.2555u 112:net4    = 857.5818m
 +113:abar    =  24.8617u 113:bbar    = 999.9864m 113:net1    = 999.9809m
 +113:net2    = 999.9790m 113:net3    = 857.5462m 113:net4    =   6.2435u
 +114:abar    = 999.9861m 114:bbar    = 999.9860m 114:net1    = 999.9663m
 +114:net2    = 123.1783m 114:net3    =  43.3593u 114:net4    =  44.5645u
 +115:abar    = 999.9861m 115:bbar    = 999.9860m 115:net1    = 999.9663m
 +115:net2    = 123.1783m 115:net3    =  43.3593u 115:net4    =  44.5645u
 +116:abar    = 999.9837m 116:bbar    = 999.9860m 116:net1    = 999.9661m
 +116:net2    = 123.1803m 116:net3    =  49.1064u 116:net4    =  44.5652u
 +119:net1    =   2.3972m 123:net1    =  33.6739m 127:net1    =   7.1700m
 +131:net1    =  33.6739m 135:net1    =   2.3972m 139:net1    =  33.6739m
 +143:net1    =  33.6739m 147:net1    =   7.1700m 149:net1    =   2.4546m
 +151:net1    = 123.1799m 153:net1    =  33.7211m 155:net1    = 999.9743m
 +157:net1    =   6.2556u 159:net1    =  39.3617m 161:net1    = 999.9663m
 +163:net1    =  39.3093m 165:net1    =   6.2556u 167:net1    = 999.9743m
 +169:net1    =  28.6320m 171:net1    = 857.5474m 173:net1    = 999.9743m
 +175:net1    = 857.4793m 177:net1    =  33.7221m 179:net1    = 999.9743m
 +181:net1    =   6.2555u 183:net1    =  33.7221m 185:net1    = 999.9743m
 +187:net1    =  33.6746m 189:net1    =  39.3600m 191:net1    = 999.9663m
 +193:net1    =  39.3079m 195:net1    =  33.6729m 197:net1    = 999.9743m
 +199:net1    =  33.6714m 201:net1    = 999.9663m 203:net1    =  33.6729m
 +205:net1    = 999.9743m 207:net1    =  33.6756m 209:net1    =   6.2442u
 +211:net1    = 999.9743m 213:net1    =  33.6756m 215:net1    =  33.6756m
 +217:net1    = 999.9743m 219:net1    =  33.6741m 221:net1    =  33.6742m
 +223:net1    = 999.9743m 225:net1    =  33.6728m 227:net1    =  33.6742m
 +229:net1    = 999.9663m 231:net1    =  33.6728m 233:net1    =  33.6715m
 +235:net1    = 999.9743m 237:net1    =  33.6701m 239:net1    = 999.9743m
 +241:net1    =   6.2435u 243:net1    = 999.9743m 245:net1    =  33.6727m
 +247:net1    = 999.9743m 249:net1    =  33.6729m 251:net1    = 999.9663m
 +253:net1    =  33.6729m 255:net1    = 999.9663m

 ******
 * 8-bit kogge-stone adder

 ****** transient analysis tnom=  25.000 temp=  70.000 ******
 tpd_max_cout=   2.4563n  targ=   3.5638n   trig=   1.1076n
 tpd_max_s8= 351.1107p  targ=   1.4587n   trig=   1.1076n
 power_avg= -98.2899u  from=   0.             to= 200.0000n
 **info** dc convergence successful at Newton-Raphson method 
 ******  
 * 8-bit kogge-stone adder

 ****** operating point information tnom=  25.000 temp=  75.000 ******
 ****** operating point status is voltage   simulation time is     0.     
      node    =voltage        node    =voltage        node    =voltage

 +  0:a1      =   0.        0:a2      =   0.        0:a3      =   3.3000 
 +  0:a4      =   0.        0:a5      =   0.        0:a6      =   0.     
 +  0:a7      =   0.        0:a8      =   3.3000    0:b1      =   3.3000 
 +  0:b2      =   0.        0:b3      =   3.3000    0:b4      =   0.     
 +  0:b5      =   3.3000    0:b6      =   0.        0:b7      =   0.     
 +  0:b8      =   3.3000    0:cin     =   3.3000    0:cout    = 999.9887m
 +  0:s1      =   2.5581m   0:s2      = 999.9559m   0:s3      = 101.1551u
 +  0:s4      = 999.9559m   0:s5      = 999.9560m   0:s6      = 101.1532u
 +  0:s7      = 101.1532u   0:s8      = 101.1551u   0:vdd     =   1.0000 
 +  0:vss     =   0.        1:c1      = 999.9806m   1:c2      =  28.6434u
 +  1:c3      = 999.9806m   1:c4      =  31.2171u   1:c5      =  28.6434u
 +  1:c6      =  28.6434u   1:c7      =  28.6434u   1:c8      = 999.9887m
 +  1:g1      =  33.2913u   1:g2      =  31.0466u   1:g2_1    =  35.9604u
 +  1:g3      = 999.9778m   1:g3_2    = 999.9768m   1:g4      =  31.1850u
 +  1:g4_1    =  31.0785u   1:g4_3    =  31.0785u   1:g5      =  31.0513u
 +  1:g5_2    =  33.5195u   1:g5_4    =  31.0785u   1:g6      =  31.0465u
 +  1:g6_3    =  28.6375u   1:g6_5    =  31.0785u   1:g7      =  31.0466u
 +  1:g7_4    =  28.6375u   1:g7_6    =  28.6375u   1:g8      = 999.9817m
 +  1:g8_5    = 999.9802m   1:g8_7    = 999.9844m   1:p1      = 999.9276m
 +  1:p2      = 127.2092u   1:p2_1    =  31.0536u   1:p3      =   9.5762m
 +  1:p3_2    =  31.0471u   1:p4      = 127.4859u   1:p4_1    =  28.6062u
 +  1:p4_3    =  33.6951u   1:p5      = 999.9442m   1:p5_2    =  28.6062u
 +  1:p5_4    =  33.7008u   1:p6      = 126.7953u   1:p6_3    =  28.6059u
 +  1:p6_5    =  33.7015u   1:p7      = 126.7959u   1:p7_4    =  28.6062u
 +  1:p7_6    =  31.2541u   1:p8      =   9.5736m   1:p8_5    =  31.2541u
 +  1:p8_7    =  31.2541u  10:and_out = 999.9838m  11:and_out =  28.6059u
 + 12:and_out =  28.3990u  13:and_out =  28.6125u  14:and_out =  28.6120u
 + 15:and_out =  28.6059u  16:and_out =  28.6059u  17:and_out =  28.3990u
 + 18:and_out =  28.6059u  19:and_out =  28.3989u  20:and_out =  28.6059u
 + 21:and_out =  28.6124u  22:and_out =  28.6059u  23:and_out =  28.6059u
 + 24:and_out =  28.3989u  25:and_out =  28.6059u  26:and_out =  28.6059u
 + 27:and_out =  28.6124u  28:and_out =  28.6059u  29:and_out =  28.3989u
 + 30:and_out =  28.3989u  39:abar    = 999.9887m  39:bbar    =   2.4406m
 + 39:net1    = 999.9620m  39:net2    =   1.0029   39:net3    =   2.3976m
 + 39:net4    = 855.1006m  40:nand_out= 999.9872m  41:abar    = 999.9845m
 + 41:bbar    = 999.9844m  41:net1    = 999.9609m  41:net2    = 123.6096m
 + 41:net3    =  63.5341u  41:net4    =  64.8562u  42:nand_out= 999.9943m
 + 43:abar    =   2.4405m  43:bbar    =   2.4391m  43:net1    = 148.3598m
 + 43:net2    =   1.0000   43:net3    =   7.1562m  43:net4    =   4.4328m
 + 44:nand_out=   9.6017m  45:abar    = 999.9845m  45:bbar    = 999.9844m
 + 45:net1    = 999.9609m  45:net2    = 123.6096m  45:net3    =  63.6721u
 + 45:net4    =  64.9945u  46:nand_out= 999.9943m  47:abar    = 999.9887m
 + 47:bbar    =   2.4406m  47:net1    = 999.9703m  47:net2    =   1.0029 
 + 47:net3    =   2.3976m  47:net4    = 855.1014m  48:nand_out= 999.9872m
 + 49:abar    = 999.9845m  49:bbar    = 999.9844m  49:net1    = 999.9609m
 + 49:net2    = 123.6096m  49:net3    =  63.3276u  49:net4    =  64.6492u
 + 50:nand_out= 999.9943m  51:abar    = 999.9845m  51:bbar    = 999.9844m
 + 51:net1    = 999.9609m  51:net2    = 123.6096m  51:net3    =  63.3279u
 + 51:net4    =  64.6495u  52:nand_out= 999.9943m  53:abar    =   2.4405m
 + 53:bbar    =   2.4391m  53:net1    = 148.3597m  53:net2    =   1.0000 
 + 53:net3    =   7.1549m  53:net4    =   4.4317m  54:nand_out=   9.6017m
 + 55:nand_out=   2.5644m  56:nor_out =  27.2890u  57:nand_out= 999.9943m
 + 58:nor_out = 999.9461m  59:nand_out= 999.9844m  60:nand_out= 999.9942m
 + 61:nor_out =  28.5854u  62:nand_out= 999.9942m  63:nand_out= 999.9844m
 + 64:nor_out = 999.9461m  65:nand_out= 999.9941m  66:nand_out= 999.9851m
 + 67:nor_out = 999.9461m  68:nand_out= 999.9851m  69:nand_out= 999.9943m
 + 70:nor_out = 999.9461m  71:nand_out= 999.9844m  72:nand_out= 999.9943m
 + 73:nor_out = 999.9461m  74:nand_out= 999.9943m  75:nand_out= 999.9942m
 + 76:nor_out =  28.5829u  77:nand_out= 999.9942m  78:nand_out= 999.9943m
 + 79:nor_out = 999.9461m  80:nand_out= 999.9943m  81:nor_out =  28.5861u
 + 82:nand_out= 999.9943m  83:nor_out = 999.9461m  84:nand_out= 999.9943m
 + 85:nand_out= 999.9844m  86:nor_out = 999.9461m  87:nand_out= 999.9943m
 + 88:nand_out= 999.9943m  89:nor_out = 999.9461m  90:nand_out= 999.9943m
 + 91:nand_out= 999.9943m  92:nor_out = 999.9461m  93:nand_out= 999.9943m
 + 94:nand_out= 999.9943m  95:nor_out =  28.5811u  96:nand_out= 999.9943m
 + 97:nand_out= 999.9943m  98:nor_out = 999.9461m  99:nand_out= 999.9943m
 +100:nor_out = 999.9461m 101:nand_out= 999.9844m 102:nor_out = 999.9461m
 +103:nand_out= 999.9943m 104:nor_out = 999.9461m 105:nand_out= 999.9943m
 +106:nor_out =  28.5839u 107:nand_out= 999.9943m 108:nor_out =  28.5839u
 +109:abar    =  28.4431u 109:bbar    =   2.4391m 109:net1    = 125.8328m
 +109:net2    =   1.0000  109:net3    =   2.4536m 109:net4    =   1.2118m
 +110:abar    = 999.9886m 110:bbar    =  28.5466u 110:net1    = 999.9761m
 +110:net2    = 999.9780m 110:net3    =   7.2682u 110:net4    = 857.0424m
 +111:abar    = 999.9818m 111:bbar    = 999.9844m 111:net1    = 999.9606m
 +111:net2    = 123.6350m 111:net3    =  57.1474u 111:net4    =  51.8300u
 +112:abar    = 999.9886m 112:bbar    =  28.5466u 112:net1    = 999.9761m
 +112:net2    = 999.9780m 112:net3    =   7.2683u 112:net4    = 857.0424m
 +113:abar    =  28.6391u 113:bbar    = 999.9848m 113:net1    = 999.9780m
 +113:net2    = 999.9761m 113:net3    = 857.0031m 113:net4    =   7.2523u
 +114:abar    = 999.9845m 114:bbar    = 999.9844m 114:net1    = 999.9609m
 +114:net2    = 123.6327m 114:net3    =  50.6014u 114:net4    =  51.8291u
 +115:abar    = 999.9845m 115:bbar    = 999.9844m 115:net1    = 999.9609m
 +115:net2    = 123.6327m 115:net3    =  50.6014u 115:net4    =  51.8291u
 +116:abar    = 999.9818m 116:bbar    = 999.9844m 116:net1    = 999.9606m
 +116:net2    = 123.6350m 116:net3    =  57.1457u 116:net4    =  51.8300u
 +119:net1    =   2.3976m 123:net1    =  34.0224m 127:net1    =   7.1689m
 +131:net1    =  34.0224m 135:net1    =   2.3976m 139:net1    =  34.0224m
 +143:net1    =  34.0224m 147:net1    =   7.1689m 149:net1    =   2.4558m
 +151:net1    = 123.6339m 153:net1    =  34.0758m 155:net1    = 999.9712m
 +157:net1    =   7.2684u 159:net1    =  39.6868m 161:net1    = 999.9608m
 +163:net1    =  39.6278m 165:net1    =   7.2683u 167:net1    = 999.9712m
 +169:net1    =  29.0041m 171:net1    = 857.0045m 173:net1    = 999.9712m
 +175:net1    = 856.9271m 177:net1    =  34.0768m 179:net1    = 999.9712m
 +181:net1    =   7.2683u 183:net1    =  34.0768m 185:net1    = 999.9712m
 +187:net1    =  34.0232m 189:net1    =  39.6852m 191:net1    = 999.9609m
 +193:net1    =  39.6264m 195:net1    =  34.0214m 197:net1    = 999.9712m
 +199:net1    =  34.0199m 201:net1    = 999.9608m 203:net1    =  34.0214m
 +205:net1    = 999.9712m 207:net1    =  34.0241m 209:net1    =   7.2532u
 +211:net1    = 999.9712m 213:net1    =  34.0241m 215:net1    =  34.0241m
 +217:net1    = 999.9712m 219:net1    =  34.0226m 221:net1    =  34.0227m
 +223:net1    = 999.9712m 225:net1    =  34.0213m 227:net1    =  34.0227m
 +229:net1    = 999.9609m 231:net1    =  34.0213m 233:net1    =  34.0200m
 +235:net1    = 999.9712m 237:net1    =  34.0185m 239:net1    = 999.9712m
 +241:net1    =   7.2524u 243:net1    = 999.9712m 245:net1    =  34.0212m
 +247:net1    = 999.9712m 249:net1    =  34.0214m 251:net1    = 999.9609m
 +253:net1    =  34.0214m 255:net1    = 999.9609m

 ******
 * 8-bit kogge-stone adder

 ****** transient analysis tnom=  25.000 temp=  75.000 ******
 tpd_max_cout=   2.4587n  targ=   3.5663n   trig=   1.1076n
 tpd_max_s8= 353.4939p  targ=   1.4611n   trig=   1.1076n
 power_avg= -98.8213u  from=   0.             to= 200.0000n
 **info** dc convergence successful at Newton-Raphson method 
 ******  
 * 8-bit kogge-stone adder

 ****** operating point information tnom=  25.000 temp=  80.000 ******
 ****** operating point status is voltage   simulation time is     0.     
      node    =voltage        node    =voltage        node    =voltage

 +  0:a1      =   0.        0:a2      =   0.        0:a3      =   3.3000 
 +  0:a4      =   0.        0:a5      =   0.        0:a6      =   0.     
 +  0:a7      =   0.        0:a8      =   3.3000    0:b1      =   3.3000 
 +  0:b2      =   0.        0:b3      =   3.3000    0:b4      =   0.     
 +  0:b5      =   3.3000    0:b6      =   0.        0:b7      =   0.     
 +  0:b8      =   3.3000    0:cin     =   3.3000    0:cout    = 999.9869m
 +  0:s1      =   2.5629m   0:s2      = 999.9493m   0:s3      = 117.6812u
 +  0:s4      = 999.9493m   0:s5      = 999.9493m   0:s6      = 117.6787u
 +  0:s7      = 117.6787u   0:s8      = 117.6812u   0:vdd     =   1.0000 
 +  0:vss     =   0.        1:c1      = 999.9787m   1:c2      =  32.9506u
 +  1:c3      = 999.9787m   1:c4      =  35.5794u   1:c5      =  32.9506u
 +  1:c6      =  32.9506u   1:c7      =  32.9506u   1:c8      = 999.9869m
 +  1:g1      =  37.6946u   1:g2      =  35.3972u   1:g2_1    =  40.4282u
 +  1:g3      = 999.9755m   1:g3_2    = 999.9748m   1:g4      =  35.5373u
 +  1:g4_1    =  35.4391u   1:g4_3    =  35.4391u   1:g5      =  35.4036u
 +  1:g5_2    =  37.9337u   1:g5_4    =  35.4391u   1:g6      =  35.3972u
 +  1:g6_3    =  32.9445u   1:g6_5    =  35.4391u   1:g7      =  35.3972u
 +  1:g7_4    =  32.9445u   1:g7_6    =  32.9445u   1:g8      = 999.9794m
 +  1:g8_5    = 999.9783m   1:g8_7    = 999.9826m   1:p1      = 999.9205m
 +  1:p2      = 144.2925u   1:p2_1    =  35.4064u   1:p3      =   9.5690m
 +  1:p3_2    =  35.3979u   1:p4      = 144.5725u   1:p4_1    =  32.9033u
 +  1:p4_3    =  38.1023u   1:p5      = 999.9373m   1:p5_2    =  32.9033u
 +  1:p5_4    =  38.1099u   1:p6      = 143.8728u   1:p6_3    =  32.9030u
 +  1:p6_5    =  38.1108u   1:p7      = 143.8735u   1:p7_4    =  32.9033u
 +  1:p7_6    =  35.6076u   1:p8      =   9.5664m   1:p8_5    =  35.6076u
 +  1:p8_7    =  35.6077u  10:and_out = 999.9820m  11:and_out =  32.9030u
 + 12:and_out =  32.6932u  13:and_out =  32.9116u  14:and_out =  32.9110u
 + 15:and_out =  32.9030u  16:and_out =  32.9030u  17:and_out =  32.6932u
 + 18:and_out =  32.9030u  19:and_out =  32.6931u  20:and_out =  32.9030u
 + 21:and_out =  32.9116u  22:and_out =  32.9030u  23:and_out =  32.9030u
 + 24:and_out =  32.6931u  25:and_out =  32.9030u  26:and_out =  32.9030u
 + 27:and_out =  32.9116u  28:and_out =  32.9030u  29:and_out =  32.6931u
 + 30:and_out =  32.6931u  39:abar    = 999.9869m  39:bbar    =   2.4384m
 + 39:net1    = 999.9584m  39:net2    =   1.0026   39:net3    =   2.3964m
 + 39:net4    = 854.5370m  40:nand_out= 999.9855m  41:abar    = 999.9827m
 + 41:bbar    = 999.9826m  41:net1    = 999.9546m  41:net2    = 124.0753m
 + 41:net3    =  72.0586u  41:net4    =  73.4253u  42:nand_out= 999.9940m
 + 43:abar    =   2.4383m  43:bbar    =   2.4370m  43:net1    = 144.7360m
 + 43:net2    =   1.0000   43:net3    =   7.1509m  43:net4    =   4.4351m
 + 44:nand_out=   9.5934m  45:abar    = 999.9827m  45:bbar    = 999.9826m
 + 45:net1    = 999.9546m  45:net2    = 124.0753m  45:net3    =  72.1982u
 + 45:net4    =  73.5653u  46:nand_out= 999.9940m  47:abar    = 999.9869m
 + 47:bbar    =   2.4384m  47:net1    = 999.9668m  47:net2    =   1.0026 
 + 47:net3    =   2.3964m  47:net4    = 854.5378m  48:nand_out= 999.9855m
 + 49:abar    = 999.9827m  49:bbar    = 999.9826m  49:net1    = 999.9546m
 + 49:net2    = 124.0753m  49:net3    =  71.8492u  49:net4    =  73.2155u
 + 50:nand_out= 999.9940m  51:abar    = 999.9827m  51:bbar    = 999.9826m
 + 51:net1    = 999.9546m  51:net2    = 124.0753m  51:net3    =  71.8496u
 + 51:net4    =  73.2158u  52:nand_out= 999.9940m  53:abar    =   2.4383m
 + 53:bbar    =   2.4370m  53:net1    = 144.7359m  53:net2    =   1.0000 
 + 53:net3    =   7.1496m  53:net4    =   4.4340m  54:nand_out=   9.5934m
 + 55:nand_out=   2.5696m  56:nor_out =  31.3754u  57:nand_out= 999.9940m
 + 58:nor_out = 999.9391m  59:nand_out= 999.9826m  60:nand_out= 999.9938m
 + 61:nor_out =  32.8751u  62:nand_out= 999.9938m  63:nand_out= 999.9826m
 + 64:nor_out = 999.9391m  65:nand_out= 999.9936m  66:nand_out= 999.9834m
 + 67:nor_out = 999.9391m  68:nand_out= 999.9834m  69:nand_out= 999.9940m
 + 70:nor_out = 999.9391m  71:nand_out= 999.9826m  72:nand_out= 999.9940m
 + 73:nor_out = 999.9391m  74:nand_out= 999.9940m  75:nand_out= 999.9938m
 + 76:nor_out =  32.8721u  77:nand_out= 999.9938m  78:nand_out= 999.9940m
 + 79:nor_out = 999.9391m  80:nand_out= 999.9940m  81:nor_out =  32.8756u
 + 82:nand_out= 999.9940m  83:nor_out = 999.9391m  84:nand_out= 999.9940m
 + 85:nand_out= 999.9826m  86:nor_out = 999.9391m  87:nand_out= 999.9940m
 + 88:nand_out= 999.9940m  89:nor_out = 999.9391m  90:nand_out= 999.9940m
 + 91:nand_out= 999.9940m  92:nor_out = 999.9391m  93:nand_out= 999.9940m
 + 94:nand_out= 999.9940m  95:nor_out =  32.8696u  96:nand_out= 999.9940m
 + 97:nand_out= 999.9940m  98:nor_out = 999.9391m  99:nand_out= 999.9940m
 +100:nor_out = 999.9391m 101:nand_out= 999.9826m 102:nor_out = 999.9391m
 +103:nand_out= 999.9940m 104:nor_out = 999.9391m 105:nand_out= 999.9940m
 +106:nor_out =  32.8729u 107:nand_out= 999.9940m 108:nor_out =  32.8729u
 +109:abar    =  32.7492u 109:bbar    =   2.4370m 109:net1    = 126.2997m
 +109:net2    =   1.0000  109:net3    =   2.4533m 109:net4    =   1.2152m
 +110:abar    = 999.9869m 110:bbar    =  32.8450u 110:net1    = 999.9727m
 +110:net2    = 999.9746m 110:net3    =   8.4392u 110:net4    = 856.4800m
 +111:abar    = 999.9795m 111:bbar    = 999.9826m 111:net1    = 999.9543m
 +111:net2    = 124.1047m 111:net3    =  66.3089u 111:net4    =  60.1206u
 +112:abar    = 999.9869m 112:bbar    =  32.8450u 112:net1    = 999.9727m
 +112:net2    = 999.9746m 112:net3    =   8.4393u 112:net4    = 856.4800m
 +113:abar    =  32.9462u 113:bbar    = 999.9830m 113:net1    = 999.9747m
 +113:net2    = 999.9728m 113:net3    = 856.4363m 113:net4    =   8.4182u
 +114:abar    = 999.9827m 114:bbar    = 999.9826m 114:net1    = 999.9546m
 +114:net2    = 124.1020m 114:net3    =  58.8701u 114:net4    =  60.1195u
 +115:abar    = 999.9827m 115:bbar    = 999.9826m 115:net1    = 999.9546m
 +115:net2    = 124.1020m 115:net3    =  58.8701u 115:net4    =  60.1195u
 +116:abar    = 999.9795m 116:bbar    = 999.9826m 116:net1    = 999.9543m
 +116:net2    = 124.1047m 116:net3    =  66.3069u 116:net4    =  60.1206u
 +119:net1    =   2.3964m 123:net1    =  34.3718m 127:net1    =   7.1631m
 +131:net1    =  34.3718m 135:net1    =   2.3964m 139:net1    =  34.3718m
 +143:net1    =  34.3718m 147:net1    =   7.1631m 149:net1    =   2.4556m
 +151:net1    = 124.1028m 153:net1    =  34.4322m 155:net1    = 999.9677m
 +157:net1    =   8.4395u 159:net1    =  40.0089m 161:net1    = 999.9546m
 +163:net1    =  39.9424m 165:net1    =   8.4394u 167:net1    = 999.9677m
 +169:net1    =  29.3812m 171:net1    = 856.4380m 173:net1    = 999.9677m
 +175:net1    = 856.3501m 177:net1    =  34.4332m 179:net1    = 999.9677m
 +181:net1    =   8.4394u 183:net1    =  34.4332m 185:net1    = 999.9677m
 +187:net1    =  34.3727m 189:net1    =  40.0073m 191:net1    = 999.9546m
 +193:net1    =  39.9410m 195:net1    =  34.3707m 197:net1    = 999.9677m
 +199:net1    =  34.3692m 201:net1    = 999.9546m 203:net1    =  34.3707m
 +205:net1    = 999.9677m 207:net1    =  34.3735m 209:net1    =   8.4193u
 +211:net1    = 999.9677m 213:net1    =  34.3735m 215:net1    =  34.3735m
 +217:net1    = 999.9677m 219:net1    =  34.3720m 221:net1    =  34.3721m
 +223:net1    = 999.9677m 225:net1    =  34.3706m 227:net1    =  34.3721m
 +229:net1    = 999.9546m 231:net1    =  34.3706m 233:net1    =  34.3693m
 +235:net1    = 999.9677m 237:net1    =  34.3678m 239:net1    = 999.9677m
 +241:net1    =   8.4183u 243:net1    = 999.9677m 245:net1    =  34.3706m
 +247:net1    = 999.9677m 249:net1    =  34.3707m 251:net1    = 999.9546m
 +253:net1    =  34.3707m 255:net1    = 999.9546m

 ******
 * 8-bit kogge-stone adder

 ****** transient analysis tnom=  25.000 temp=  80.000 ******
 tpd_max_cout=   2.4597n  targ=   3.5672n   trig=   1.1076n
 tpd_max_s8= 355.8093p  targ=   1.4634n   trig=   1.1076n
 power_avg= -99.3735u  from=   0.             to= 200.0000n
 **info** dc convergence successful at Newton-Raphson method 
 ******  
 * 8-bit kogge-stone adder

 ****** operating point information tnom=  25.000 temp=  85.000 ******
 ****** operating point status is voltage   simulation time is     0.     
      node    =voltage        node    =voltage        node    =voltage

 +  0:a1      =   0.        0:a2      =   0.        0:a3      =   3.3000 
 +  0:a4      =   0.        0:a5      =   0.        0:a6      =   0.     
 +  0:a7      =   0.        0:a8      =   3.3000    0:b1      =   3.3000 
 +  0:b2      =   0.        0:b3      =   3.3000    0:b4      =   0.     
 +  0:b5      =   3.3000    0:b6      =   0.        0:b7      =   0.     
 +  0:b8      =   3.3000    0:cin     =   3.3000    0:cout    = 999.9850m
 +  0:s1      =   2.5668m   0:s2      = 999.9417m   0:s3      = 136.4796u
 +  0:s4      = 999.9417m   0:s5      = 999.9417m   0:s6      = 136.4763u
 +  0:s7      = 136.4763u   0:s8      = 136.4796u   0:vdd     =   1.0000 
 +  0:vss     =   0.        1:c1      = 999.9766m   1:c2      =  37.8451u
 +  1:c3      = 999.9766m   1:c4      =  40.5299u   1:c5      =  37.8451u
 +  1:c6      =  37.8451u   1:c7      =  37.8451u   1:c8      = 999.9850m
 +  1:g1      =  42.6847u   1:g2      =  40.3332u   1:g2_1    =  45.4863u
 +  1:g3      = 999.9729m   1:g3_2    = 999.9727m   1:g4      =  40.4750u
 +  1:g4_1    =  40.3880u   1:g4_3    =  40.3880u   1:g5      =  40.3419u
 +  1:g5_2    =  42.9371u   1:g5_4    =  40.3880u   1:g6      =  40.3331u
 +  1:g6_3    =  37.8388u   1:g6_5    =  40.3880u   1:g7      =  40.3332u
 +  1:g7_4    =  37.8388u   1:g7_6    =  37.8388u   1:g8      = 999.9769m
 +  1:g8_5    = 999.9762m   1:g8_7    = 999.9806m   1:p1      = 999.9124m
 +  1:p2      = 163.6574u   1:p2_1    =  40.3452u   1:p3      =   9.5553m
 +  1:p3_2    =  40.3339u   1:p4      = 163.9407u   1:p4_1    =  37.7848u
 +  1:p4_3    =  43.0958u   1:p5      = 999.9295m   1:p5_2    =  37.7848u
 +  1:p5_4    =  43.1059u   1:p6      = 163.2320u   1:p6_3    =  37.7845u
 +  1:p6_5    =  43.1070u   1:p7      = 163.2327u   1:p7_4    =  37.7848u
 +  1:p7_6    =  40.5465u   1:p8      =   9.5527m   1:p8_5    =  40.5465u
 +  1:p8_7    =  40.5467u  10:and_out = 999.9798m  11:and_out =  37.7845u
 + 12:and_out =  37.5719u  13:and_out =  37.7958u  14:and_out =  37.7950u
 + 15:and_out =  37.7845u  16:and_out =  37.7845u  17:and_out =  37.5719u
 + 18:and_out =  37.7845u  19:and_out =  37.5717u  20:and_out =  37.7845u
 + 21:and_out =  37.7958u  22:and_out =  37.7845u  23:and_out =  37.7845u
 + 24:and_out =  37.5717u  25:and_out =  37.7845u  26:and_out =  37.7845u
 + 27:and_out =  37.7958u  28:and_out =  37.7845u  29:and_out =  37.5717u
 + 30:and_out =  37.5717u  39:abar    = 999.9850m  39:bbar    =   2.4345m
 + 39:net1    = 999.9543m  39:net2    =   1.0023   39:net3    =   2.3936m
 + 39:net4    = 853.9569m  40:nand_out= 999.9836m  41:abar    = 999.9807m
 + 41:bbar    = 999.9806m  41:net1    = 999.9476m  41:net2    = 124.5551m
 + 41:net3    =  81.7191u  41:net4    =  83.1356u  42:nand_out= 999.9936m
 + 43:abar    =   2.4345m  43:bbar    =   2.4331m  43:net1    = 141.1390m
 + 43:net2    =   1.0000   43:net3    =   7.1408m  43:net4    =   4.4345m
 + 44:nand_out=   9.5787m  45:abar    = 999.9807m  45:bbar    = 999.9806m
 + 45:net1    = 999.9476m  45:net2    = 124.5551m  45:net3    =  81.8604u
 + 45:net4    =  83.2772u  46:nand_out= 999.9936m  47:abar    = 999.9850m
 + 47:bbar    =   2.4345m  47:net1    = 999.9629m  47:net2    =   1.0023 
 + 47:net3    =   2.3936m  47:net4    = 853.9577m  48:nand_out= 999.9836m
 + 49:abar    = 999.9807m  49:bbar    = 999.9806m  49:net1    = 999.9476m
 + 49:net2    = 124.5551m  49:net3    =  81.5069u  49:net4    =  82.9229u
 + 50:nand_out= 999.9936m  51:abar    = 999.9807m  51:bbar    = 999.9806m
 + 51:net1    = 999.9476m  51:net2    = 124.5551m  51:net3    =  81.5073u
 + 51:net4    =  82.9232u  52:nand_out= 999.9936m  53:abar    =   2.4345m
 + 53:bbar    =   2.4331m  53:net1    = 141.1389m  53:net2    =   1.0000 
 + 53:net3    =   7.1395m  53:net4    =   4.4334m  54:nand_out=   9.5787m
 + 55:nand_out=   2.5740m  56:nor_out =  36.0178u  57:nand_out= 999.9936m
 + 58:nor_out = 999.9311m  59:nand_out= 999.9806m  60:nand_out= 999.9934m
 + 61:nor_out =  37.7468u  62:nand_out= 999.9934m  63:nand_out= 999.9806m
 + 64:nor_out = 999.9311m  65:nand_out= 999.9932m  66:nand_out= 999.9815m
 + 67:nor_out = 999.9311m  68:nand_out= 999.9815m  69:nand_out= 999.9936m
 + 70:nor_out = 999.9311m  71:nand_out= 999.9806m  72:nand_out= 999.9936m
 + 73:nor_out = 999.9311m  74:nand_out= 999.9935m  75:nand_out= 999.9934m
 + 76:nor_out =  37.7433u  77:nand_out= 999.9934m  78:nand_out= 999.9936m
 + 79:nor_out = 999.9311m  80:nand_out= 999.9936m  81:nor_out =  37.7470u
 + 82:nand_out= 999.9936m  83:nor_out = 999.9311m  84:nand_out= 999.9936m
 + 85:nand_out= 999.9806m  86:nor_out = 999.9311m  87:nand_out= 999.9936m
 + 88:nand_out= 999.9936m  89:nor_out = 999.9311m  90:nand_out= 999.9936m
 + 91:nand_out= 999.9936m  92:nor_out = 999.9311m  93:nand_out= 999.9936m
 + 94:nand_out= 999.9936m  95:nor_out =  37.7401u  96:nand_out= 999.9936m
 + 97:nand_out= 999.9936m  98:nor_out = 999.9311m  99:nand_out= 999.9936m
 +100:nor_out = 999.9311m 101:nand_out= 999.9806m 102:nor_out = 999.9311m
 +103:nand_out= 999.9936m 104:nor_out = 999.9311m 105:nand_out= 999.9936m
 +106:nor_out =  37.7439u 107:nand_out= 999.9936m 108:nor_out =  37.7439u
 +109:abar    =  37.6429u 109:bbar    =   2.4331m 109:net1    = 126.7797m
 +109:net2    =   1.0000  109:net3    =   2.4515m 109:net4    =   1.2182m
 +110:abar    = 999.9849m 110:bbar    =  37.7284u 110:net1    = 999.9689m
 +110:net2    = 999.9708m 110:net3    =   9.7881u 110:net4    = 855.8979m
 +111:abar    = 999.9770m 111:bbar    = 999.9806m 111:net1    = 999.9472m
 +111:net2    = 124.5890m 111:net3    =  76.7072u 111:net4    =  69.5478u
 +112:abar    = 999.9849m 112:bbar    =  37.7284u 112:net1    = 999.9689m
 +112:net2    = 999.9708m 112:net3    =   9.7882u 112:net4    = 855.8979m
 +113:abar    =  37.8405u 113:bbar    = 999.9810m 113:net1    = 999.9709m
 +113:net2    = 999.9689m 113:net3    = 855.8493m 113:net4    =   9.7604u
 +114:abar    = 999.9806m 114:bbar    = 999.9806m 114:net1    = 999.9476m
 +114:net2    = 124.5859m 114:net3    =  68.2762u 114:net4    =  69.5463u
 +115:abar    = 999.9806m 115:bbar    = 999.9806m 115:net1    = 999.9476m
 +115:net2    = 124.5859m 115:net3    =  68.2762u 115:net4    =  69.5463u
 +116:abar    = 999.9770m 116:bbar    = 999.9806m 116:net1    = 999.9472m
 +116:net2    = 124.5890m 116:net3    =  76.7049u 116:net4    =  69.5478u
 +119:net1    =   2.3936m 123:net1    =  34.7221m 127:net1    =   7.1524m
 +131:net1    =  34.7221m 135:net1    =   2.3936m 139:net1    =  34.7221m
 +143:net1    =  34.7221m 147:net1    =   7.1524m 149:net1    =   2.4540m
 +151:net1    = 124.5861m 153:net1    =  34.7904m 155:net1    = 999.9636m
 +157:net1    =   9.7885u 159:net1    =  40.3279m 161:net1    = 999.9476m
 +163:net1    =  40.2529m 165:net1    =   9.7883u 167:net1    = 999.9636m
 +169:net1    =  29.7637m 171:net1    = 855.8513m 173:net1    = 999.9636m
 +175:net1    = 855.7514m 177:net1    =  34.7915m 179:net1    = 999.9636m
 +181:net1    =   9.7883u 183:net1    =  34.7915m 185:net1    = 999.9636m
 +187:net1    =  34.7232m 189:net1    =  40.3263m 191:net1    = 999.9476m
 +193:net1    =  40.2515m 195:net1    =  34.7211m 197:net1    = 999.9636m
 +199:net1    =  34.7195m 201:net1    = 999.9476m 203:net1    =  34.7210m
 +205:net1    = 999.9636m 207:net1    =  34.7239m 209:net1    =   9.7617u
 +211:net1    = 999.9636m 213:net1    =  34.7239m 215:net1    =  34.7239m
 +217:net1    = 999.9636m 219:net1    =  34.7224m 221:net1    =  34.7224m
 +223:net1    = 999.9636m 225:net1    =  34.7209m 227:net1    =  34.7224m
 +229:net1    = 999.9476m 231:net1    =  34.7209m 233:net1    =  34.7196m
 +235:net1    = 999.9636m 237:net1    =  34.7181m 239:net1    = 999.9636m
 +241:net1    =   9.7605u 243:net1    = 999.9636m 245:net1    =  34.7209m
 +247:net1    = 999.9636m 249:net1    =  34.7210m 251:net1    = 999.9476m
 +253:net1    =  34.7210m 255:net1    = 999.9476m

 ******
 * 8-bit kogge-stone adder

 ****** transient analysis tnom=  25.000 temp=  85.000 ******
 tpd_max_cout=   2.4617n  targ=   3.5693n   trig=   1.1076n
 tpd_max_s8= 358.1812p  targ=   1.4658n   trig=   1.1076n
 power_avg= -99.9534u  from=   0.             to= 200.0000n
 **info** dc convergence successful at Newton-Raphson method 
 ******  
 * 8-bit kogge-stone adder

 ****** operating point information tnom=  25.000 temp=  90.000 ******
 ****** operating point status is voltage   simulation time is     0.     
      node    =voltage        node    =voltage        node    =voltage

 +  0:a1      =   0.        0:a2      =   0.        0:a3      =   3.3000 
 +  0:a4      =   0.        0:a5      =   0.        0:a6      =   0.     
 +  0:a7      =   0.        0:a8      =   3.3000    0:b1      =   3.3000 
 +  0:b2      =   0.        0:b3      =   3.3000    0:b4      =   0.     
 +  0:b5      =   3.3000    0:b6      =   0.        0:b7      =   0.     
 +  0:b8      =   3.3000    0:cin     =   3.3000    0:cout    = 999.9827m
 +  0:s1      =   2.5698m   0:s2      = 999.9330m   0:s3      = 157.7879u
 +  0:s4      = 999.9330m   0:s5      = 999.9331m   0:s6      = 157.7837u
 +  0:s7      = 157.7837u   0:s8      = 157.7879u   0:vdd     =   1.0000 
 +  0:vss     =   0.        1:c1      = 999.9743m   1:c2      =  43.3889u
 +  1:c3      = 999.9743m   1:c4      =  46.1308u   1:c5      =  43.3889u
 +  1:c6      =  43.3889u   1:c7      =  43.3889u   1:c8      = 999.9827m
 +  1:g1      =  48.3231u   1:g2      =  45.9158u   1:g2_1    =  51.1965u
 +  1:g3      = 999.9700m   1:g3_2    = 999.9702m   1:g4      =  46.0593u
 +  1:g4_1    =  45.9872u   1:g4_3    =  45.9872u   1:g5      =  45.9274u
 +  1:g5_2    =  48.5919u   1:g5_4    =  45.9872u   1:g6      =  45.9157u
 +  1:g6_3    =  43.3824u   1:g6_5    =  45.9872u   1:g7      =  45.9158u
 +  1:g7_4    =  43.3824u   1:g7_6    =  43.3824u   1:g8      = 999.9740m
 +  1:g8_5    = 999.9738m   1:g8_7    = 999.9783m   1:p1      = 999.9032m
 +  1:p2      = 185.5417u   1:p2_1    =  45.9314u   1:p3      =   9.5351m
 +  1:p3_2    =  45.9167u   1:p4      = 185.8283u   1:p4_1    =  43.3119u
 +  1:p4_3    =  48.7371u   1:p5      = 999.9206m   1:p5_2    =  43.3119u
 +  1:p5_4    =  48.7502u   1:p6      = 185.1105u   1:p6_3    =  43.3116u
 +  1:p6_5    =  48.7516u   1:p7      = 185.1112u   1:p7_4    =  43.3119u
 +  1:p7_6    =  46.1321u   1:p8      =   9.5325m   1:p8_5    =  46.1321u
 +  1:p8_7    =  46.1323u  10:and_out = 999.9773m  11:and_out =  43.3116u
 + 12:and_out =  43.0962u  13:and_out =  43.3265u  14:and_out =  43.3254u
 + 15:and_out =  43.3116u  16:and_out =  43.3116u  17:and_out =  43.0962u
 + 18:and_out =  43.3116u  19:and_out =  43.0960u  20:and_out =  43.3116u
 + 21:and_out =  43.3264u  22:and_out =  43.3116u  23:and_out =  43.3116u
 + 24:and_out =  43.0960u  25:and_out =  43.3116u  26:and_out =  43.3116u
 + 27:and_out =  43.3264u  28:and_out =  43.3116u  29:and_out =  43.0960u
 + 30:and_out =  43.0960u  39:abar    = 999.9827m  39:bbar    =   2.4290m
 + 39:net1    = 999.9497m  39:net2    =   1.0020   39:net3    =   2.3892m
 + 39:net4    = 853.3628m  40:nand_out= 999.9815m  41:abar    = 999.9784m
 + 41:bbar    = 999.9783m  41:net1    = 999.9397m  41:net2    = 125.0490m
 + 41:net3    =  92.6334u  41:net4    =  94.1058u  42:nand_out= 999.9931m
 + 43:abar    =   2.4289m  43:bbar    =   2.4276m  43:net1    = 137.5698m
 + 43:net2    =   1.0000   43:net3    =   7.1257m  43:net4    =   4.4309m
 + 44:nand_out=   9.5574m  45:abar    = 999.9784m  45:bbar    = 999.9783m
 + 45:net1    = 999.9397m  45:net2    = 125.0490m  45:net3    =  92.7762u
 + 45:net4    =  94.2490u  46:nand_out= 999.9931m  47:abar    = 999.9827m
 + 47:bbar    =   2.4290m  47:net1    = 999.9584m  47:net2    =   1.0020 
 + 47:net3    =   2.3892m  47:net4    = 853.3637m  48:nand_out= 999.9815m
 + 49:abar    = 999.9784m  49:bbar    = 999.9783m  49:net1    = 999.9397m
 + 49:net2    = 125.0490m  49:net3    =  92.4184u  49:net4    =  93.8902u
 + 50:nand_out= 999.9931m  51:abar    = 999.9784m  51:bbar    = 999.9783m
 + 51:net1    = 999.9397m  51:net2    = 125.0490m  51:net3    =  92.4187u
 + 51:net4    =  93.8905u  52:nand_out= 999.9931m  53:abar    =   2.4289m
 + 53:bbar    =   2.4276m  53:net1    = 137.5697m  53:net2    =   1.0000 
 + 53:net3    =   7.1244m  53:net4    =   4.4297m  54:nand_out=   9.5574m
 + 55:nand_out=   2.5775m  56:nor_out =  41.2743u  57:nand_out= 999.9931m
 + 58:nor_out = 999.9220m  59:nand_out= 999.9783m  60:nand_out= 999.9929m
 + 61:nor_out =  43.2612u  62:nand_out= 999.9929m  63:nand_out= 999.9783m
 + 64:nor_out = 999.9220m  65:nand_out= 999.9927m  66:nand_out= 999.9793m
 + 67:nor_out = 999.9220m  68:nand_out= 999.9793m  69:nand_out= 999.9931m
 + 70:nor_out = 999.9220m  71:nand_out= 999.9783m  72:nand_out= 999.9931m
 + 73:nor_out = 999.9220m  74:nand_out= 999.9931m  75:nand_out= 999.9929m
 + 76:nor_out =  43.2572u  77:nand_out= 999.9929m  78:nand_out= 999.9931m
 + 79:nor_out = 999.9220m  80:nand_out= 999.9931m  81:nor_out =  43.2610u
 + 82:nand_out= 999.9931m  83:nor_out = 999.9220m  84:nand_out= 999.9931m
 + 85:nand_out= 999.9783m  86:nor_out = 999.9220m  87:nand_out= 999.9931m
 + 88:nand_out= 999.9931m  89:nor_out = 999.9220m  90:nand_out= 999.9931m
 + 91:nand_out= 999.9931m  92:nor_out = 999.9220m  93:nand_out= 999.9931m
 + 94:nand_out= 999.9931m  95:nor_out =  43.2530u  96:nand_out= 999.9931m
 + 97:nand_out= 999.9931m  98:nor_out = 999.9220m  99:nand_out= 999.9931m
 +100:nor_out = 999.9220m 101:nand_out= 999.9783m 102:nor_out = 999.9220m
 +103:nand_out= 999.9931m 104:nor_out = 999.9220m 105:nand_out= 999.9931m
 +106:nor_out =  43.2574u 107:nand_out= 999.9931m 108:nor_out =  43.2574u
 +109:abar    =  43.1860u 109:bbar    =   2.4276m 109:net1    = 127.2727m
 +109:net2    =   1.0000  109:net3    =   2.4482m 109:net4    =   1.2208m
 +110:abar    = 999.9827m 110:bbar    =  43.2583u 110:net1    = 999.9645m
 +110:net2    = 999.9665m 110:net3    =  11.3360u 110:net4    = 855.2987m
 +111:abar    = 999.9741m 111:bbar    = 999.9783m 111:net1    = 999.9393m
 +111:net2    = 125.0879m 111:net3    =  88.4653u 111:net4    =  80.2302u
 +112:abar    = 999.9827m 112:bbar    =  43.2583u 112:net1    = 999.9645m
 +112:net2    = 999.9665m 112:net3    =  11.3361u 112:net4    = 855.2987m
 +113:abar    =  43.3842u 113:bbar    = 999.9787m 113:net1    = 999.9666m
 +113:net2    = 999.9646m 113:net3    = 855.2446m 113:net4    =  11.2997u
 +114:abar    = 999.9783m 114:bbar    = 999.9783m 114:net1    = 999.9397m
 +114:net2    = 125.0844m 114:net3    =  78.9387u 114:net4    =  80.2282u
 +115:abar    = 999.9783m 115:bbar    = 999.9783m 115:net1    = 999.9397m
 +115:net2    = 125.0844m 115:net3    =  78.9387u 115:net4    =  80.2282u
 +116:abar    = 999.9741m 116:bbar    = 999.9783m 116:net1    = 999.9393m
 +116:net2    = 125.0879m 116:net3    =  88.4628u 116:net4    =  80.2302u
 +119:net1    =   2.3892m 123:net1    =  35.0734m 127:net1    =   7.1368m
 +131:net1    =  35.0734m 135:net1    =   2.3892m 139:net1    =  35.0734m
 +143:net1    =  35.0734m 147:net1    =   7.1368m 149:net1    =   2.4508m
 +151:net1    = 125.0839m 153:net1    =  35.1507m 155:net1    = 999.9591m
 +157:net1    =  11.3366u 159:net1    =  40.6438m 161:net1    = 999.9397m
 +163:net1    =  40.5592m 165:net1    =  11.3363u 167:net1    = 999.9591m
 +169:net1    =  30.1516m 171:net1    = 855.2469m 173:net1    = 999.9591m
 +175:net1    = 855.1337m 177:net1    =  35.1518m 179:net1    = 999.9591m
 +181:net1    =  11.3364u 183:net1    =  35.1518m 185:net1    = 999.9591m
 +187:net1    =  35.0747m 189:net1    =  40.6423m 191:net1    = 999.9397m
 +193:net1    =  40.5579m 195:net1    =  35.0724m 197:net1    = 999.9591m
 +199:net1    =  35.0708m 201:net1    = 999.9397m 203:net1    =  35.0724m
 +205:net1    = 999.9591m 207:net1    =  35.0753m 209:net1    =  11.3013u
 +211:net1    = 999.9591m 213:net1    =  35.0753m 215:net1    =  35.0753m
 +217:net1    = 999.9591m 219:net1    =  35.0738m 221:net1    =  35.0738m
 +223:net1    = 999.9591m 225:net1    =  35.0723m 227:net1    =  35.0738m
 +229:net1    = 999.9397m 231:net1    =  35.0723m 233:net1    =  35.0709m
 +235:net1    = 999.9591m 237:net1    =  35.0693m 239:net1    = 999.9591m
 +241:net1    =  11.2999u 243:net1    = 999.9591m 245:net1    =  35.0722m
 +247:net1    = 999.9591m 249:net1    =  35.0724m 251:net1    = 999.9397m
 +253:net1    =  35.0724m 255:net1    = 999.9397m

 ******
 * 8-bit kogge-stone adder

 ****** transient analysis tnom=  25.000 temp=  90.000 ******
 tpd_max_cout=   2.4636n  targ=   3.5712n   trig=   1.1076n
 tpd_max_s8= 360.5834p  targ=   1.4682n   trig=   1.1076n
 power_avg=-100.5404u  from=   0.             to= 200.0000n

          ***** job concluded
 ******  
 * 8-bit kogge-stone adder

 ****** job statistics summary tnom=  25.000 temp=  90.000 ******

  ******  HSPICE Threads Information  ******

  Command Line Threads Count :     1
  Available CPU Count        :    20
  Actual Threads Count       :     1


  ******  Circuit Statistics  ******
  # nodes       =     318 # elements   =     592
  # resistors   =       0 # capacitors =       0 # inductors   =       0
  # mutual_inds =       0 # vccs       =       0 # vcvs        =       0
  # cccs        =       0 # ccvs       =       0 # volt_srcs   =       2
  # curr_srcs   =       0 # diodes     =       0 # bjts        =       0
  # jfets       =       0 # mosfets    =     564 # U elements  =       0
  # T elements  =       0 # W elements =       0 # B elements  =       0
  # S elements  =       0 # P elements =       0 # va device   =       0
  # vector_srcs =      26 # N elements =       0


  ******  Runtime Statistics (seconds)  ******

  analysis           time    # points   tot. iter  conv.iter
  op point           0.20           1         339
  transient        287.87       20001      749672      246102 rev=      2232
  readin             0.08
  errchk             0.02
  setup              0.00
  output             0.00


           peak memory used         70.97 megabytes
           total cpu time          288.31 seconds
           total elapsed time      288.33 seconds
           job started at     17:00:51 06/04/2025
           job ended   at     17:05:40 06/04/2025
           job total runtime       288.33 seconds


  lic: Release hspice token(s) 
 lic: total license checkout elapse time:        0.02(s)
