 ****** HSPICE -- P-2019.06-SP1-1 win64 (Sep 27 2019) ******                    
  Copyright (c) 1986 - 2025 by Synopsys, Inc. All Rights Reserved.              
  This software and the associated documentation are proprietary
  to Synopsys, Inc. This software may only be used in accordance
  with the terms and conditions of a written license agreement with
  Synopsys, Inc. All other use, reproduction, or distribution of
  this software is strictly prohibited.
  Input File: ca2.sp                                                            
  Command line options: C:\synopsys\Hspice_P-2019.06-SP1-1\WIN64\hspice.com -i ca2.sp -o D:\vlsi vahdat\HWs&CAs\CA2_810103098\ca2.lis
  Start time: Thu May 29 14:29:55 2025
  lic:  
  lic: FLEXlm: SDK_12.3 
  lic: USER:   Asus                 HOSTNAME: DESKTOP-914BCF3 
  lic: HOSTID: "581cf8b38a71"       PID:      12456 
  lic: Using FLEXlm license file: 
  lic: 27000@DESKTOP-914BCF3 
  lic: Checkout 1 hspice 
  lic: License/Maintenance for hspice will expire on 30-dec-2030/2020.12 
  lic: 1(in_use)/99(total) FLOATING license(s) on SERVER 27000@DESKTOP-914BCF3 
  lic:   
  **warning** (ca2.sp:24) Global net name "gnd" in subckt pin list. The pin will be connected to the local net. Recommend to not use global net names in subckt pin lists.
1****** HSPICE -- P-2019.06-SP1-1 win64 (Sep 27 2019) ******                    
 ******  
 * full combinational circuit for ca2 - advanced vlsi

 ****** circuit name directory
 circuit number to circuit name directory
   number circuitname                     definition         multiplier
        0 main circuit
        1 xnor2_gate.                     nor2               1.00 
        2 xnor_i.                         nor3               1.00 
        3 xnor_x.                         nor3               1.00 
        4 xnand2_j.                       nand2              1.00 
        5 xnand2_out.                     nand2              1.00 
        6 xnand2_k.                       nand2              1.00 
        7 xinv_n1.                        inverter           1.00 
        8 xinv_out2.                      inverter           1.00 
        9 xinv_n.                         inverter           1.00 
 ******  
 * full combinational circuit for ca2 - advanced vlsi

 ****** mos   model parameters tnom=  25.000 temp=  25.000 ******
 Model file: 32nm_bulk.pm.txt
 Model line:            6
 Model Name: nmos  
 BSIM4 Model (Level 54)
    MOBMOD = 0
    BINUNIT = 1
    PARAMCHK = 1
    CAPMOD = 2
    DIOMOD = 1
    RDSMOD = 0
    TRNQSMOD = 0
    ACNQSMOD = 0
    RBODYMOD = 1
    RGATEMOD = 1
    PERMOD = 1
    GEOMOD = 1
    RGEOMOD = 0
    FNOIMOD = 1
    TNOIMOD = 0
    IGCMOD = 1
    IGBMOD = 1
    STIMOD = 0
    VERSION =      4 
    TOXREF = 1.65e-09 
    TOXE = 1.65e-09 
    TOXP =  1e-09 
    TOXM = 1.65e-09 
    DTOX = 6.5e-10 
    EPSROX =    3.9 
    CDSC =      0 
    CDSCB =      0 
    CDSCD =      0 
    CIT =      0 
    NFACTOR =    2.3 
    XJ =  1e-08 
    VSAT = 1.785e+05 
    A0 =      1 
    AGS =      0 
    A1 =      0 
    A2 =      1 
    AT = 3.3e+04 
    KETA =   0.04 
    NSUB =  6e+16 
    NDEP = 4.12e+18 
    NSD =  2e+20 
    NGATE =  2e+20 
    GAMMA1 =      0 
    GAMMA2 =      0 
    VBX =      0 
    VBM =     -3 
    XT = 1.55e-07 
    K1 =    0.4 
    KT1 =  -0.11 
    KT1L =      0 
    KT2 =  0.022 
    K2 =      0 
    K3 =      0 
    K3B =      0 
    LPE0 =      0 
    LPEB =      0 
    DVTP0 =  1e-11 
    DVTP1 =    0.1 
    W0 = 2.5e-06 
    DVT0 =      1 
    DVT1 =      2 
    DVT2 =      0 
    DVT0W =      0 
    DVT1W =      0 
    DVT2W =      0 
    DROUT =    0.5 
    DSUB =    0.1 
    VTH0 = 0.5088 
    EU =   1.67 
    UA =  6e-10 
    UA1 = 4.31e-09 
    UB = 1.2e-18 
    UB1 = 7.61e-18 
    UC =      0 
    UC1 = -5.6e-11 
    U0 = 0.0389 
    UTE =   -1.5 
    VOFF =  -0.13 
    VOFFL =      0 
    MINV =   0.05 
    FPROUT =    0.2 
    PDITS =   0.01 
    PDITSD =   0.23 
    PDITSL = 2.3e+06 
    DELTA =   0.01 
    RDSW =    150 
    RDSWMIN =      0 
    RDWMIN =      0 
    RSWMIN =      0 
    RDW =     75 
    RSW =     75 
    PRWG =      0 
    PRWB =      0 
    PRT =      0 
    ETA0 = 0.0042 
    ETAB =      0 
    PCLM =   0.02 
    PDIBLC1 =  0.001 
    PDIBLC2 =  0.001 
    PDIBLCB = -0.005 
    PSCBE1 = 8.14e+08 
    PSCBE2 =  1e-07 
    PVAG =  1e-20 
    WR =      1 
    DWG =      0 
    DWB =      0 
    XW =      0 
    XWREF =      0 
    XL = -1.4e-08 
    XLREF = -1.4e-08 
    B0 =      0 
    B1 =      0 
    ALPHA0 =  0.074 
    ALPHA1 =  0.005 
    AGIDL = 0.0002 
    BGIDL = 2.1e+09 
    CGIDL = 0.0002 
    PHIN =      0 
    EGIDL =    0.8 
    AIGC =  0.012 
    BIGC = 0.0028 
    CIGC =  0.002 
    AIGSD =  0.012 
    BIGSD = 0.0028 
    CIGSD =  0.002 
    AIGBACC =  0.012 
    BIGBACC = 0.0028 
    CIGBACC =  0.002 
    AIGBINV =  0.014 
    BIGBINV =  0.004 
    CIGBINV =  0.004 
    NIGC =      1 
    NIGBINV =      3 
    NIGBACC =      1 
    NTOX =      1 
    EIGBINV =    1.1 
    PIGCD =      1 
    POXEDGE =      1 
    XRCRG1 =     12 
    TNOIA =    1.5 
    TNOIB =    3.5 
    NTNOI =      1 
    XRCRG2 =      5 
    BETA0 =     30 
    IJTHDFWD =   0.01 
    IJTHSFWD =   0.01 
    IJTHDREV =  0.001 
    IJTHSREV =  0.001 
    XJBVD =      1 
    XJBVS =      1 
    BVD =     10 
    BVS =     10 
    VFB =  -0.55 
    GBMIN =  1e-10 
    RBDB =     15 
    RBPB =      5 
    RBSB =     15 
    RBPS =     15 
    RBPD =     15 
    CGSL = 2.653e-10 
    CGDL = 2.653e-10 
    CKAPPAS =   0.03 
    CKAPPAD =   0.03 
    CF = 1.208e-10 
    CLC =  1e-07 
    CLE =    0.6 
    DWC =  5e-09 
    DLC = 2.7e-09 
    DLCIG = 2.7e-09 
    DWJ =      0 
    VFBCV =     -1 
    ACDE =      1 
    MOIN =     15 
    NOFF =    0.9 
    VOFFCV =   0.02 
    DMCG =      0 
    DMCI =      0 
    DMDG =      0 
    DMCGT =      0 
    XGW =      0 
    XGL =      0 
    RSHG =    0.4 
    NGCON =      1 
    TCJ =  0.001 
    TPB =  0.005 
    TCJSW =  0.001 
    TPBSW =  0.005 
    TCJSWG =  0.001 
    TPBSWG =  0.005 
    SK0 =      0 
    SK1 =      0 
    SK2 =      0 
    SL =  2e-06 
    SW =  2e-06 
    K =      0 
    TNOM =  300.1 
    CGSO = 8.5e-11 
    CGDO = 8.5e-11 
    CGBO = 2.56e-11 
    XPART =      0 
    RSH =      5 
    JSS = 0.0001 
    JSWS =  1e-11 
    JSWGS =  1e-10 
    PBS =      1 
    MJS =    0.5 
    PBSWS =      1 
    MJSWS =   0.33 
    CJS = 0.0005 
    CJSWS =  5e-10 
    NJS =      1 
    PBSWGS =      1 
    MJSWGS =   0.33 
    CJSWGS =  3e-10 
    XTIS =      3 
    JSD = 0.0001 
    JSWD =  1e-11 
    JSWGD =  1e-10 
    PBD =      1 
    MJD =    0.5 
    PBSWD =      1 
    MJSWD =   0.33 
    CJD = 0.0005 
    CJSWD =  5e-10 
    NJD =      1 
    PBSWGD =      1 
    MJSWGD =   0.33 
    CJSWGD =  5e-10 
    XTID =      3 
    LMLT =      1 
    WMLT =      1 
    LINT = 2.7e-09 
    LL =      0 
    LLC =      0 
    LLN =      1 
    LW =      0 
    LWC =      0 
    LWN =      1 
    LWL =      0 
    LWLC =      0 
    LMIN =      0 
    LMAX =      1 
    WINT =  5e-09 
    WL =      0 
    WLC =      0 
    WLN =      1 
    WW =      0 
    WWC =      0 
    WWN =      1 
    WWL =      0 
    WWLC =      0 
    WMIN =      0 
    WMAX =      1 
    NOIA = 6.25e+41 
    NOIB = 3.125e+26 
    NOIC = 8.75e+09 
    EM = 4.1e+07 
    EF =      1 
    AF =      1 
    KF =      0 
    TRS =      0 
    TRD =      0 
 Model file: 32nm_bulk.pm.txt
 Model line:           77
 Model Name: pmos  
 BSIM4 Model (Level 54)
    MOBMOD = 0
    BINUNIT = 1
    PARAMCHK = 1
    CAPMOD = 2
    DIOMOD = 1
    RDSMOD = 0
    TRNQSMOD = 0
    ACNQSMOD = 0
    RBODYMOD = 1
    RGATEMOD = 1
    PERMOD = 1
    GEOMOD = 1
    RGEOMOD = 0
    FNOIMOD = 1
    TNOIMOD = 0
    IGCMOD = 1
    IGBMOD = 1
    STIMOD = 0
    VERSION =      4 
    TOXREF = 1.75e-09 
    TOXE = 1.75e-09 
    TOXP =  1e-09 
    TOXM = 1.75e-09 
    DTOX = 7.5e-10 
    EPSROX =    3.9 
    CDSC =      0 
    CDSCB =      0 
    CDSCD =      0 
    CIT =      0 
    NFACTOR =    2.3 
    XJ =  1e-08 
    VSAT =  7e+04 
    A0 =      1 
    AGS =  1e-20 
    A1 =      0 
    A2 =      1 
    AT = 3.3e+04 
    KETA = -0.047 
    NSUB =  6e+16 
    NDEP = 3.07e+18 
    NSD =  2e+20 
    NGATE =  2e+20 
    GAMMA1 =      0 
    GAMMA2 =      0 
    VBX =      0 
    VBM =     -3 
    XT = 1.55e-07 
    K1 =    0.4 
    KT1 =  -0.11 
    KT1L =      0 
    KT2 =  0.022 
    K2 =  -0.01 
    K3 =      0 
    K3B =      0 
    LPE0 =      0 
    LPEB =      0 
    DVTP0 =  1e-11 
    DVTP1 =   0.05 
    W0 = 2.5e-06 
    DVT0 =      1 
    DVT1 =      2 
    DVT2 = -0.032 
    DVT0W =      0 
    DVT1W =      0 
    DVT2W =      0 
    DROUT =    0.6 
    DSUB =    0.1 
    VTH0 =  -0.45 
    EU =      1 
    UA =  2e-09 
    UA1 = 4.31e-09 
    UB =  5e-19 
    UB1 = 7.61e-18 
    UC =      0 
    UC1 = -5.6e-11 
    U0 = 0.00355 
    UTE =   -1.5 
    VOFF = -0.126 
    VOFFL =      0 
    MINV =   0.05 
    FPROUT =    0.2 
    PDITS =   0.08 
    PDITSD =   0.23 
    PDITSL = 2.3e+06 
    DELTA =   0.01 
    RDSW =    150 
    RDSWMIN =      0 
    RDWMIN =      0 
    RSWMIN =      0 
    RDW =     75 
    RSW =     75 
    PRWG =      0 
    PRWB =      0 
    PRT =      0 
    ETA0 = 0.0042 
    ETAB =      0 
    PCLM =    0.1 
    PDIBLC1 =  0.001 
    PDIBLC2 =  0.001 
    PDIBLCB = 3.4e-08 
    PSCBE1 = 8.14e+08 
    PSCBE2 = 9.58e-07 
    PVAG =  1e-20 
    WR =      1 
    DWG =      0 
    DWB =      0 
    XW =      0 
    XWREF =      0 
    XL = -1.4e-08 
    XLREF = -1.4e-08 
    B0 =      0 
    B1 =      0 
    ALPHA0 =  0.074 
    ALPHA1 =  0.005 
    AGIDL = 0.0002 
    BGIDL = 2.1e+09 
    CGIDL = 0.0002 
    PHIN =      0 
    EGIDL =    0.8 
    AIGC =   0.69 
    BIGC = 0.0012 
    CIGC = 0.0008 
    AIGSD = 0.0087 
    BIGSD = 0.0012 
    CIGSD = 0.0008 
    AIGBACC =  0.012 
    BIGBACC = 0.0028 
    CIGBACC =  0.002 
    AIGBINV =  0.014 
    BIGBINV =  0.004 
    CIGBINV =  0.004 
    NIGC =      1 
    NIGBINV =      3 
    NIGBACC =      1 
    NTOX =      1 
    EIGBINV =    1.1 
    PIGCD =      1 
    POXEDGE =      1 
    XRCRG1 =     12 
    TNOIA =    1.5 
    TNOIB =    3.5 
    NTNOI =      1 
    XRCRG2 =      5 
    BETA0 =     30 
    IJTHDFWD =   0.01 
    IJTHSFWD =   0.01 
    IJTHDREV =  0.001 
    IJTHSREV =  0.001 
    XJBVD =      1 
    XJBVS =      1 
    BVD =     10 
    BVS =     10 
    VFB =   0.55 
    GBMIN =  1e-10 
    RBDB =     15 
    RBPB =      5 
    RBSB =     15 
    RBPS =     15 
    RBPD =     15 
    CGSL = 2.653e-10 
    CGDL = 2.653e-10 
    CKAPPAS =   0.03 
    CKAPPAD =   0.03 
    CF = 1.195e-10 
    CLC =  1e-07 
    CLE =    0.6 
    DWC =  5e-09 
    DLC = 2.7e-09 
    DLCIG = 2.7e-09 
    DWJ =      0 
    VFBCV =     -1 
    ACDE =      1 
    MOIN =     15 
    NOFF =    0.9 
    VOFFCV =   0.02 
    DMCG =      0 
    DMCI =      0 
    DMDG =      0 
    DMCGT =      0 
    XGW =      0 
    XGL =      0 
    RSHG =    0.4 
    NGCON =      1 
    TCJ =  0.001 
    TPB =  0.005 
    TCJSW =  0.001 
    TPBSW =  0.005 
    TCJSWG =  0.001 
    TPBSWG =  0.005 
    SK0 =      0 
    SK1 =      0 
    SK2 =      0 
    SL =  2e-06 
    SW =  2e-06 
    K =      0 
    TNOM =  300.1 
    CGSO = 8.5e-11 
    CGDO = 8.5e-11 
    CGBO = 2.56e-11 
    XPART =      0 
    RSH =      5 
    JSS = 0.0001 
    JSWS =  1e-11 
    JSWGS =  1e-10 
    PBS =      1 
    MJS =    0.5 
    PBSWS =      1 
    MJSWS =   0.33 
    CJS = 0.0005 
    CJSWS =  5e-10 
    NJS =      1 
    PBSWGS =      1 
    MJSWGS =   0.33 
    CJSWGS =  3e-10 
    XTIS =      3 
    JSD = 0.0001 
    JSWD =  1e-11 
    JSWGD =  1e-10 
    PBD =      1 
    MJD =    0.5 
    PBSWD =      1 
    MJSWD =   0.33 
    CJD = 0.0005 
    CJSWD =  5e-10 
    NJD =      1 
    PBSWGD =      1 
    MJSWGD =   0.33 
    CJSWGD =  5e-10 
    XTID =      3 
    LMLT =      1 
    WMLT =      1 
    LINT = 2.7e-09 
    LL =      0 
    LLC =      0 
    LLN =      1 
    LW =      0 
    LWC =      0 
    LWN =      1 
    LWL =      0 
    LWLC =      0 
    LMIN =      0 
    LMAX =      1 
    WINT =  5e-09 
    WL =      0 
    WLC =      0 
    WLN =      1 
    WW =      0 
    WWC =      0 
    WWN =      1 
    WWL =      0 
    WWLC =      0 
    WMIN =      0 
    WMAX =      1 
    NOIA = 6.188e+40 
    NOIB = 1.5e+25 
    NOIC = 8.75e+09 
    EM = 4.1e+07 
    EF =      1 
    AF =      1 
    KF =      0 
    TRS =      0 
    TRD =      0 
  **info** (ca2.sp:19) DC voltage reset to initial transient source value in source 0:vin. new dc=0.0000D+00
  **warning** (nmos:mn1 (ca2.sp:51)) Warning:  Acde = 0.263957 may be too small in BSIM4 model with w=2.24e-07 l=3.2e-08.
  
      
 **info** set option symb=1 internally to help for convergence.
 *****************************************************************
 ******  option summary
 ******
 runlvl  = 3         bypass  = 2.0000    
 **info** dc convergence successful at Newton-Raphson method 
 ******  
 * full combinational circuit for ca2 - advanced vlsi

 ****** operating point information tnom=  25.000 temp=  25.000 ******
 ****** operating point status is voltage   simulation time is     0.     
    node    =voltage      node    =voltage      node    =voltage

 +0:a       =   0.      0:i       =  20.0150m 0:j       =   1.7992 
 +0:k       =   1.7907  0:n       =  52.6945m 0:n1      =  45.3723m
 +0:out     =   1.7906  0:out2    =   1.7813  0:vdd     =   1.8000 
 +0:w       =   1.7720  0:x       =  20.1196m 0:z1      =   0.     
 +0:z2      =   0.      0:z3      =   0.      0:z4      =   0.     
 +0:z5      =   0.      0:z6      =   1.8000  0:z7      =   1.8000 
 +0:z8      =   1.8000  1:net1    =   1.7860  2:net1    =   1.7460 
 +2:net2    =   1.7732  3:net1    =   1.7460  3:net2    =   1.7732 
 +4:net1    =   1.3402  5:net1    =   5.3457m 6:net1    =   5.3463m

 ******
 * full combinational circuit for ca2 - advanced vlsi

 ****** transient analysis tnom=  25.000 temp=  25.000 ******
 delay_w=   3.1946p  targ=   8.1946p   trig=   5.0000p
 delay_i=   4.8626p  targ=  13.0573p   trig=   8.1946p
 delay_x=  15.1265p  targ=  23.3211p   trig=   8.1946p
 delay_j=   4.5671p  targ=  27.8883p   trig=  23.3211p
 delay_out=  41.2219p  targ=  64.5430p   trig=  23.3211p
 delay_k=   6.2872p  targ=  29.6083p   trig=  23.3211p
 delay_n=  35.5896p  targ= 100.1326p   trig=  64.5430p
 trise=  97.0875p  targ= 631.9955p   trig= 534.9080p
 tfall=  83.9840p  targ= 121.0944p   trig=  37.1104p
 tpd=  90.5357p
 tpdr=  59.5430p  targ=  64.5430p   trig=   5.0000p
 tpdf=  48.2339p  targ= 563.2339p   trig= 515.0000p
 td_a_w=   3.1946p  targ=   8.1946p   trig=   5.0000p
 td_w_x=  15.1265p  targ=  23.3211p   trig=   8.1946p
 td_x_out=  41.2219p  targ=  64.5430p   trig=  23.3211p
 td_out_n=  35.5896p  targ= 100.1326p   trig=  64.5430p
 total_delay=  59.5430p
 power= 912.3366u  from=   0.             to=   2.0000n

          ***** job concluded
 ******  
 * full combinational circuit for ca2 - advanced vlsi

 ****** job statistics summary tnom=  25.000 temp=  25.000 ******

  ******  HSPICE Threads Information  ******

  Command Line Threads Count :     1
  Available CPU Count        :    20
  Actual Threads Count       :     1


  ******  Circuit Statistics  ******
  # nodes       =     164 # elements   =      45
  # resistors   =       0 # capacitors =       1 # inductors   =       0
  # mutual_inds =       0 # vccs       =       0 # vcvs        =       0
  # cccs        =       0 # ccvs       =       0 # volt_srcs   =      10
  # curr_srcs   =       0 # diodes     =       0 # bjts        =       0
  # jfets       =       0 # mosfets    =      34 # U elements  =       0
  # T elements  =       0 # W elements =       0 # B elements  =       0
  # S elements  =       0 # P elements =       0 # va device   =       0
  # vector_srcs =       0 # N elements =       0


  ******  Runtime Statistics (seconds)  ******

  analysis           time    # points   tot. iter  conv.iter
  op point           0.00           1          10
  transient          0.02        2001         400         136 rev=         2
  readin             0.02
  errchk             0.00
  setup              0.00
  output             0.00


           peak memory used         63.42 megabytes
           total cpu time            0.04 seconds
           total elapsed time        0.06 seconds
           job started at     14:29:55 05/29/2025
           job ended   at     14:29:55 05/29/2025
  **warning** (ca2.sp:24) Global net name "gnd" in subckt pin list. The pin will be connected to the local net. Recommend to not use global net names in subckt pin lists.
 ******  
 * full combinational circuit for ca2 - advanced vlsi

 ****** circuit name directory
 circuit number to circuit name directory
   number circuitname                     definition         multiplier
        0 main circuit
        1 xnor2_gate.                     nor2               1.00 
        2 xnor_i.                         nor3               1.00 
        3 xnor_x.                         nor3               1.00 
        4 xnand2_j.                       nand2              1.00 
        5 xnand2_out.                     nand2              1.00 
        6 xnand2_k.                       nand2              1.00 
        7 xinv_n1.                        inverter           1.00 
        8 xinv_out2.                      inverter           1.00 
        9 xinv_n.                         inverter           1.00 

**warning** NO.2 tran analysis statement is duplicate, ignored!
 ******  
 * full combinational circuit for ca2 - advanced vlsi

 ****** mos   model parameters tnom=  25.000 temp=  25.000 ******
 Model file: 32nm_bulk.pm.txt
 Model line:            6
 Model Name: nmos  
 BSIM4 Model (Level 54)
    MOBMOD = 0
    BINUNIT = 1
    PARAMCHK = 1
    CAPMOD = 2
    DIOMOD = 1
    RDSMOD = 0
    TRNQSMOD = 0
    ACNQSMOD = 0
    RBODYMOD = 1
    RGATEMOD = 1
    PERMOD = 1
    GEOMOD = 1
    RGEOMOD = 0
    FNOIMOD = 1
    TNOIMOD = 0
    IGCMOD = 1
    IGBMOD = 1
    STIMOD = 0
    VERSION =      4 
    TOXREF = 1.65e-09 
    TOXE = 1.65e-09 
    TOXP =  1e-09 
    TOXM = 1.65e-09 
    DTOX = 6.5e-10 
    EPSROX =    3.9 
    CDSC =      0 
    CDSCB =      0 
    CDSCD =      0 
    CIT =      0 
    NFACTOR =    2.3 
    XJ =  1e-08 
    VSAT = 1.785e+05 
    A0 =      1 
    AGS =      0 
    A1 =      0 
    A2 =      1 
    AT = 3.3e+04 
    KETA =   0.04 
    NSUB =  6e+16 
    NDEP = 4.12e+18 
    NSD =  2e+20 
    NGATE =  2e+20 
    GAMMA1 =      0 
    GAMMA2 =      0 
    VBX =      0 
    VBM =     -3 
    XT = 1.55e-07 
    K1 =    0.4 
    KT1 =  -0.11 
    KT1L =      0 
    KT2 =  0.022 
    K2 =      0 
    K3 =      0 
    K3B =      0 
    LPE0 =      0 
    LPEB =      0 
    DVTP0 =  1e-11 
    DVTP1 =    0.1 
    W0 = 2.5e-06 
    DVT0 =      1 
    DVT1 =      2 
    DVT2 =      0 
    DVT0W =      0 
    DVT1W =      0 
    DVT2W =      0 
    DROUT =    0.5 
    DSUB =    0.1 
    VTH0 = 0.5088 
    EU =   1.67 
    UA =  6e-10 
    UA1 = 4.31e-09 
    UB = 1.2e-18 
    UB1 = 7.61e-18 
    UC =      0 
    UC1 = -5.6e-11 
    U0 = 0.0389 
    UTE =   -1.5 
    VOFF =  -0.13 
    VOFFL =      0 
    MINV =   0.05 
    FPROUT =    0.2 
    PDITS =   0.01 
    PDITSD =   0.23 
    PDITSL = 2.3e+06 
    DELTA =   0.01 
    RDSW =    150 
    RDSWMIN =      0 
    RDWMIN =      0 
    RSWMIN =      0 
    RDW =     75 
    RSW =     75 
    PRWG =      0 
    PRWB =      0 
    PRT =      0 
    ETA0 = 0.0042 
    ETAB =      0 
    PCLM =   0.02 
    PDIBLC1 =  0.001 
    PDIBLC2 =  0.001 
    PDIBLCB = -0.005 
    PSCBE1 = 8.14e+08 
    PSCBE2 =  1e-07 
    PVAG =  1e-20 
    WR =      1 
    DWG =      0 
    DWB =      0 
    XW =      0 
    XWREF =      0 
    XL = -1.4e-08 
    XLREF = -1.4e-08 
    B0 =      0 
    B1 =      0 
    ALPHA0 =  0.074 
    ALPHA1 =  0.005 
    AGIDL = 0.0002 
    BGIDL = 2.1e+09 
    CGIDL = 0.0002 
    PHIN =      0 
    EGIDL =    0.8 
    AIGC =  0.012 
    BIGC = 0.0028 
    CIGC =  0.002 
    AIGSD =  0.012 
    BIGSD = 0.0028 
    CIGSD =  0.002 
    AIGBACC =  0.012 
    BIGBACC = 0.0028 
    CIGBACC =  0.002 
    AIGBINV =  0.014 
    BIGBINV =  0.004 
    CIGBINV =  0.004 
    NIGC =      1 
    NIGBINV =      3 
    NIGBACC =      1 
    NTOX =      1 
    EIGBINV =    1.1 
    PIGCD =      1 
    POXEDGE =      1 
    XRCRG1 =     12 
    TNOIA =    1.5 
    TNOIB =    3.5 
    NTNOI =      1 
    XRCRG2 =      5 
    BETA0 =     30 
    IJTHDFWD =   0.01 
    IJTHSFWD =   0.01 
    IJTHDREV =  0.001 
    IJTHSREV =  0.001 
    XJBVD =      1 
    XJBVS =      1 
    BVD =     10 
    BVS =     10 
    VFB =  -0.55 
    GBMIN =  1e-10 
    RBDB =     15 
    RBPB =      5 
    RBSB =     15 
    RBPS =     15 
    RBPD =     15 
    CGSL = 2.653e-10 
    CGDL = 2.653e-10 
    CKAPPAS =   0.03 
    CKAPPAD =   0.03 
    CF = 1.208e-10 
    CLC =  1e-07 
    CLE =    0.6 
    DWC =  5e-09 
    DLC = 2.7e-09 
    DLCIG = 2.7e-09 
    DWJ =      0 
    VFBCV =     -1 
    ACDE =      1 
    MOIN =     15 
    NOFF =    0.9 
    VOFFCV =   0.02 
    DMCG =      0 
    DMCI =      0 
    DMDG =      0 
    DMCGT =      0 
    XGW =      0 
    XGL =      0 
    RSHG =    0.4 
    NGCON =      1 
    TCJ =  0.001 
    TPB =  0.005 
    TCJSW =  0.001 
    TPBSW =  0.005 
    TCJSWG =  0.001 
    TPBSWG =  0.005 
    SK0 =      0 
    SK1 =      0 
    SK2 =      0 
    SL =  2e-06 
    SW =  2e-06 
    K =      0 
    TNOM =  300.1 
    CGSO = 8.5e-11 
    CGDO = 8.5e-11 
    CGBO = 2.56e-11 
    XPART =      0 
    RSH =      5 
    JSS = 0.0001 
    JSWS =  1e-11 
    JSWGS =  1e-10 
    PBS =      1 
    MJS =    0.5 
    PBSWS =      1 
    MJSWS =   0.33 
    CJS = 0.0005 
    CJSWS =  5e-10 
    NJS =      1 
    PBSWGS =      1 
    MJSWGS =   0.33 
    CJSWGS =  3e-10 
    XTIS =      3 
    JSD = 0.0001 
    JSWD =  1e-11 
    JSWGD =  1e-10 
    PBD =      1 
    MJD =    0.5 
    PBSWD =      1 
    MJSWD =   0.33 
    CJD = 0.0005 
    CJSWD =  5e-10 
    NJD =      1 
    PBSWGD =      1 
    MJSWGD =   0.33 
    CJSWGD =  5e-10 
    XTID =      3 
    LMLT =      1 
    WMLT =      1 
    LINT = 2.7e-09 
    LL =      0 
    LLC =      0 
    LLN =      1 
    LW =      0 
    LWC =      0 
    LWN =      1 
    LWL =      0 
    LWLC =      0 
    LMIN =      0 
    LMAX =      1 
    WINT =  5e-09 
    WL =      0 
    WLC =      0 
    WLN =      1 
    WW =      0 
    WWC =      0 
    WWN =      1 
    WWL =      0 
    WWLC =      0 
    WMIN =      0 
    WMAX =      1 
    NOIA = 6.25e+41 
    NOIB = 3.125e+26 
    NOIC = 8.75e+09 
    EM = 4.1e+07 
    EF =      1 
    AF =      1 
    KF =      0 
    TRS =      0 
    TRD =      0 
 Model file: 32nm_bulk.pm.txt
 Model line:           77
 Model Name: pmos  
 BSIM4 Model (Level 54)
    MOBMOD = 0
    BINUNIT = 1
    PARAMCHK = 1
    CAPMOD = 2
    DIOMOD = 1
    RDSMOD = 0
    TRNQSMOD = 0
    ACNQSMOD = 0
    RBODYMOD = 1
    RGATEMOD = 1
    PERMOD = 1
    GEOMOD = 1
    RGEOMOD = 0
    FNOIMOD = 1
    TNOIMOD = 0
    IGCMOD = 1
    IGBMOD = 1
    STIMOD = 0
    VERSION =      4 
    TOXREF = 1.75e-09 
    TOXE = 1.75e-09 
    TOXP =  1e-09 
    TOXM = 1.75e-09 
    DTOX = 7.5e-10 
    EPSROX =    3.9 
    CDSC =      0 
    CDSCB =      0 
    CDSCD =      0 
    CIT =      0 
    NFACTOR =    2.3 
    XJ =  1e-08 
    VSAT =  7e+04 
    A0 =      1 
    AGS =  1e-20 
    A1 =      0 
    A2 =      1 
    AT = 3.3e+04 
    KETA = -0.047 
    NSUB =  6e+16 
    NDEP = 3.07e+18 
    NSD =  2e+20 
    NGATE =  2e+20 
    GAMMA1 =      0 
    GAMMA2 =      0 
    VBX =      0 
    VBM =     -3 
    XT = 1.55e-07 
    K1 =    0.4 
    KT1 =  -0.11 
    KT1L =      0 
    KT2 =  0.022 
    K2 =  -0.01 
    K3 =      0 
    K3B =      0 
    LPE0 =      0 
    LPEB =      0 
    DVTP0 =  1e-11 
    DVTP1 =   0.05 
    W0 = 2.5e-06 
    DVT0 =      1 
    DVT1 =      2 
    DVT2 = -0.032 
    DVT0W =      0 
    DVT1W =      0 
    DVT2W =      0 
    DROUT =    0.6 
    DSUB =    0.1 
    VTH0 =  -0.45 
    EU =      1 
    UA =  2e-09 
    UA1 = 4.31e-09 
    UB =  5e-19 
    UB1 = 7.61e-18 
    UC =      0 
    UC1 = -5.6e-11 
    U0 = 0.00355 
    UTE =   -1.5 
    VOFF = -0.126 
    VOFFL =      0 
    MINV =   0.05 
    FPROUT =    0.2 
    PDITS =   0.08 
    PDITSD =   0.23 
    PDITSL = 2.3e+06 
    DELTA =   0.01 
    RDSW =    150 
    RDSWMIN =      0 
    RDWMIN =      0 
    RSWMIN =      0 
    RDW =     75 
    RSW =     75 
    PRWG =      0 
    PRWB =      0 
    PRT =      0 
    ETA0 = 0.0042 
    ETAB =      0 
    PCLM =    0.1 
    PDIBLC1 =  0.001 
    PDIBLC2 =  0.001 
    PDIBLCB = 3.4e-08 
    PSCBE1 = 8.14e+08 
    PSCBE2 = 9.58e-07 
    PVAG =  1e-20 
    WR =      1 
    DWG =      0 
    DWB =      0 
    XW =      0 
    XWREF =      0 
    XL = -1.4e-08 
    XLREF = -1.4e-08 
    B0 =      0 
    B1 =      0 
    ALPHA0 =  0.074 
    ALPHA1 =  0.005 
    AGIDL = 0.0002 
    BGIDL = 2.1e+09 
    CGIDL = 0.0002 
    PHIN =      0 
    EGIDL =    0.8 
    AIGC =   0.69 
    BIGC = 0.0012 
    CIGC = 0.0008 
    AIGSD = 0.0087 
    BIGSD = 0.0012 
    CIGSD = 0.0008 
    AIGBACC =  0.012 
    BIGBACC = 0.0028 
    CIGBACC =  0.002 
    AIGBINV =  0.014 
    BIGBINV =  0.004 
    CIGBINV =  0.004 
    NIGC =      1 
    NIGBINV =      3 
    NIGBACC =      1 
    NTOX =      1 
    EIGBINV =    1.1 
    PIGCD =      1 
    POXEDGE =      1 
    XRCRG1 =     12 
    TNOIA =    1.5 
    TNOIB =    3.5 
    NTNOI =      1 
    XRCRG2 =      5 
    BETA0 =     30 
    IJTHDFWD =   0.01 
    IJTHSFWD =   0.01 
    IJTHDREV =  0.001 
    IJTHSREV =  0.001 
    XJBVD =      1 
    XJBVS =      1 
    BVD =     10 
    BVS =     10 
    VFB =   0.55 
    GBMIN =  1e-10 
    RBDB =     15 
    RBPB =      5 
    RBSB =     15 
    RBPS =     15 
    RBPD =     15 
    CGSL = 2.653e-10 
    CGDL = 2.653e-10 
    CKAPPAS =   0.03 
    CKAPPAD =   0.03 
    CF = 1.195e-10 
    CLC =  1e-07 
    CLE =    0.6 
    DWC =  5e-09 
    DLC = 2.7e-09 
    DLCIG = 2.7e-09 
    DWJ =      0 
    VFBCV =     -1 
    ACDE =      1 
    MOIN =     15 
    NOFF =    0.9 
    VOFFCV =   0.02 
    DMCG =      0 
    DMCI =      0 
    DMDG =      0 
    DMCGT =      0 
    XGW =      0 
    XGL =      0 
    RSHG =    0.4 
    NGCON =      1 
    TCJ =  0.001 
    TPB =  0.005 
    TCJSW =  0.001 
    TPBSW =  0.005 
    TCJSWG =  0.001 
    TPBSWG =  0.005 
    SK0 =      0 
    SK1 =      0 
    SK2 =      0 
    SL =  2e-06 
    SW =  2e-06 
    K =      0 
    TNOM =  300.1 
    CGSO = 8.5e-11 
    CGDO = 8.5e-11 
    CGBO = 2.56e-11 
    XPART =      0 
    RSH =      5 
    JSS = 0.0001 
    JSWS =  1e-11 
    JSWGS =  1e-10 
    PBS =      1 
    MJS =    0.5 
    PBSWS =      1 
    MJSWS =   0.33 
    CJS = 0.0005 
    CJSWS =  5e-10 
    NJS =      1 
    PBSWGS =      1 
    MJSWGS =   0.33 
    CJSWGS =  3e-10 
    XTIS =      3 
    JSD = 0.0001 
    JSWD =  1e-11 
    JSWGD =  1e-10 
    PBD =      1 
    MJD =    0.5 
    PBSWD =      1 
    MJSWD =   0.33 
    CJD = 0.0005 
    CJSWD =  5e-10 
    NJD =      1 
    PBSWGD =      1 
    MJSWGD =   0.33 
    CJSWGD =  5e-10 
    XTID =      3 
    LMLT =      1 
    WMLT =      1 
    LINT = 2.7e-09 
    LL =      0 
    LLC =      0 
    LLN =      1 
    LW =      0 
    LWC =      0 
    LWN =      1 
    LWL =      0 
    LWLC =      0 
    LMIN =      0 
    LMAX =      1 
    WINT =  5e-09 
    WL =      0 
    WLC =      0 
    WLN =      1 
    WW =      0 
    WWC =      0 
    WWN =      1 
    WWL =      0 
    WWLC =      0 
    WMIN =      0 
    WMAX =      1 
    NOIA = 6.188e+40 
    NOIB = 1.5e+25 
    NOIC = 8.75e+09 
    EM = 4.1e+07 
    EF =      1 
    AF =      1 
    KF =      0 
    TRS =      0 
    TRD =      0 
  **info** (ca2.sp:19) DC voltage reset to initial transient source value in source 0:vin. new dc=0.0000D+00
  
      
 **info** set option symb=1 internally to help for convergence.
 *****************************************************************
 ******  option summary
 ******
 runlvl  = 3         bypass  = 2.0000    
 **info** dc convergence successful at Newton-Raphson method 
 ******  
 * full combinational circuit for ca2 - advanced vlsi

 ****** operating point information tnom=  25.000 temp=  25.000 ******
 ****** operating point status is voltage   simulation time is     0.     
    node    =voltage      node    =voltage      node    =voltage

 +0:a       =   0.      0:i       =  19.0790m 0:j       =   1.7992 
 +0:k       =   1.7907  0:n       =  52.6924m 0:n1      =  45.3504m
 +0:out     =   1.7907  0:out2    =   1.7813  0:vdd     =   1.8000 
 +0:w       =   1.7725  0:x       =  19.7580m 0:z1      =   0.     
 +0:z2      =   0.      0:z3      =   0.      0:z4      =   0.     
 +0:z5      =   0.      0:z6      =   1.8000  0:z7      =   1.8000 
 +0:z8      =   1.8000  1:net1    =   1.7863  2:net1    =   1.7469 
 +2:net2    =   1.7736  3:net1    =   1.7470  3:net2    =   1.7737 
 +4:net1    =   1.3404  5:net1    =   5.3174m 6:net1    =   5.3180m

 ******
 * full combinational circuit for ca2 - advanced vlsi

 ****** transient analysis tnom=  25.000 temp=  25.000 ******
 delay_w=   1.7826p  targ=   6.7826p   trig=   5.0000p
 delay_i=   4.4217p  targ=  11.2043p   trig=   6.7826p
 delay_x=  78.3512p  targ=  85.1339p   trig=   6.7826p
 delay_j=   5.2477p  targ=  90.3815p   trig=  85.1339p
 delay_out=  56.0008p  targ= 141.1346p   trig=  85.1339p
 delay_k=  16.9722p  targ= 102.1061p   trig=  85.1339p
 delay_n=  36.3794p  targ= 177.5141p   trig= 141.1346p
 trise= 102.6250p  targ= 648.8599p   trig= 546.2349p
 tfall= 109.6237p  targ= 209.6233p   trig=  99.9996p
 tpd= 106.1244p
 tpdr= 136.1346p  targ= 141.1346p   trig=   5.0000p
 tpdf=  64.5465p  targ= 579.5465p   trig= 515.0000p
 td_a_w=   1.7826p  targ=   6.7826p   trig=   5.0000p
 td_w_x=  78.3512p  targ=  85.1339p   trig=   6.7826p
 td_x_out=  56.0008p  targ= 141.1346p   trig=  85.1339p
 td_out_n=  36.3794p  targ= 177.5141p   trig= 141.1346p
 total_delay= 136.1346p
 power= 989.9612u  from=   0.             to=   2.0000n

          ***** job concluded
 ******  
 * full combinational circuit for ca2 - advanced vlsi

 ****** job statistics summary tnom=  25.000 temp=  25.000 ******

  ******  Circuit Statistics  ******
  # nodes       =     164 # elements   =      45
  # resistors   =       0 # capacitors =       1 # inductors   =       0
  # mutual_inds =       0 # vccs       =       0 # vcvs        =       0
  # cccs        =       0 # ccvs       =       0 # volt_srcs   =      10
  # curr_srcs   =       0 # diodes     =       0 # bjts        =       0
  # jfets       =       0 # mosfets    =      34 # U elements  =       0
  # T elements  =       0 # W elements =       0 # B elements  =       0
  # S elements  =       0 # P elements =       0 # va device   =       0
  # vector_srcs =       0 # N elements =       0


  ******  Runtime Statistics (seconds)  ******

  analysis           time    # points   tot. iter  conv.iter
  op point           0.00           1          10
  transient          0.01        2001         411         142 rev=         0
  readin             0.00
  errchk             0.00
  setup              0.00
  output             0.00


           peak memory used         64.40 megabytes
           total cpu time            0.02 seconds
           total elapsed time        0.03 seconds
           job started at     14:29:55 05/29/2025
           job ended   at     14:29:55 05/29/2025
  **warning** (ca2.sp:24) Global net name "gnd" in subckt pin list. The pin will be connected to the local net. Recommend to not use global net names in subckt pin lists.
 ******  
 * full combinational circuit for ca2 - advanced vlsi

 ****** circuit name directory
 circuit number to circuit name directory
   number circuitname                     definition         multiplier
        0 main circuit
        1 xnor2_gate.                     nor2               1.00 
        2 xnor_i.                         nor3               1.00 
        3 xnor_x.                         nor3               1.00 
        4 xnand2_j.                       nand2              1.00 
        5 xnand2_out.                     nand2              1.00 
        6 xnand2_k.                       nand2              1.00 
        7 xinv_n1.                        inverter           1.00 
        8 xinv_out2.                      inverter           1.00 
        9 xinv_n.                         inverter           1.00 

**warning** NO.2 tran analysis statement is duplicate, ignored!

**warning** NO.3 tran analysis statement is duplicate, ignored!
 ******  
 * full combinational circuit for ca2 - advanced vlsi

 ****** mos   model parameters tnom=  25.000 temp=  25.000 ******
 Model file: 32nm_bulk.pm.txt
 Model line:            6
 Model Name: nmos  
 BSIM4 Model (Level 54)
    MOBMOD = 0
    BINUNIT = 1
    PARAMCHK = 1
    CAPMOD = 2
    DIOMOD = 1
    RDSMOD = 0
    TRNQSMOD = 0
    ACNQSMOD = 0
    RBODYMOD = 1
    RGATEMOD = 1
    PERMOD = 1
    GEOMOD = 1
    RGEOMOD = 0
    FNOIMOD = 1
    TNOIMOD = 0
    IGCMOD = 1
    IGBMOD = 1
    STIMOD = 0
    VERSION =      4 
    TOXREF = 1.65e-09 
    TOXE = 1.65e-09 
    TOXP =  1e-09 
    TOXM = 1.65e-09 
    DTOX = 6.5e-10 
    EPSROX =    3.9 
    CDSC =      0 
    CDSCB =      0 
    CDSCD =      0 
    CIT =      0 
    NFACTOR =    2.3 
    XJ =  1e-08 
    VSAT = 1.785e+05 
    A0 =      1 
    AGS =      0 
    A1 =      0 
    A2 =      1 
    AT = 3.3e+04 
    KETA =   0.04 
    NSUB =  6e+16 
    NDEP = 4.12e+18 
    NSD =  2e+20 
    NGATE =  2e+20 
    GAMMA1 =      0 
    GAMMA2 =      0 
    VBX =      0 
    VBM =     -3 
    XT = 1.55e-07 
    K1 =    0.4 
    KT1 =  -0.11 
    KT1L =      0 
    KT2 =  0.022 
    K2 =      0 
    K3 =      0 
    K3B =      0 
    LPE0 =      0 
    LPEB =      0 
    DVTP0 =  1e-11 
    DVTP1 =    0.1 
    W0 = 2.5e-06 
    DVT0 =      1 
    DVT1 =      2 
    DVT2 =      0 
    DVT0W =      0 
    DVT1W =      0 
    DVT2W =      0 
    DROUT =    0.5 
    DSUB =    0.1 
    VTH0 = 0.5088 
    EU =   1.67 
    UA =  6e-10 
    UA1 = 4.31e-09 
    UB = 1.2e-18 
    UB1 = 7.61e-18 
    UC =      0 
    UC1 = -5.6e-11 
    U0 = 0.0389 
    UTE =   -1.5 
    VOFF =  -0.13 
    VOFFL =      0 
    MINV =   0.05 
    FPROUT =    0.2 
    PDITS =   0.01 
    PDITSD =   0.23 
    PDITSL = 2.3e+06 
    DELTA =   0.01 
    RDSW =    150 
    RDSWMIN =      0 
    RDWMIN =      0 
    RSWMIN =      0 
    RDW =     75 
    RSW =     75 
    PRWG =      0 
    PRWB =      0 
    PRT =      0 
    ETA0 = 0.0042 
    ETAB =      0 
    PCLM =   0.02 
    PDIBLC1 =  0.001 
    PDIBLC2 =  0.001 
    PDIBLCB = -0.005 
    PSCBE1 = 8.14e+08 
    PSCBE2 =  1e-07 
    PVAG =  1e-20 
    WR =      1 
    DWG =      0 
    DWB =      0 
    XW =      0 
    XWREF =      0 
    XL = -1.4e-08 
    XLREF = -1.4e-08 
    B0 =      0 
    B1 =      0 
    ALPHA0 =  0.074 
    ALPHA1 =  0.005 
    AGIDL = 0.0002 
    BGIDL = 2.1e+09 
    CGIDL = 0.0002 
    PHIN =      0 
    EGIDL =    0.8 
    AIGC =  0.012 
    BIGC = 0.0028 
    CIGC =  0.002 
    AIGSD =  0.012 
    BIGSD = 0.0028 
    CIGSD =  0.002 
    AIGBACC =  0.012 
    BIGBACC = 0.0028 
    CIGBACC =  0.002 
    AIGBINV =  0.014 
    BIGBINV =  0.004 
    CIGBINV =  0.004 
    NIGC =      1 
    NIGBINV =      3 
    NIGBACC =      1 
    NTOX =      1 
    EIGBINV =    1.1 
    PIGCD =      1 
    POXEDGE =      1 
    XRCRG1 =     12 
    TNOIA =    1.5 
    TNOIB =    3.5 
    NTNOI =      1 
    XRCRG2 =      5 
    BETA0 =     30 
    IJTHDFWD =   0.01 
    IJTHSFWD =   0.01 
    IJTHDREV =  0.001 
    IJTHSREV =  0.001 
    XJBVD =      1 
    XJBVS =      1 
    BVD =     10 
    BVS =     10 
    VFB =  -0.55 
    GBMIN =  1e-10 
    RBDB =     15 
    RBPB =      5 
    RBSB =     15 
    RBPS =     15 
    RBPD =     15 
    CGSL = 2.653e-10 
    CGDL = 2.653e-10 
    CKAPPAS =   0.03 
    CKAPPAD =   0.03 
    CF = 1.208e-10 
    CLC =  1e-07 
    CLE =    0.6 
    DWC =  5e-09 
    DLC = 2.7e-09 
    DLCIG = 2.7e-09 
    DWJ =      0 
    VFBCV =     -1 
    ACDE =      1 
    MOIN =     15 
    NOFF =    0.9 
    VOFFCV =   0.02 
    DMCG =      0 
    DMCI =      0 
    DMDG =      0 
    DMCGT =      0 
    XGW =      0 
    XGL =      0 
    RSHG =    0.4 
    NGCON =      1 
    TCJ =  0.001 
    TPB =  0.005 
    TCJSW =  0.001 
    TPBSW =  0.005 
    TCJSWG =  0.001 
    TPBSWG =  0.005 
    SK0 =      0 
    SK1 =      0 
    SK2 =      0 
    SL =  2e-06 
    SW =  2e-06 
    K =      0 
    TNOM =  300.1 
    CGSO = 8.5e-11 
    CGDO = 8.5e-11 
    CGBO = 2.56e-11 
    XPART =      0 
    RSH =      5 
    JSS = 0.0001 
    JSWS =  1e-11 
    JSWGS =  1e-10 
    PBS =      1 
    MJS =    0.5 
    PBSWS =      1 
    MJSWS =   0.33 
    CJS = 0.0005 
    CJSWS =  5e-10 
    NJS =      1 
    PBSWGS =      1 
    MJSWGS =   0.33 
    CJSWGS =  3e-10 
    XTIS =      3 
    JSD = 0.0001 
    JSWD =  1e-11 
    JSWGD =  1e-10 
    PBD =      1 
    MJD =    0.5 
    PBSWD =      1 
    MJSWD =   0.33 
    CJD = 0.0005 
    CJSWD =  5e-10 
    NJD =      1 
    PBSWGD =      1 
    MJSWGD =   0.33 
    CJSWGD =  5e-10 
    XTID =      3 
    LMLT =      1 
    WMLT =      1 
    LINT = 2.7e-09 
    LL =      0 
    LLC =      0 
    LLN =      1 
    LW =      0 
    LWC =      0 
    LWN =      1 
    LWL =      0 
    LWLC =      0 
    LMIN =      0 
    LMAX =      1 
    WINT =  5e-09 
    WL =      0 
    WLC =      0 
    WLN =      1 
    WW =      0 
    WWC =      0 
    WWN =      1 
    WWL =      0 
    WWLC =      0 
    WMIN =      0 
    WMAX =      1 
    NOIA = 6.25e+41 
    NOIB = 3.125e+26 
    NOIC = 8.75e+09 
    EM = 4.1e+07 
    EF =      1 
    AF =      1 
    KF =      0 
    TRS =      0 
    TRD =      0 
 Model file: 32nm_bulk.pm.txt
 Model line:           77
 Model Name: pmos  
 BSIM4 Model (Level 54)
    MOBMOD = 0
    BINUNIT = 1
    PARAMCHK = 1
    CAPMOD = 2
    DIOMOD = 1
    RDSMOD = 0
    TRNQSMOD = 0
    ACNQSMOD = 0
    RBODYMOD = 1
    RGATEMOD = 1
    PERMOD = 1
    GEOMOD = 1
    RGEOMOD = 0
    FNOIMOD = 1
    TNOIMOD = 0
    IGCMOD = 1
    IGBMOD = 1
    STIMOD = 0
    VERSION =      4 
    TOXREF = 1.75e-09 
    TOXE = 1.75e-09 
    TOXP =  1e-09 
    TOXM = 1.75e-09 
    DTOX = 7.5e-10 
    EPSROX =    3.9 
    CDSC =      0 
    CDSCB =      0 
    CDSCD =      0 
    CIT =      0 
    NFACTOR =    2.3 
    XJ =  1e-08 
    VSAT =  7e+04 
    A0 =      1 
    AGS =  1e-20 
    A1 =      0 
    A2 =      1 
    AT = 3.3e+04 
    KETA = -0.047 
    NSUB =  6e+16 
    NDEP = 3.07e+18 
    NSD =  2e+20 
    NGATE =  2e+20 
    GAMMA1 =      0 
    GAMMA2 =      0 
    VBX =      0 
    VBM =     -3 
    XT = 1.55e-07 
    K1 =    0.4 
    KT1 =  -0.11 
    KT1L =      0 
    KT2 =  0.022 
    K2 =  -0.01 
    K3 =      0 
    K3B =      0 
    LPE0 =      0 
    LPEB =      0 
    DVTP0 =  1e-11 
    DVTP1 =   0.05 
    W0 = 2.5e-06 
    DVT0 =      1 
    DVT1 =      2 
    DVT2 = -0.032 
    DVT0W =      0 
    DVT1W =      0 
    DVT2W =      0 
    DROUT =    0.6 
    DSUB =    0.1 
    VTH0 =  -0.45 
    EU =      1 
    UA =  2e-09 
    UA1 = 4.31e-09 
    UB =  5e-19 
    UB1 = 7.61e-18 
    UC =      0 
    UC1 = -5.6e-11 
    U0 = 0.00355 
    UTE =   -1.5 
    VOFF = -0.126 
    VOFFL =      0 
    MINV =   0.05 
    FPROUT =    0.2 
    PDITS =   0.08 
    PDITSD =   0.23 
    PDITSL = 2.3e+06 
    DELTA =   0.01 
    RDSW =    150 
    RDSWMIN =      0 
    RDWMIN =      0 
    RSWMIN =      0 
    RDW =     75 
    RSW =     75 
    PRWG =      0 
    PRWB =      0 
    PRT =      0 
    ETA0 = 0.0042 
    ETAB =      0 
    PCLM =    0.1 
    PDIBLC1 =  0.001 
    PDIBLC2 =  0.001 
    PDIBLCB = 3.4e-08 
    PSCBE1 = 8.14e+08 
    PSCBE2 = 9.58e-07 
    PVAG =  1e-20 
    WR =      1 
    DWG =      0 
    DWB =      0 
    XW =      0 
    XWREF =      0 
    XL = -1.4e-08 
    XLREF = -1.4e-08 
    B0 =      0 
    B1 =      0 
    ALPHA0 =  0.074 
    ALPHA1 =  0.005 
    AGIDL = 0.0002 
    BGIDL = 2.1e+09 
    CGIDL = 0.0002 
    PHIN =      0 
    EGIDL =    0.8 
    AIGC =   0.69 
    BIGC = 0.0012 
    CIGC = 0.0008 
    AIGSD = 0.0087 
    BIGSD = 0.0012 
    CIGSD = 0.0008 
    AIGBACC =  0.012 
    BIGBACC = 0.0028 
    CIGBACC =  0.002 
    AIGBINV =  0.014 
    BIGBINV =  0.004 
    CIGBINV =  0.004 
    NIGC =      1 
    NIGBINV =      3 
    NIGBACC =      1 
    NTOX =      1 
    EIGBINV =    1.1 
    PIGCD =      1 
    POXEDGE =      1 
    XRCRG1 =     12 
    TNOIA =    1.5 
    TNOIB =    3.5 
    NTNOI =      1 
    XRCRG2 =      5 
    BETA0 =     30 
    IJTHDFWD =   0.01 
    IJTHSFWD =   0.01 
    IJTHDREV =  0.001 
    IJTHSREV =  0.001 
    XJBVD =      1 
    XJBVS =      1 
    BVD =     10 
    BVS =     10 
    VFB =   0.55 
    GBMIN =  1e-10 
    RBDB =     15 
    RBPB =      5 
    RBSB =     15 
    RBPS =     15 
    RBPD =     15 
    CGSL = 2.653e-10 
    CGDL = 2.653e-10 
    CKAPPAS =   0.03 
    CKAPPAD =   0.03 
    CF = 1.195e-10 
    CLC =  1e-07 
    CLE =    0.6 
    DWC =  5e-09 
    DLC = 2.7e-09 
    DLCIG = 2.7e-09 
    DWJ =      0 
    VFBCV =     -1 
    ACDE =      1 
    MOIN =     15 
    NOFF =    0.9 
    VOFFCV =   0.02 
    DMCG =      0 
    DMCI =      0 
    DMDG =      0 
    DMCGT =      0 
    XGW =      0 
    XGL =      0 
    RSHG =    0.4 
    NGCON =      1 
    TCJ =  0.001 
    TPB =  0.005 
    TCJSW =  0.001 
    TPBSW =  0.005 
    TCJSWG =  0.001 
    TPBSWG =  0.005 
    SK0 =      0 
    SK1 =      0 
    SK2 =      0 
    SL =  2e-06 
    SW =  2e-06 
    K =      0 
    TNOM =  300.1 
    CGSO = 8.5e-11 
    CGDO = 8.5e-11 
    CGBO = 2.56e-11 
    XPART =      0 
    RSH =      5 
    JSS = 0.0001 
    JSWS =  1e-11 
    JSWGS =  1e-10 
    PBS =      1 
    MJS =    0.5 
    PBSWS =      1 
    MJSWS =   0.33 
    CJS = 0.0005 
    CJSWS =  5e-10 
    NJS =      1 
    PBSWGS =      1 
    MJSWGS =   0.33 
    CJSWGS =  3e-10 
    XTIS =      3 
    JSD = 0.0001 
    JSWD =  1e-11 
    JSWGD =  1e-10 
    PBD =      1 
    MJD =    0.5 
    PBSWD =      1 
    MJSWD =   0.33 
    CJD = 0.0005 
    CJSWD =  5e-10 
    NJD =      1 
    PBSWGD =      1 
    MJSWGD =   0.33 
    CJSWGD =  5e-10 
    XTID =      3 
    LMLT =      1 
    WMLT =      1 
    LINT = 2.7e-09 
    LL =      0 
    LLC =      0 
    LLN =      1 
    LW =      0 
    LWC =      0 
    LWN =      1 
    LWL =      0 
    LWLC =      0 
    LMIN =      0 
    LMAX =      1 
    WINT =  5e-09 
    WL =      0 
    WLC =      0 
    WLN =      1 
    WW =      0 
    WWC =      0 
    WWN =      1 
    WWL =      0 
    WWLC =      0 
    WMIN =      0 
    WMAX =      1 
    NOIA = 6.188e+40 
    NOIB = 1.5e+25 
    NOIC = 8.75e+09 
    EM = 4.1e+07 
    EF =      1 
    AF =      1 
    KF =      0 
    TRS =      0 
    TRD =      0 
  **info** (ca2.sp:19) DC voltage reset to initial transient source value in source 0:vin. new dc=0.0000D+00
  
      
 **info** set option symb=1 internally to help for convergence.
 *****************************************************************
 ******  option summary
 ******
 runlvl  = 3         bypass  = 2.0000    
 **info** dc convergence successful at Newton-Raphson method 
 ******  
 * full combinational circuit for ca2 - advanced vlsi

 ****** operating point information tnom=  25.000 temp=  25.000 ******
 ****** operating point status is voltage   simulation time is     0.     
    node    =voltage      node    =voltage      node    =voltage

 +0:a       =   0.      0:i       =  19.5645m 0:j       =   1.7992 
 +0:k       =   1.7907  0:n       =  52.6931m 0:n1      =  45.3582m
 +0:out     =   1.7907  0:out2    =   1.7813  0:vdd     =   1.8000 
 +0:w       =   1.7724  0:x       =  19.8870m 0:z1      =   0.     
 +0:z2      =   0.      0:z3      =   0.      0:z4      =   0.     
 +0:z5      =   0.      0:z6      =   1.8000  0:z7      =   1.8000 
 +0:z8      =   1.8000  1:net1    =   1.7862  2:net1    =   1.7464 
 +2:net2    =   1.7734  3:net1    =   1.7465  3:net2    =   1.7734 
 +4:net1    =   1.3403  5:net1    =   5.3275m 6:net1    =   5.3281m

 ******
 * full combinational circuit for ca2 - advanced vlsi

 ****** transient analysis tnom=  25.000 temp=  25.000 ******
 delay_w=   2.1040p  targ=   7.1040p   trig=   5.0000p
 delay_i=   4.5111p  targ=  11.6151p   trig=   7.1040p
 delay_x=  38.4206p  targ=  45.5246p   trig=   7.1040p
 delay_j=   4.8498p  targ=  50.3744p   trig=  45.5246p
 delay_out=  46.5803p  targ=  92.1049p   trig=  45.5246p
 delay_k=  10.0482p  targ=  55.5728p   trig=  45.5246p
 delay_n=  35.7538p  targ= 127.8587p   trig=  92.1049p
 trise=  98.9826p  targ= 637.0284p   trig= 538.0458p
 tfall=  91.6498p  targ= 152.3361p   trig=  60.6863p
 tpd=  95.3162p
 tpdr=  87.1049p  targ=  92.1049p   trig=   5.0000p
 tpdf=  52.5530p  targ= 567.5530p   trig= 515.0000p
 td_a_w=   2.1040p  targ=   7.1040p   trig=   5.0000p
 td_w_x=  38.4206p  targ=  45.5246p   trig=   7.1040p
 td_x_out=  46.5803p  targ=  92.1049p   trig=  45.5246p
 td_out_n=  35.7538p  targ= 127.8587p   trig=  92.1049p
 total_delay=  87.1049p
 power= 908.7471u  from=   0.             to=   2.0000n

          ***** job concluded
 ******  
 * full combinational circuit for ca2 - advanced vlsi

 ****** job statistics summary tnom=  25.000 temp=  25.000 ******

  ******  Circuit Statistics  ******
  # nodes       =     164 # elements   =      45
  # resistors   =       0 # capacitors =       1 # inductors   =       0
  # mutual_inds =       0 # vccs       =       0 # vcvs        =       0
  # cccs        =       0 # ccvs       =       0 # volt_srcs   =      10
  # curr_srcs   =       0 # diodes     =       0 # bjts        =       0
  # jfets       =       0 # mosfets    =      34 # U elements  =       0
  # T elements  =       0 # W elements =       0 # B elements  =       0
  # S elements  =       0 # P elements =       0 # va device   =       0
  # vector_srcs =       0 # N elements =       0


  ******  Runtime Statistics (seconds)  ******

  analysis           time    # points   tot. iter  conv.iter
  op point           0.00           1          10
  transient          0.01        2001         409         141 rev=         0
  readin             0.00
  errchk             0.00
  setup              0.00
  output             0.00


           peak memory used         64.40 megabytes
           total cpu time            0.02 seconds
           total elapsed time        0.03 seconds
           job started at     14:29:55 05/29/2025
           job ended   at     14:29:55 05/29/2025
  **warning** (ca2.sp:24) Global net name "gnd" in subckt pin list. The pin will be connected to the local net. Recommend to not use global net names in subckt pin lists.
 ******  
 * full combinational circuit for ca2 - advanced vlsi

 ****** circuit name directory
 circuit number to circuit name directory
   number circuitname                     definition         multiplier
        0 main circuit
        1 xnor2_gate.                     nor2               1.00 
        2 xnor_i.                         nor3               1.00 
        3 xnor_x.                         nor3               1.00 
        4 xnand2_j.                       nand2              1.00 
        5 xnand2_out.                     nand2              1.00 
        6 xnand2_k.                       nand2              1.00 
        7 xinv_n1.                        inverter           1.00 
        8 xinv_out2.                      inverter           1.00 
        9 xinv_n.                         inverter           1.00 

**warning** NO.2 tran analysis statement is duplicate, ignored!

**warning** NO.3 tran analysis statement is duplicate, ignored!

**warning** NO.4 tran analysis statement is duplicate, ignored!
 ******  
 * full combinational circuit for ca2 - advanced vlsi

 ****** mos   model parameters tnom=  25.000 temp=  25.000 ******
 Model file: 32nm_bulk.pm.txt
 Model line:            6
 Model Name: nmos  
 BSIM4 Model (Level 54)
    MOBMOD = 0
    BINUNIT = 1
    PARAMCHK = 1
    CAPMOD = 2
    DIOMOD = 1
    RDSMOD = 0
    TRNQSMOD = 0
    ACNQSMOD = 0
    RBODYMOD = 1
    RGATEMOD = 1
    PERMOD = 1
    GEOMOD = 1
    RGEOMOD = 0
    FNOIMOD = 1
    TNOIMOD = 0
    IGCMOD = 1
    IGBMOD = 1
    STIMOD = 0
    VERSION =      4 
    TOXREF = 1.65e-09 
    TOXE = 1.65e-09 
    TOXP =  1e-09 
    TOXM = 1.65e-09 
    DTOX = 6.5e-10 
    EPSROX =    3.9 
    CDSC =      0 
    CDSCB =      0 
    CDSCD =      0 
    CIT =      0 
    NFACTOR =    2.3 
    XJ =  1e-08 
    VSAT = 1.785e+05 
    A0 =      1 
    AGS =      0 
    A1 =      0 
    A2 =      1 
    AT = 3.3e+04 
    KETA =   0.04 
    NSUB =  6e+16 
    NDEP = 4.12e+18 
    NSD =  2e+20 
    NGATE =  2e+20 
    GAMMA1 =      0 
    GAMMA2 =      0 
    VBX =      0 
    VBM =     -3 
    XT = 1.55e-07 
    K1 =    0.4 
    KT1 =  -0.11 
    KT1L =      0 
    KT2 =  0.022 
    K2 =      0 
    K3 =      0 
    K3B =      0 
    LPE0 =      0 
    LPEB =      0 
    DVTP0 =  1e-11 
    DVTP1 =    0.1 
    W0 = 2.5e-06 
    DVT0 =      1 
    DVT1 =      2 
    DVT2 =      0 
    DVT0W =      0 
    DVT1W =      0 
    DVT2W =      0 
    DROUT =    0.5 
    DSUB =    0.1 
    VTH0 = 0.5088 
    EU =   1.67 
    UA =  6e-10 
    UA1 = 4.31e-09 
    UB = 1.2e-18 
    UB1 = 7.61e-18 
    UC =      0 
    UC1 = -5.6e-11 
    U0 = 0.0389 
    UTE =   -1.5 
    VOFF =  -0.13 
    VOFFL =      0 
    MINV =   0.05 
    FPROUT =    0.2 
    PDITS =   0.01 
    PDITSD =   0.23 
    PDITSL = 2.3e+06 
    DELTA =   0.01 
    RDSW =    150 
    RDSWMIN =      0 
    RDWMIN =      0 
    RSWMIN =      0 
    RDW =     75 
    RSW =     75 
    PRWG =      0 
    PRWB =      0 
    PRT =      0 
    ETA0 = 0.0042 
    ETAB =      0 
    PCLM =   0.02 
    PDIBLC1 =  0.001 
    PDIBLC2 =  0.001 
    PDIBLCB = -0.005 
    PSCBE1 = 8.14e+08 
    PSCBE2 =  1e-07 
    PVAG =  1e-20 
    WR =      1 
    DWG =      0 
    DWB =      0 
    XW =      0 
    XWREF =      0 
    XL = -1.4e-08 
    XLREF = -1.4e-08 
    B0 =      0 
    B1 =      0 
    ALPHA0 =  0.074 
    ALPHA1 =  0.005 
    AGIDL = 0.0002 
    BGIDL = 2.1e+09 
    CGIDL = 0.0002 
    PHIN =      0 
    EGIDL =    0.8 
    AIGC =  0.012 
    BIGC = 0.0028 
    CIGC =  0.002 
    AIGSD =  0.012 
    BIGSD = 0.0028 
    CIGSD =  0.002 
    AIGBACC =  0.012 
    BIGBACC = 0.0028 
    CIGBACC =  0.002 
    AIGBINV =  0.014 
    BIGBINV =  0.004 
    CIGBINV =  0.004 
    NIGC =      1 
    NIGBINV =      3 
    NIGBACC =      1 
    NTOX =      1 
    EIGBINV =    1.1 
    PIGCD =      1 
    POXEDGE =      1 
    XRCRG1 =     12 
    TNOIA =    1.5 
    TNOIB =    3.5 
    NTNOI =      1 
    XRCRG2 =      5 
    BETA0 =     30 
    IJTHDFWD =   0.01 
    IJTHSFWD =   0.01 
    IJTHDREV =  0.001 
    IJTHSREV =  0.001 
    XJBVD =      1 
    XJBVS =      1 
    BVD =     10 
    BVS =     10 
    VFB =  -0.55 
    GBMIN =  1e-10 
    RBDB =     15 
    RBPB =      5 
    RBSB =     15 
    RBPS =     15 
    RBPD =     15 
    CGSL = 2.653e-10 
    CGDL = 2.653e-10 
    CKAPPAS =   0.03 
    CKAPPAD =   0.03 
    CF = 1.208e-10 
    CLC =  1e-07 
    CLE =    0.6 
    DWC =  5e-09 
    DLC = 2.7e-09 
    DLCIG = 2.7e-09 
    DWJ =      0 
    VFBCV =     -1 
    ACDE =      1 
    MOIN =     15 
    NOFF =    0.9 
    VOFFCV =   0.02 
    DMCG =      0 
    DMCI =      0 
    DMDG =      0 
    DMCGT =      0 
    XGW =      0 
    XGL =      0 
    RSHG =    0.4 
    NGCON =      1 
    TCJ =  0.001 
    TPB =  0.005 
    TCJSW =  0.001 
    TPBSW =  0.005 
    TCJSWG =  0.001 
    TPBSWG =  0.005 
    SK0 =      0 
    SK1 =      0 
    SK2 =      0 
    SL =  2e-06 
    SW =  2e-06 
    K =      0 
    TNOM =  300.1 
    CGSO = 8.5e-11 
    CGDO = 8.5e-11 
    CGBO = 2.56e-11 
    XPART =      0 
    RSH =      5 
    JSS = 0.0001 
    JSWS =  1e-11 
    JSWGS =  1e-10 
    PBS =      1 
    MJS =    0.5 
    PBSWS =      1 
    MJSWS =   0.33 
    CJS = 0.0005 
    CJSWS =  5e-10 
    NJS =      1 
    PBSWGS =      1 
    MJSWGS =   0.33 
    CJSWGS =  3e-10 
    XTIS =      3 
    JSD = 0.0001 
    JSWD =  1e-11 
    JSWGD =  1e-10 
    PBD =      1 
    MJD =    0.5 
    PBSWD =      1 
    MJSWD =   0.33 
    CJD = 0.0005 
    CJSWD =  5e-10 
    NJD =      1 
    PBSWGD =      1 
    MJSWGD =   0.33 
    CJSWGD =  5e-10 
    XTID =      3 
    LMLT =      1 
    WMLT =      1 
    LINT = 2.7e-09 
    LL =      0 
    LLC =      0 
    LLN =      1 
    LW =      0 
    LWC =      0 
    LWN =      1 
    LWL =      0 
    LWLC =      0 
    LMIN =      0 
    LMAX =      1 
    WINT =  5e-09 
    WL =      0 
    WLC =      0 
    WLN =      1 
    WW =      0 
    WWC =      0 
    WWN =      1 
    WWL =      0 
    WWLC =      0 
    WMIN =      0 
    WMAX =      1 
    NOIA = 6.25e+41 
    NOIB = 3.125e+26 
    NOIC = 8.75e+09 
    EM = 4.1e+07 
    EF =      1 
    AF =      1 
    KF =      0 
    TRS =      0 
    TRD =      0 
 Model file: 32nm_bulk.pm.txt
 Model line:           77
 Model Name: pmos  
 BSIM4 Model (Level 54)
    MOBMOD = 0
    BINUNIT = 1
    PARAMCHK = 1
    CAPMOD = 2
    DIOMOD = 1
    RDSMOD = 0
    TRNQSMOD = 0
    ACNQSMOD = 0
    RBODYMOD = 1
    RGATEMOD = 1
    PERMOD = 1
    GEOMOD = 1
    RGEOMOD = 0
    FNOIMOD = 1
    TNOIMOD = 0
    IGCMOD = 1
    IGBMOD = 1
    STIMOD = 0
    VERSION =      4 
    TOXREF = 1.75e-09 
    TOXE = 1.75e-09 
    TOXP =  1e-09 
    TOXM = 1.75e-09 
    DTOX = 7.5e-10 
    EPSROX =    3.9 
    CDSC =      0 
    CDSCB =      0 
    CDSCD =      0 
    CIT =      0 
    NFACTOR =    2.3 
    XJ =  1e-08 
    VSAT =  7e+04 
    A0 =      1 
    AGS =  1e-20 
    A1 =      0 
    A2 =      1 
    AT = 3.3e+04 
    KETA = -0.047 
    NSUB =  6e+16 
    NDEP = 3.07e+18 
    NSD =  2e+20 
    NGATE =  2e+20 
    GAMMA1 =      0 
    GAMMA2 =      0 
    VBX =      0 
    VBM =     -3 
    XT = 1.55e-07 
    K1 =    0.4 
    KT1 =  -0.11 
    KT1L =      0 
    KT2 =  0.022 
    K2 =  -0.01 
    K3 =      0 
    K3B =      0 
    LPE0 =      0 
    LPEB =      0 
    DVTP0 =  1e-11 
    DVTP1 =   0.05 
    W0 = 2.5e-06 
    DVT0 =      1 
    DVT1 =      2 
    DVT2 = -0.032 
    DVT0W =      0 
    DVT1W =      0 
    DVT2W =      0 
    DROUT =    0.6 
    DSUB =    0.1 
    VTH0 =  -0.45 
    EU =      1 
    UA =  2e-09 
    UA1 = 4.31e-09 
    UB =  5e-19 
    UB1 = 7.61e-18 
    UC =      0 
    UC1 = -5.6e-11 
    U0 = 0.00355 
    UTE =   -1.5 
    VOFF = -0.126 
    VOFFL =      0 
    MINV =   0.05 
    FPROUT =    0.2 
    PDITS =   0.08 
    PDITSD =   0.23 
    PDITSL = 2.3e+06 
    DELTA =   0.01 
    RDSW =    150 
    RDSWMIN =      0 
    RDWMIN =      0 
    RSWMIN =      0 
    RDW =     75 
    RSW =     75 
    PRWG =      0 
    PRWB =      0 
    PRT =      0 
    ETA0 = 0.0042 
    ETAB =      0 
    PCLM =    0.1 
    PDIBLC1 =  0.001 
    PDIBLC2 =  0.001 
    PDIBLCB = 3.4e-08 
    PSCBE1 = 8.14e+08 
    PSCBE2 = 9.58e-07 
    PVAG =  1e-20 
    WR =      1 
    DWG =      0 
    DWB =      0 
    XW =      0 
    XWREF =      0 
    XL = -1.4e-08 
    XLREF = -1.4e-08 
    B0 =      0 
    B1 =      0 
    ALPHA0 =  0.074 
    ALPHA1 =  0.005 
    AGIDL = 0.0002 
    BGIDL = 2.1e+09 
    CGIDL = 0.0002 
    PHIN =      0 
    EGIDL =    0.8 
    AIGC =   0.69 
    BIGC = 0.0012 
    CIGC = 0.0008 
    AIGSD = 0.0087 
    BIGSD = 0.0012 
    CIGSD = 0.0008 
    AIGBACC =  0.012 
    BIGBACC = 0.0028 
    CIGBACC =  0.002 
    AIGBINV =  0.014 
    BIGBINV =  0.004 
    CIGBINV =  0.004 
    NIGC =      1 
    NIGBINV =      3 
    NIGBACC =      1 
    NTOX =      1 
    EIGBINV =    1.1 
    PIGCD =      1 
    POXEDGE =      1 
    XRCRG1 =     12 
    TNOIA =    1.5 
    TNOIB =    3.5 
    NTNOI =      1 
    XRCRG2 =      5 
    BETA0 =     30 
    IJTHDFWD =   0.01 
    IJTHSFWD =   0.01 
    IJTHDREV =  0.001 
    IJTHSREV =  0.001 
    XJBVD =      1 
    XJBVS =      1 
    BVD =     10 
    BVS =     10 
    VFB =   0.55 
    GBMIN =  1e-10 
    RBDB =     15 
    RBPB =      5 
    RBSB =     15 
    RBPS =     15 
    RBPD =     15 
    CGSL = 2.653e-10 
    CGDL = 2.653e-10 
    CKAPPAS =   0.03 
    CKAPPAD =   0.03 
    CF = 1.195e-10 
    CLC =  1e-07 
    CLE =    0.6 
    DWC =  5e-09 
    DLC = 2.7e-09 
    DLCIG = 2.7e-09 
    DWJ =      0 
    VFBCV =     -1 
    ACDE =      1 
    MOIN =     15 
    NOFF =    0.9 
    VOFFCV =   0.02 
    DMCG =      0 
    DMCI =      0 
    DMDG =      0 
    DMCGT =      0 
    XGW =      0 
    XGL =      0 
    RSHG =    0.4 
    NGCON =      1 
    TCJ =  0.001 
    TPB =  0.005 
    TCJSW =  0.001 
    TPBSW =  0.005 
    TCJSWG =  0.001 
    TPBSWG =  0.005 
    SK0 =      0 
    SK1 =      0 
    SK2 =      0 
    SL =  2e-06 
    SW =  2e-06 
    K =      0 
    TNOM =  300.1 
    CGSO = 8.5e-11 
    CGDO = 8.5e-11 
    CGBO = 2.56e-11 
    XPART =      0 
    RSH =      5 
    JSS = 0.0001 
    JSWS =  1e-11 
    JSWGS =  1e-10 
    PBS =      1 
    MJS =    0.5 
    PBSWS =      1 
    MJSWS =   0.33 
    CJS = 0.0005 
    CJSWS =  5e-10 
    NJS =      1 
    PBSWGS =      1 
    MJSWGS =   0.33 
    CJSWGS =  3e-10 
    XTIS =      3 
    JSD = 0.0001 
    JSWD =  1e-11 
    JSWGD =  1e-10 
    PBD =      1 
    MJD =    0.5 
    PBSWD =      1 
    MJSWD =   0.33 
    CJD = 0.0005 
    CJSWD =  5e-10 
    NJD =      1 
    PBSWGD =      1 
    MJSWGD =   0.33 
    CJSWGD =  5e-10 
    XTID =      3 
    LMLT =      1 
    WMLT =      1 
    LINT = 2.7e-09 
    LL =      0 
    LLC =      0 
    LLN =      1 
    LW =      0 
    LWC =      0 
    LWN =      1 
    LWL =      0 
    LWLC =      0 
    LMIN =      0 
    LMAX =      1 
    WINT =  5e-09 
    WL =      0 
    WLC =      0 
    WLN =      1 
    WW =      0 
    WWC =      0 
    WWN =      1 
    WWL =      0 
    WWLC =      0 
    WMIN =      0 
    WMAX =      1 
    NOIA = 6.188e+40 
    NOIB = 1.5e+25 
    NOIC = 8.75e+09 
    EM = 4.1e+07 
    EF =      1 
    AF =      1 
    KF =      0 
    TRS =      0 
    TRD =      0 
  **info** (ca2.sp:19) DC voltage reset to initial transient source value in source 0:vin. new dc=0.0000D+00
  
      
 **info** set option symb=1 internally to help for convergence.
 *****************************************************************
 ******  option summary
 ******
 runlvl  = 3         bypass  = 2.0000    
 **info** dc convergence successful at Newton-Raphson method 
 ******  
 * full combinational circuit for ca2 - advanced vlsi

 ****** operating point information tnom=  25.000 temp=  25.000 ******
 ****** operating point status is voltage   simulation time is     0.     
    node    =voltage      node    =voltage      node    =voltage

 +0:a       =   0.      0:i       =  19.7705m 0:j       =   1.7992 
 +0:k       =   1.7907  0:n       =  52.6937m 0:n1      =  45.3640m
 +0:out     =   1.7907  0:out2    =   1.7813  0:vdd     =   1.8000 
 +0:w       =   1.7723  0:x       =  19.9824m 0:z1      =   0.     
 +0:z2      =   0.      0:z3      =   0.      0:z4      =   0.     
 +0:z5      =   0.      0:z6      =   1.8000  0:z7      =   1.8000 
 +0:z8      =   1.8000  1:net1    =   1.7862  2:net1    =   1.7463 
 +2:net2    =   1.7733  3:net1    =   1.7463  3:net2    =   1.7733 
 +4:net1    =   1.3403  5:net1    =   5.3350m 6:net1    =   5.3356m

 ******
 * full combinational circuit for ca2 - advanced vlsi

 ****** transient analysis tnom=  25.000 temp=  25.000 ******
 delay_w=   2.4007p  targ=   7.4007p   trig=   5.0000p
 delay_i=   4.5680p  targ=  11.9687p   trig=   7.4007p
 delay_x=  26.3735p  targ=  33.7742p   trig=   7.4007p
 delay_j=   4.8335p  targ=  38.6077p   trig=  33.7742p
 delay_out=  43.8287p  targ=  77.6029p   trig=  33.7742p
 delay_k=   8.0231p  targ=  41.7973p   trig=  33.7742p
 delay_n=  35.6472p  targ= 113.2501p   trig=  77.6029p
 trise=  97.8192p  targ= 633.6537p   trig= 535.8345p
 tfall=  87.2617p  targ= 135.6955p   trig=  48.4338p
 tpd=  92.5404p
 tpdr=  72.6029p  targ=  77.6029p   trig=   5.0000p
 tpdf=  49.6502p  targ= 564.6502p   trig= 515.0000p
 td_a_w=   2.4007p  targ=   7.4007p   trig=   5.0000p
 td_w_x=  26.3735p  targ=  33.7742p   trig=   7.4007p
 td_x_out=  43.8287p  targ=  77.6029p   trig=  33.7742p
 td_out_n=  35.6472p  targ= 113.2501p   trig=  77.6029p
 total_delay=  72.6029p
 power= 895.6554u  from=   0.             to=   2.0000n

          ***** job concluded
 ******  
 * full combinational circuit for ca2 - advanced vlsi

 ****** job statistics summary tnom=  25.000 temp=  25.000 ******

  ******  Circuit Statistics  ******
  # nodes       =     164 # elements   =      45
  # resistors   =       0 # capacitors =       1 # inductors   =       0
  # mutual_inds =       0 # vccs       =       0 # vcvs        =       0
  # cccs        =       0 # ccvs       =       0 # volt_srcs   =      10
  # curr_srcs   =       0 # diodes     =       0 # bjts        =       0
  # jfets       =       0 # mosfets    =      34 # U elements  =       0
  # T elements  =       0 # W elements =       0 # B elements  =       0
  # S elements  =       0 # P elements =       0 # va device   =       0
  # vector_srcs =       0 # N elements =       0


  ******  Runtime Statistics (seconds)  ******

  analysis           time    # points   tot. iter  conv.iter
  op point           0.00           1          10
  transient          0.01        2001         433         148 rev=         3
  readin             0.00
  errchk             0.00
  setup              0.00
  output             0.00


           peak memory used         64.60 megabytes
           total cpu time            0.02 seconds
           total elapsed time        0.03 seconds
           job started at     14:29:55 05/29/2025
           job ended   at     14:29:55 05/29/2025
  **warning** (ca2.sp:24) Global net name "gnd" in subckt pin list. The pin will be connected to the local net. Recommend to not use global net names in subckt pin lists.
 ******  
 * full combinational circuit for ca2 - advanced vlsi

 ****** circuit name directory
 circuit number to circuit name directory
   number circuitname                     definition         multiplier
        0 main circuit
        1 xnor2_gate.                     nor2               1.00 
        2 xnor_i.                         nor3               1.00 
        3 xnor_x.                         nor3               1.00 
        4 xnand2_j.                       nand2              1.00 
        5 xnand2_out.                     nand2              1.00 
        6 xnand2_k.                       nand2              1.00 
        7 xinv_n1.                        inverter           1.00 
        8 xinv_out2.                      inverter           1.00 
        9 xinv_n.                         inverter           1.00 

**warning** NO.2 tran analysis statement is duplicate, ignored!

**warning** NO.3 tran analysis statement is duplicate, ignored!

**warning** NO.4 tran analysis statement is duplicate, ignored!

**warning** NO.5 tran analysis statement is duplicate, ignored!
 ******  
 * full combinational circuit for ca2 - advanced vlsi

 ****** mos   model parameters tnom=  25.000 temp=  25.000 ******
 Model file: 32nm_bulk.pm.txt
 Model line:            6
 Model Name: nmos  
 BSIM4 Model (Level 54)
    MOBMOD = 0
    BINUNIT = 1
    PARAMCHK = 1
    CAPMOD = 2
    DIOMOD = 1
    RDSMOD = 0
    TRNQSMOD = 0
    ACNQSMOD = 0
    RBODYMOD = 1
    RGATEMOD = 1
    PERMOD = 1
    GEOMOD = 1
    RGEOMOD = 0
    FNOIMOD = 1
    TNOIMOD = 0
    IGCMOD = 1
    IGBMOD = 1
    STIMOD = 0
    VERSION =      4 
    TOXREF = 1.65e-09 
    TOXE = 1.65e-09 
    TOXP =  1e-09 
    TOXM = 1.65e-09 
    DTOX = 6.5e-10 
    EPSROX =    3.9 
    CDSC =      0 
    CDSCB =      0 
    CDSCD =      0 
    CIT =      0 
    NFACTOR =    2.3 
    XJ =  1e-08 
    VSAT = 1.785e+05 
    A0 =      1 
    AGS =      0 
    A1 =      0 
    A2 =      1 
    AT = 3.3e+04 
    KETA =   0.04 
    NSUB =  6e+16 
    NDEP = 4.12e+18 
    NSD =  2e+20 
    NGATE =  2e+20 
    GAMMA1 =      0 
    GAMMA2 =      0 
    VBX =      0 
    VBM =     -3 
    XT = 1.55e-07 
    K1 =    0.4 
    KT1 =  -0.11 
    KT1L =      0 
    KT2 =  0.022 
    K2 =      0 
    K3 =      0 
    K3B =      0 
    LPE0 =      0 
    LPEB =      0 
    DVTP0 =  1e-11 
    DVTP1 =    0.1 
    W0 = 2.5e-06 
    DVT0 =      1 
    DVT1 =      2 
    DVT2 =      0 
    DVT0W =      0 
    DVT1W =      0 
    DVT2W =      0 
    DROUT =    0.5 
    DSUB =    0.1 
    VTH0 = 0.5088 
    EU =   1.67 
    UA =  6e-10 
    UA1 = 4.31e-09 
    UB = 1.2e-18 
    UB1 = 7.61e-18 
    UC =      0 
    UC1 = -5.6e-11 
    U0 = 0.0389 
    UTE =   -1.5 
    VOFF =  -0.13 
    VOFFL =      0 
    MINV =   0.05 
    FPROUT =    0.2 
    PDITS =   0.01 
    PDITSD =   0.23 
    PDITSL = 2.3e+06 
    DELTA =   0.01 
    RDSW =    150 
    RDSWMIN =      0 
    RDWMIN =      0 
    RSWMIN =      0 
    RDW =     75 
    RSW =     75 
    PRWG =      0 
    PRWB =      0 
    PRT =      0 
    ETA0 = 0.0042 
    ETAB =      0 
    PCLM =   0.02 
    PDIBLC1 =  0.001 
    PDIBLC2 =  0.001 
    PDIBLCB = -0.005 
    PSCBE1 = 8.14e+08 
    PSCBE2 =  1e-07 
    PVAG =  1e-20 
    WR =      1 
    DWG =      0 
    DWB =      0 
    XW =      0 
    XWREF =      0 
    XL = -1.4e-08 
    XLREF = -1.4e-08 
    B0 =      0 
    B1 =      0 
    ALPHA0 =  0.074 
    ALPHA1 =  0.005 
    AGIDL = 0.0002 
    BGIDL = 2.1e+09 
    CGIDL = 0.0002 
    PHIN =      0 
    EGIDL =    0.8 
    AIGC =  0.012 
    BIGC = 0.0028 
    CIGC =  0.002 
    AIGSD =  0.012 
    BIGSD = 0.0028 
    CIGSD =  0.002 
    AIGBACC =  0.012 
    BIGBACC = 0.0028 
    CIGBACC =  0.002 
    AIGBINV =  0.014 
    BIGBINV =  0.004 
    CIGBINV =  0.004 
    NIGC =      1 
    NIGBINV =      3 
    NIGBACC =      1 
    NTOX =      1 
    EIGBINV =    1.1 
    PIGCD =      1 
    POXEDGE =      1 
    XRCRG1 =     12 
    TNOIA =    1.5 
    TNOIB =    3.5 
    NTNOI =      1 
    XRCRG2 =      5 
    BETA0 =     30 
    IJTHDFWD =   0.01 
    IJTHSFWD =   0.01 
    IJTHDREV =  0.001 
    IJTHSREV =  0.001 
    XJBVD =      1 
    XJBVS =      1 
    BVD =     10 
    BVS =     10 
    VFB =  -0.55 
    GBMIN =  1e-10 
    RBDB =     15 
    RBPB =      5 
    RBSB =     15 
    RBPS =     15 
    RBPD =     15 
    CGSL = 2.653e-10 
    CGDL = 2.653e-10 
    CKAPPAS =   0.03 
    CKAPPAD =   0.03 
    CF = 1.208e-10 
    CLC =  1e-07 
    CLE =    0.6 
    DWC =  5e-09 
    DLC = 2.7e-09 
    DLCIG = 2.7e-09 
    DWJ =      0 
    VFBCV =     -1 
    ACDE =      1 
    MOIN =     15 
    NOFF =    0.9 
    VOFFCV =   0.02 
    DMCG =      0 
    DMCI =      0 
    DMDG =      0 
    DMCGT =      0 
    XGW =      0 
    XGL =      0 
    RSHG =    0.4 
    NGCON =      1 
    TCJ =  0.001 
    TPB =  0.005 
    TCJSW =  0.001 
    TPBSW =  0.005 
    TCJSWG =  0.001 
    TPBSWG =  0.005 
    SK0 =      0 
    SK1 =      0 
    SK2 =      0 
    SL =  2e-06 
    SW =  2e-06 
    K =      0 
    TNOM =  300.1 
    CGSO = 8.5e-11 
    CGDO = 8.5e-11 
    CGBO = 2.56e-11 
    XPART =      0 
    RSH =      5 
    JSS = 0.0001 
    JSWS =  1e-11 
    JSWGS =  1e-10 
    PBS =      1 
    MJS =    0.5 
    PBSWS =      1 
    MJSWS =   0.33 
    CJS = 0.0005 
    CJSWS =  5e-10 
    NJS =      1 
    PBSWGS =      1 
    MJSWGS =   0.33 
    CJSWGS =  3e-10 
    XTIS =      3 
    JSD = 0.0001 
    JSWD =  1e-11 
    JSWGD =  1e-10 
    PBD =      1 
    MJD =    0.5 
    PBSWD =      1 
    MJSWD =   0.33 
    CJD = 0.0005 
    CJSWD =  5e-10 
    NJD =      1 
    PBSWGD =      1 
    MJSWGD =   0.33 
    CJSWGD =  5e-10 
    XTID =      3 
    LMLT =      1 
    WMLT =      1 
    LINT = 2.7e-09 
    LL =      0 
    LLC =      0 
    LLN =      1 
    LW =      0 
    LWC =      0 
    LWN =      1 
    LWL =      0 
    LWLC =      0 
    LMIN =      0 
    LMAX =      1 
    WINT =  5e-09 
    WL =      0 
    WLC =      0 
    WLN =      1 
    WW =      0 
    WWC =      0 
    WWN =      1 
    WWL =      0 
    WWLC =      0 
    WMIN =      0 
    WMAX =      1 
    NOIA = 6.25e+41 
    NOIB = 3.125e+26 
    NOIC = 8.75e+09 
    EM = 4.1e+07 
    EF =      1 
    AF =      1 
    KF =      0 
    TRS =      0 
    TRD =      0 
 Model file: 32nm_bulk.pm.txt
 Model line:           77
 Model Name: pmos  
 BSIM4 Model (Level 54)
    MOBMOD = 0
    BINUNIT = 1
    PARAMCHK = 1
    CAPMOD = 2
    DIOMOD = 1
    RDSMOD = 0
    TRNQSMOD = 0
    ACNQSMOD = 0
    RBODYMOD = 1
    RGATEMOD = 1
    PERMOD = 1
    GEOMOD = 1
    RGEOMOD = 0
    FNOIMOD = 1
    TNOIMOD = 0
    IGCMOD = 1
    IGBMOD = 1
    STIMOD = 0
    VERSION =      4 
    TOXREF = 1.75e-09 
    TOXE = 1.75e-09 
    TOXP =  1e-09 
    TOXM = 1.75e-09 
    DTOX = 7.5e-10 
    EPSROX =    3.9 
    CDSC =      0 
    CDSCB =      0 
    CDSCD =      0 
    CIT =      0 
    NFACTOR =    2.3 
    XJ =  1e-08 
    VSAT =  7e+04 
    A0 =      1 
    AGS =  1e-20 
    A1 =      0 
    A2 =      1 
    AT = 3.3e+04 
    KETA = -0.047 
    NSUB =  6e+16 
    NDEP = 3.07e+18 
    NSD =  2e+20 
    NGATE =  2e+20 
    GAMMA1 =      0 
    GAMMA2 =      0 
    VBX =      0 
    VBM =     -3 
    XT = 1.55e-07 
    K1 =    0.4 
    KT1 =  -0.11 
    KT1L =      0 
    KT2 =  0.022 
    K2 =  -0.01 
    K3 =      0 
    K3B =      0 
    LPE0 =      0 
    LPEB =      0 
    DVTP0 =  1e-11 
    DVTP1 =   0.05 
    W0 = 2.5e-06 
    DVT0 =      1 
    DVT1 =      2 
    DVT2 = -0.032 
    DVT0W =      0 
    DVT1W =      0 
    DVT2W =      0 
    DROUT =    0.6 
    DSUB =    0.1 
    VTH0 =  -0.45 
    EU =      1 
    UA =  2e-09 
    UA1 = 4.31e-09 
    UB =  5e-19 
    UB1 = 7.61e-18 
    UC =      0 
    UC1 = -5.6e-11 
    U0 = 0.00355 
    UTE =   -1.5 
    VOFF = -0.126 
    VOFFL =      0 
    MINV =   0.05 
    FPROUT =    0.2 
    PDITS =   0.08 
    PDITSD =   0.23 
    PDITSL = 2.3e+06 
    DELTA =   0.01 
    RDSW =    150 
    RDSWMIN =      0 
    RDWMIN =      0 
    RSWMIN =      0 
    RDW =     75 
    RSW =     75 
    PRWG =      0 
    PRWB =      0 
    PRT =      0 
    ETA0 = 0.0042 
    ETAB =      0 
    PCLM =    0.1 
    PDIBLC1 =  0.001 
    PDIBLC2 =  0.001 
    PDIBLCB = 3.4e-08 
    PSCBE1 = 8.14e+08 
    PSCBE2 = 9.58e-07 
    PVAG =  1e-20 
    WR =      1 
    DWG =      0 
    DWB =      0 
    XW =      0 
    XWREF =      0 
    XL = -1.4e-08 
    XLREF = -1.4e-08 
    B0 =      0 
    B1 =      0 
    ALPHA0 =  0.074 
    ALPHA1 =  0.005 
    AGIDL = 0.0002 
    BGIDL = 2.1e+09 
    CGIDL = 0.0002 
    PHIN =      0 
    EGIDL =    0.8 
    AIGC =   0.69 
    BIGC = 0.0012 
    CIGC = 0.0008 
    AIGSD = 0.0087 
    BIGSD = 0.0012 
    CIGSD = 0.0008 
    AIGBACC =  0.012 
    BIGBACC = 0.0028 
    CIGBACC =  0.002 
    AIGBINV =  0.014 
    BIGBINV =  0.004 
    CIGBINV =  0.004 
    NIGC =      1 
    NIGBINV =      3 
    NIGBACC =      1 
    NTOX =      1 
    EIGBINV =    1.1 
    PIGCD =      1 
    POXEDGE =      1 
    XRCRG1 =     12 
    TNOIA =    1.5 
    TNOIB =    3.5 
    NTNOI =      1 
    XRCRG2 =      5 
    BETA0 =     30 
    IJTHDFWD =   0.01 
    IJTHSFWD =   0.01 
    IJTHDREV =  0.001 
    IJTHSREV =  0.001 
    XJBVD =      1 
    XJBVS =      1 
    BVD =     10 
    BVS =     10 
    VFB =   0.55 
    GBMIN =  1e-10 
    RBDB =     15 
    RBPB =      5 
    RBSB =     15 
    RBPS =     15 
    RBPD =     15 
    CGSL = 2.653e-10 
    CGDL = 2.653e-10 
    CKAPPAS =   0.03 
    CKAPPAD =   0.03 
    CF = 1.195e-10 
    CLC =  1e-07 
    CLE =    0.6 
    DWC =  5e-09 
    DLC = 2.7e-09 
    DLCIG = 2.7e-09 
    DWJ =      0 
    VFBCV =     -1 
    ACDE =      1 
    MOIN =     15 
    NOFF =    0.9 
    VOFFCV =   0.02 
    DMCG =      0 
    DMCI =      0 
    DMDG =      0 
    DMCGT =      0 
    XGW =      0 
    XGL =      0 
    RSHG =    0.4 
    NGCON =      1 
    TCJ =  0.001 
    TPB =  0.005 
    TCJSW =  0.001 
    TPBSW =  0.005 
    TCJSWG =  0.001 
    TPBSWG =  0.005 
    SK0 =      0 
    SK1 =      0 
    SK2 =      0 
    SL =  2e-06 
    SW =  2e-06 
    K =      0 
    TNOM =  300.1 
    CGSO = 8.5e-11 
    CGDO = 8.5e-11 
    CGBO = 2.56e-11 
    XPART =      0 
    RSH =      5 
    JSS = 0.0001 
    JSWS =  1e-11 
    JSWGS =  1e-10 
    PBS =      1 
    MJS =    0.5 
    PBSWS =      1 
    MJSWS =   0.33 
    CJS = 0.0005 
    CJSWS =  5e-10 
    NJS =      1 
    PBSWGS =      1 
    MJSWGS =   0.33 
    CJSWGS =  3e-10 
    XTIS =      3 
    JSD = 0.0001 
    JSWD =  1e-11 
    JSWGD =  1e-10 
    PBD =      1 
    MJD =    0.5 
    PBSWD =      1 
    MJSWD =   0.33 
    CJD = 0.0005 
    CJSWD =  5e-10 
    NJD =      1 
    PBSWGD =      1 
    MJSWGD =   0.33 
    CJSWGD =  5e-10 
    XTID =      3 
    LMLT =      1 
    WMLT =      1 
    LINT = 2.7e-09 
    LL =      0 
    LLC =      0 
    LLN =      1 
    LW =      0 
    LWC =      0 
    LWN =      1 
    LWL =      0 
    LWLC =      0 
    LMIN =      0 
    LMAX =      1 
    WINT =  5e-09 
    WL =      0 
    WLC =      0 
    WLN =      1 
    WW =      0 
    WWC =      0 
    WWN =      1 
    WWL =      0 
    WWLC =      0 
    WMIN =      0 
    WMAX =      1 
    NOIA = 6.188e+40 
    NOIB = 1.5e+25 
    NOIC = 8.75e+09 
    EM = 4.1e+07 
    EF =      1 
    AF =      1 
    KF =      0 
    TRS =      0 
    TRD =      0 
  **info** (ca2.sp:19) DC voltage reset to initial transient source value in source 0:vin. new dc=0.0000D+00
  
      
 **info** set option symb=1 internally to help for convergence.
 *****************************************************************
 ******  option summary
 ******
 runlvl  = 3         bypass  = 2.0000    
 **info** dc convergence successful at Newton-Raphson method 
 ******  
 * full combinational circuit for ca2 - advanced vlsi

 ****** operating point information tnom=  25.000 temp=  25.000 ******
 ****** operating point status is voltage   simulation time is     0.     
    node    =voltage      node    =voltage      node    =voltage

 +0:a       =   0.      0:i       =  19.8847m 0:j       =   1.7992 
 +0:k       =   1.7907  0:n       =  52.6940m 0:n1      =  45.3676m
 +0:out     =   1.7906  0:out2    =   1.7813  0:vdd     =   1.8000 
 +0:w       =   1.7722  0:x       =  20.0427m 0:z1      =   0.     
 +0:z2      =   0.      0:z3      =   0.      0:z4      =   0.     
 +0:z5      =   0.      0:z6      =   1.8000  0:z7      =   1.8000 
 +0:z8      =   1.8000  1:net1    =   1.7861  2:net1    =   1.7462 
 +2:net2    =   1.7732  3:net1    =   1.7462  3:net2    =   1.7732 
 +4:net1    =   1.3403  5:net1    =   5.3397m 6:net1    =   5.3403m

 ******
 * full combinational circuit for ca2 - advanced vlsi

 ****** transient analysis tnom=  25.000 temp=  25.000 ******
 delay_w=   2.6736p  targ=   7.6736p   trig=   5.0000p
 delay_i=   4.6979p  targ=  12.3714p   trig=   7.6736p
 delay_x=  20.6106p  targ=  28.2842p   trig=   7.6736p
 delay_j=   4.8284p  targ=  33.1126p   trig=  28.2842p
 delay_out=  42.4540p  targ=  70.7382p   trig=  28.2842p
 delay_k=   6.9426p  targ=  35.2268p   trig=  28.2842p
 delay_n=  35.7265p  targ= 106.4647p   trig=  70.7382p
 trise=  98.0842p  targ= 633.1766p   trig= 535.0924p
 tfall=  87.0719p  targ= 129.6604p   trig=  42.5885p
 tpd=  92.5781p
 tpdr=  65.7382p  targ=  70.7382p   trig=   5.0000p
 tpdf=  48.5834p  targ= 563.5834p   trig= 515.0000p
 td_a_w=   2.6736p  targ=   7.6736p   trig=   5.0000p
 td_w_x=  20.6106p  targ=  28.2842p   trig=   7.6736p
 td_x_out=  42.4540p  targ=  70.7382p   trig=  28.2842p
 td_out_n=  35.7265p  targ= 106.4647p   trig=  70.7382p
 total_delay=  65.7382p
 power= 896.5364u  from=   0.             to=   2.0000n

          ***** job concluded
 ******  
 * full combinational circuit for ca2 - advanced vlsi

 ****** job statistics summary tnom=  25.000 temp=  25.000 ******

  ******  Circuit Statistics  ******
  # nodes       =     164 # elements   =      45
  # resistors   =       0 # capacitors =       1 # inductors   =       0
  # mutual_inds =       0 # vccs       =       0 # vcvs        =       0
  # cccs        =       0 # ccvs       =       0 # volt_srcs   =      10
  # curr_srcs   =       0 # diodes     =       0 # bjts        =       0
  # jfets       =       0 # mosfets    =      34 # U elements  =       0
  # T elements  =       0 # W elements =       0 # B elements  =       0
  # S elements  =       0 # P elements =       0 # va device   =       0
  # vector_srcs =       0 # N elements =       0


  ******  Runtime Statistics (seconds)  ******

  analysis           time    # points   tot. iter  conv.iter
  op point           0.00           1          10
  transient          0.01        2001         420         144 rev=         1
  readin             0.00
  errchk             0.00
  setup              0.00
  output             0.00


           peak memory used         67.47 megabytes
           total cpu time            0.02 seconds
           total elapsed time        0.03 seconds
           job started at     14:29:55 05/29/2025
           job ended   at     14:29:55 05/29/2025
  **warning** (ca2.sp:24) Global net name "gnd" in subckt pin list. The pin will be connected to the local net. Recommend to not use global net names in subckt pin lists.
 ******  
 * full combinational circuit for ca2 - advanced vlsi

 ****** circuit name directory
 circuit number to circuit name directory
   number circuitname                     definition         multiplier
        0 main circuit
        1 xnor2_gate.                     nor2               1.00 
        2 xnor_i.                         nor3               1.00 
        3 xnor_x.                         nor3               1.00 
        4 xnand2_j.                       nand2              1.00 
        5 xnand2_out.                     nand2              1.00 
        6 xnand2_k.                       nand2              1.00 
        7 xinv_n1.                        inverter           1.00 
        8 xinv_out2.                      inverter           1.00 
        9 xinv_n.                         inverter           1.00 

**warning** NO.2 tran analysis statement is duplicate, ignored!

**warning** NO.3 tran analysis statement is duplicate, ignored!

**warning** NO.4 tran analysis statement is duplicate, ignored!

**warning** NO.5 tran analysis statement is duplicate, ignored!

**warning** NO.6 tran analysis statement is duplicate, ignored!
 ******  
 * full combinational circuit for ca2 - advanced vlsi

 ****** mos   model parameters tnom=  25.000 temp=  25.000 ******
 Model file: 32nm_bulk.pm.txt
 Model line:            6
 Model Name: nmos  
 BSIM4 Model (Level 54)
    MOBMOD = 0
    BINUNIT = 1
    PARAMCHK = 1
    CAPMOD = 2
    DIOMOD = 1
    RDSMOD = 0
    TRNQSMOD = 0
    ACNQSMOD = 0
    RBODYMOD = 1
    RGATEMOD = 1
    PERMOD = 1
    GEOMOD = 1
    RGEOMOD = 0
    FNOIMOD = 1
    TNOIMOD = 0
    IGCMOD = 1
    IGBMOD = 1
    STIMOD = 0
    VERSION =      4 
    TOXREF = 1.65e-09 
    TOXE = 1.65e-09 
    TOXP =  1e-09 
    TOXM = 1.65e-09 
    DTOX = 6.5e-10 
    EPSROX =    3.9 
    CDSC =      0 
    CDSCB =      0 
    CDSCD =      0 
    CIT =      0 
    NFACTOR =    2.3 
    XJ =  1e-08 
    VSAT = 1.785e+05 
    A0 =      1 
    AGS =      0 
    A1 =      0 
    A2 =      1 
    AT = 3.3e+04 
    KETA =   0.04 
    NSUB =  6e+16 
    NDEP = 4.12e+18 
    NSD =  2e+20 
    NGATE =  2e+20 
    GAMMA1 =      0 
    GAMMA2 =      0 
    VBX =      0 
    VBM =     -3 
    XT = 1.55e-07 
    K1 =    0.4 
    KT1 =  -0.11 
    KT1L =      0 
    KT2 =  0.022 
    K2 =      0 
    K3 =      0 
    K3B =      0 
    LPE0 =      0 
    LPEB =      0 
    DVTP0 =  1e-11 
    DVTP1 =    0.1 
    W0 = 2.5e-06 
    DVT0 =      1 
    DVT1 =      2 
    DVT2 =      0 
    DVT0W =      0 
    DVT1W =      0 
    DVT2W =      0 
    DROUT =    0.5 
    DSUB =    0.1 
    VTH0 = 0.5088 
    EU =   1.67 
    UA =  6e-10 
    UA1 = 4.31e-09 
    UB = 1.2e-18 
    UB1 = 7.61e-18 
    UC =      0 
    UC1 = -5.6e-11 
    U0 = 0.0389 
    UTE =   -1.5 
    VOFF =  -0.13 
    VOFFL =      0 
    MINV =   0.05 
    FPROUT =    0.2 
    PDITS =   0.01 
    PDITSD =   0.23 
    PDITSL = 2.3e+06 
    DELTA =   0.01 
    RDSW =    150 
    RDSWMIN =      0 
    RDWMIN =      0 
    RSWMIN =      0 
    RDW =     75 
    RSW =     75 
    PRWG =      0 
    PRWB =      0 
    PRT =      0 
    ETA0 = 0.0042 
    ETAB =      0 
    PCLM =   0.02 
    PDIBLC1 =  0.001 
    PDIBLC2 =  0.001 
    PDIBLCB = -0.005 
    PSCBE1 = 8.14e+08 
    PSCBE2 =  1e-07 
    PVAG =  1e-20 
    WR =      1 
    DWG =      0 
    DWB =      0 
    XW =      0 
    XWREF =      0 
    XL = -1.4e-08 
    XLREF = -1.4e-08 
    B0 =      0 
    B1 =      0 
    ALPHA0 =  0.074 
    ALPHA1 =  0.005 
    AGIDL = 0.0002 
    BGIDL = 2.1e+09 
    CGIDL = 0.0002 
    PHIN =      0 
    EGIDL =    0.8 
    AIGC =  0.012 
    BIGC = 0.0028 
    CIGC =  0.002 
    AIGSD =  0.012 
    BIGSD = 0.0028 
    CIGSD =  0.002 
    AIGBACC =  0.012 
    BIGBACC = 0.0028 
    CIGBACC =  0.002 
    AIGBINV =  0.014 
    BIGBINV =  0.004 
    CIGBINV =  0.004 
    NIGC =      1 
    NIGBINV =      3 
    NIGBACC =      1 
    NTOX =      1 
    EIGBINV =    1.1 
    PIGCD =      1 
    POXEDGE =      1 
    XRCRG1 =     12 
    TNOIA =    1.5 
    TNOIB =    3.5 
    NTNOI =      1 
    XRCRG2 =      5 
    BETA0 =     30 
    IJTHDFWD =   0.01 
    IJTHSFWD =   0.01 
    IJTHDREV =  0.001 
    IJTHSREV =  0.001 
    XJBVD =      1 
    XJBVS =      1 
    BVD =     10 
    BVS =     10 
    VFB =  -0.55 
    GBMIN =  1e-10 
    RBDB =     15 
    RBPB =      5 
    RBSB =     15 
    RBPS =     15 
    RBPD =     15 
    CGSL = 2.653e-10 
    CGDL = 2.653e-10 
    CKAPPAS =   0.03 
    CKAPPAD =   0.03 
    CF = 1.208e-10 
    CLC =  1e-07 
    CLE =    0.6 
    DWC =  5e-09 
    DLC = 2.7e-09 
    DLCIG = 2.7e-09 
    DWJ =      0 
    VFBCV =     -1 
    ACDE =      1 
    MOIN =     15 
    NOFF =    0.9 
    VOFFCV =   0.02 
    DMCG =      0 
    DMCI =      0 
    DMDG =      0 
    DMCGT =      0 
    XGW =      0 
    XGL =      0 
    RSHG =    0.4 
    NGCON =      1 
    TCJ =  0.001 
    TPB =  0.005 
    TCJSW =  0.001 
    TPBSW =  0.005 
    TCJSWG =  0.001 
    TPBSWG =  0.005 
    SK0 =      0 
    SK1 =      0 
    SK2 =      0 
    SL =  2e-06 
    SW =  2e-06 
    K =      0 
    TNOM =  300.1 
    CGSO = 8.5e-11 
    CGDO = 8.5e-11 
    CGBO = 2.56e-11 
    XPART =      0 
    RSH =      5 
    JSS = 0.0001 
    JSWS =  1e-11 
    JSWGS =  1e-10 
    PBS =      1 
    MJS =    0.5 
    PBSWS =      1 
    MJSWS =   0.33 
    CJS = 0.0005 
    CJSWS =  5e-10 
    NJS =      1 
    PBSWGS =      1 
    MJSWGS =   0.33 
    CJSWGS =  3e-10 
    XTIS =      3 
    JSD = 0.0001 
    JSWD =  1e-11 
    JSWGD =  1e-10 
    PBD =      1 
    MJD =    0.5 
    PBSWD =      1 
    MJSWD =   0.33 
    CJD = 0.0005 
    CJSWD =  5e-10 
    NJD =      1 
    PBSWGD =      1 
    MJSWGD =   0.33 
    CJSWGD =  5e-10 
    XTID =      3 
    LMLT =      1 
    WMLT =      1 
    LINT = 2.7e-09 
    LL =      0 
    LLC =      0 
    LLN =      1 
    LW =      0 
    LWC =      0 
    LWN =      1 
    LWL =      0 
    LWLC =      0 
    LMIN =      0 
    LMAX =      1 
    WINT =  5e-09 
    WL =      0 
    WLC =      0 
    WLN =      1 
    WW =      0 
    WWC =      0 
    WWN =      1 
    WWL =      0 
    WWLC =      0 
    WMIN =      0 
    WMAX =      1 
    NOIA = 6.25e+41 
    NOIB = 3.125e+26 
    NOIC = 8.75e+09 
    EM = 4.1e+07 
    EF =      1 
    AF =      1 
    KF =      0 
    TRS =      0 
    TRD =      0 
 Model file: 32nm_bulk.pm.txt
 Model line:           77
 Model Name: pmos  
 BSIM4 Model (Level 54)
    MOBMOD = 0
    BINUNIT = 1
    PARAMCHK = 1
    CAPMOD = 2
    DIOMOD = 1
    RDSMOD = 0
    TRNQSMOD = 0
    ACNQSMOD = 0
    RBODYMOD = 1
    RGATEMOD = 1
    PERMOD = 1
    GEOMOD = 1
    RGEOMOD = 0
    FNOIMOD = 1
    TNOIMOD = 0
    IGCMOD = 1
    IGBMOD = 1
    STIMOD = 0
    VERSION =      4 
    TOXREF = 1.75e-09 
    TOXE = 1.75e-09 
    TOXP =  1e-09 
    TOXM = 1.75e-09 
    DTOX = 7.5e-10 
    EPSROX =    3.9 
    CDSC =      0 
    CDSCB =      0 
    CDSCD =      0 
    CIT =      0 
    NFACTOR =    2.3 
    XJ =  1e-08 
    VSAT =  7e+04 
    A0 =      1 
    AGS =  1e-20 
    A1 =      0 
    A2 =      1 
    AT = 3.3e+04 
    KETA = -0.047 
    NSUB =  6e+16 
    NDEP = 3.07e+18 
    NSD =  2e+20 
    NGATE =  2e+20 
    GAMMA1 =      0 
    GAMMA2 =      0 
    VBX =      0 
    VBM =     -3 
    XT = 1.55e-07 
    K1 =    0.4 
    KT1 =  -0.11 
    KT1L =      0 
    KT2 =  0.022 
    K2 =  -0.01 
    K3 =      0 
    K3B =      0 
    LPE0 =      0 
    LPEB =      0 
    DVTP0 =  1e-11 
    DVTP1 =   0.05 
    W0 = 2.5e-06 
    DVT0 =      1 
    DVT1 =      2 
    DVT2 = -0.032 
    DVT0W =      0 
    DVT1W =      0 
    DVT2W =      0 
    DROUT =    0.6 
    DSUB =    0.1 
    VTH0 =  -0.45 
    EU =      1 
    UA =  2e-09 
    UA1 = 4.31e-09 
    UB =  5e-19 
    UB1 = 7.61e-18 
    UC =      0 
    UC1 = -5.6e-11 
    U0 = 0.00355 
    UTE =   -1.5 
    VOFF = -0.126 
    VOFFL =      0 
    MINV =   0.05 
    FPROUT =    0.2 
    PDITS =   0.08 
    PDITSD =   0.23 
    PDITSL = 2.3e+06 
    DELTA =   0.01 
    RDSW =    150 
    RDSWMIN =      0 
    RDWMIN =      0 
    RSWMIN =      0 
    RDW =     75 
    RSW =     75 
    PRWG =      0 
    PRWB =      0 
    PRT =      0 
    ETA0 = 0.0042 
    ETAB =      0 
    PCLM =    0.1 
    PDIBLC1 =  0.001 
    PDIBLC2 =  0.001 
    PDIBLCB = 3.4e-08 
    PSCBE1 = 8.14e+08 
    PSCBE2 = 9.58e-07 
    PVAG =  1e-20 
    WR =      1 
    DWG =      0 
    DWB =      0 
    XW =      0 
    XWREF =      0 
    XL = -1.4e-08 
    XLREF = -1.4e-08 
    B0 =      0 
    B1 =      0 
    ALPHA0 =  0.074 
    ALPHA1 =  0.005 
    AGIDL = 0.0002 
    BGIDL = 2.1e+09 
    CGIDL = 0.0002 
    PHIN =      0 
    EGIDL =    0.8 
    AIGC =   0.69 
    BIGC = 0.0012 
    CIGC = 0.0008 
    AIGSD = 0.0087 
    BIGSD = 0.0012 
    CIGSD = 0.0008 
    AIGBACC =  0.012 
    BIGBACC = 0.0028 
    CIGBACC =  0.002 
    AIGBINV =  0.014 
    BIGBINV =  0.004 
    CIGBINV =  0.004 
    NIGC =      1 
    NIGBINV =      3 
    NIGBACC =      1 
    NTOX =      1 
    EIGBINV =    1.1 
    PIGCD =      1 
    POXEDGE =      1 
    XRCRG1 =     12 
    TNOIA =    1.5 
    TNOIB =    3.5 
    NTNOI =      1 
    XRCRG2 =      5 
    BETA0 =     30 
    IJTHDFWD =   0.01 
    IJTHSFWD =   0.01 
    IJTHDREV =  0.001 
    IJTHSREV =  0.001 
    XJBVD =      1 
    XJBVS =      1 
    BVD =     10 
    BVS =     10 
    VFB =   0.55 
    GBMIN =  1e-10 
    RBDB =     15 
    RBPB =      5 
    RBSB =     15 
    RBPS =     15 
    RBPD =     15 
    CGSL = 2.653e-10 
    CGDL = 2.653e-10 
    CKAPPAS =   0.03 
    CKAPPAD =   0.03 
    CF = 1.195e-10 
    CLC =  1e-07 
    CLE =    0.6 
    DWC =  5e-09 
    DLC = 2.7e-09 
    DLCIG = 2.7e-09 
    DWJ =      0 
    VFBCV =     -1 
    ACDE =      1 
    MOIN =     15 
    NOFF =    0.9 
    VOFFCV =   0.02 
    DMCG =      0 
    DMCI =      0 
    DMDG =      0 
    DMCGT =      0 
    XGW =      0 
    XGL =      0 
    RSHG =    0.4 
    NGCON =      1 
    TCJ =  0.001 
    TPB =  0.005 
    TCJSW =  0.001 
    TPBSW =  0.005 
    TCJSWG =  0.001 
    TPBSWG =  0.005 
    SK0 =      0 
    SK1 =      0 
    SK2 =      0 
    SL =  2e-06 
    SW =  2e-06 
    K =      0 
    TNOM =  300.1 
    CGSO = 8.5e-11 
    CGDO = 8.5e-11 
    CGBO = 2.56e-11 
    XPART =      0 
    RSH =      5 
    JSS = 0.0001 
    JSWS =  1e-11 
    JSWGS =  1e-10 
    PBS =      1 
    MJS =    0.5 
    PBSWS =      1 
    MJSWS =   0.33 
    CJS = 0.0005 
    CJSWS =  5e-10 
    NJS =      1 
    PBSWGS =      1 
    MJSWGS =   0.33 
    CJSWGS =  3e-10 
    XTIS =      3 
    JSD = 0.0001 
    JSWD =  1e-11 
    JSWGD =  1e-10 
    PBD =      1 
    MJD =    0.5 
    PBSWD =      1 
    MJSWD =   0.33 
    CJD = 0.0005 
    CJSWD =  5e-10 
    NJD =      1 
    PBSWGD =      1 
    MJSWGD =   0.33 
    CJSWGD =  5e-10 
    XTID =      3 
    LMLT =      1 
    WMLT =      1 
    LINT = 2.7e-09 
    LL =      0 
    LLC =      0 
    LLN =      1 
    LW =      0 
    LWC =      0 
    LWN =      1 
    LWL =      0 
    LWLC =      0 
    LMIN =      0 
    LMAX =      1 
    WINT =  5e-09 
    WL =      0 
    WLC =      0 
    WLN =      1 
    WW =      0 
    WWC =      0 
    WWN =      1 
    WWL =      0 
    WWLC =      0 
    WMIN =      0 
    WMAX =      1 
    NOIA = 6.188e+40 
    NOIB = 1.5e+25 
    NOIC = 8.75e+09 
    EM = 4.1e+07 
    EF =      1 
    AF =      1 
    KF =      0 
    TRS =      0 
    TRD =      0 
  **info** (ca2.sp:19) DC voltage reset to initial transient source value in source 0:vin. new dc=0.0000D+00
  
      
 **info** set option symb=1 internally to help for convergence.
 *****************************************************************
 ******  option summary
 ******
 runlvl  = 3         bypass  = 2.0000    
 **info** dc convergence successful at Newton-Raphson method 
 ******  
 * full combinational circuit for ca2 - advanced vlsi

 ****** operating point information tnom=  25.000 temp=  25.000 ******
 ****** operating point status is voltage   simulation time is     0.     
    node    =voltage      node    =voltage      node    =voltage

 +0:a       =   0.      0:i       =  19.9599m 0:j       =   1.7992 
 +0:k       =   1.7907  0:n       =  52.6943m 0:n1      =  45.3702m
 +0:out     =   1.7906  0:out2    =   1.7813  0:vdd     =   1.8000 
 +0:w       =   1.7721  0:x       =  20.0858m 0:z1      =   0.     
 +0:z2      =   0.      0:z3      =   0.      0:z4      =   0.     
 +0:z5      =   0.      0:z6      =   1.8000  0:z7      =   1.8000 
 +0:z8      =   1.8000  1:net1    =   1.7861  2:net1    =   1.7461 
 +2:net2    =   1.7732  3:net1    =   1.7461  3:net2    =   1.7732 
 +4:net1    =   1.3402  5:net1    =   5.3431m 6:net1    =   5.3437m

 ******
 * full combinational circuit for ca2 - advanced vlsi

 ****** transient analysis tnom=  25.000 temp=  25.000 ******
 delay_w=   2.9378p  targ=   7.9378p   trig=   5.0000p
 delay_i=   4.7793p  targ=  12.7171p   trig=   7.9378p
 delay_x=  17.3356p  targ=  25.2735p   trig=   7.9378p
 delay_j=   4.7173p  targ=  29.9907p   trig=  25.2735p
 delay_out=  41.5973p  targ=  66.8708p   trig=  25.2735p
 delay_k=   6.5068p  targ=  31.7803p   trig=  25.2735p
 delay_n=  35.6458p  targ= 102.5165p   trig=  66.8708p
 trise=  97.5898p  targ= 632.4571p   trig= 534.8673p
 tfall=  84.7913p  targ= 123.9277p   trig=  39.1365p
 tpd=  91.1905p
 tpdr=  61.8708p  targ=  66.8708p   trig=   5.0000p
 tpdf=  48.2798p  targ= 563.2798p   trig= 515.0000p
 td_a_w=   2.9378p  targ=   7.9378p   trig=   5.0000p
 td_w_x=  17.3356p  targ=  25.2735p   trig=   7.9378p
 td_x_out=  41.5973p  targ=  66.8708p   trig=  25.2735p
 td_out_n=  35.6458p  targ= 102.5165p   trig=  66.8708p
 total_delay=  61.8708p
 power= 902.5422u  from=   0.             to=   2.0000n

          ***** job concluded
 ******  
 * full combinational circuit for ca2 - advanced vlsi

 ****** job statistics summary tnom=  25.000 temp=  25.000 ******

  ******  Circuit Statistics  ******
  # nodes       =     164 # elements   =      45
  # resistors   =       0 # capacitors =       1 # inductors   =       0
  # mutual_inds =       0 # vccs       =       0 # vcvs        =       0
  # cccs        =       0 # ccvs       =       0 # volt_srcs   =      10
  # curr_srcs   =       0 # diodes     =       0 # bjts        =       0
  # jfets       =       0 # mosfets    =      34 # U elements  =       0
  # T elements  =       0 # W elements =       0 # B elements  =       0
  # S elements  =       0 # P elements =       0 # va device   =       0
  # vector_srcs =       0 # N elements =       0


  ******  Runtime Statistics (seconds)  ******

  analysis           time    # points   tot. iter  conv.iter
  op point           0.00           1          10
  transient          0.01        2001         411         138 rev=         2
  readin             0.00
  errchk             0.00
  setup              0.00
  output             0.00


           peak memory used         67.47 megabytes
           total cpu time            0.02 seconds
           total elapsed time        0.03 seconds
           job started at     14:29:55 05/29/2025
           job ended   at     14:29:55 05/29/2025
  **warning** (ca2.sp:24) Global net name "gnd" in subckt pin list. The pin will be connected to the local net. Recommend to not use global net names in subckt pin lists.
 ******  
 * full combinational circuit for ca2 - advanced vlsi

 ****** circuit name directory
 circuit number to circuit name directory
   number circuitname                     definition         multiplier
        0 main circuit
        1 xnor2_gate.                     nor2               1.00 
        2 xnor_i.                         nor3               1.00 
        3 xnor_x.                         nor3               1.00 
        4 xnand2_j.                       nand2              1.00 
        5 xnand2_out.                     nand2              1.00 
        6 xnand2_k.                       nand2              1.00 
        7 xinv_n1.                        inverter           1.00 
        8 xinv_out2.                      inverter           1.00 
        9 xinv_n.                         inverter           1.00 

**warning** NO.2 tran analysis statement is duplicate, ignored!

**warning** NO.3 tran analysis statement is duplicate, ignored!

**warning** NO.4 tran analysis statement is duplicate, ignored!

**warning** NO.5 tran analysis statement is duplicate, ignored!

**warning** NO.6 tran analysis statement is duplicate, ignored!

**warning** NO.7 tran analysis statement is duplicate, ignored!
 ******  
 * full combinational circuit for ca2 - advanced vlsi

 ****** mos   model parameters tnom=  25.000 temp=  25.000 ******
 Model file: 32nm_bulk.pm.txt
 Model line:            6
 Model Name: nmos  
 BSIM4 Model (Level 54)
    MOBMOD = 0
    BINUNIT = 1
    PARAMCHK = 1
    CAPMOD = 2
    DIOMOD = 1
    RDSMOD = 0
    TRNQSMOD = 0
    ACNQSMOD = 0
    RBODYMOD = 1
    RGATEMOD = 1
    PERMOD = 1
    GEOMOD = 1
    RGEOMOD = 0
    FNOIMOD = 1
    TNOIMOD = 0
    IGCMOD = 1
    IGBMOD = 1
    STIMOD = 0
    VERSION =      4 
    TOXREF = 1.65e-09 
    TOXE = 1.65e-09 
    TOXP =  1e-09 
    TOXM = 1.65e-09 
    DTOX = 6.5e-10 
    EPSROX =    3.9 
    CDSC =      0 
    CDSCB =      0 
    CDSCD =      0 
    CIT =      0 
    NFACTOR =    2.3 
    XJ =  1e-08 
    VSAT = 1.785e+05 
    A0 =      1 
    AGS =      0 
    A1 =      0 
    A2 =      1 
    AT = 3.3e+04 
    KETA =   0.04 
    NSUB =  6e+16 
    NDEP = 4.12e+18 
    NSD =  2e+20 
    NGATE =  2e+20 
    GAMMA1 =      0 
    GAMMA2 =      0 
    VBX =      0 
    VBM =     -3 
    XT = 1.55e-07 
    K1 =    0.4 
    KT1 =  -0.11 
    KT1L =      0 
    KT2 =  0.022 
    K2 =      0 
    K3 =      0 
    K3B =      0 
    LPE0 =      0 
    LPEB =      0 
    DVTP0 =  1e-11 
    DVTP1 =    0.1 
    W0 = 2.5e-06 
    DVT0 =      1 
    DVT1 =      2 
    DVT2 =      0 
    DVT0W =      0 
    DVT1W =      0 
    DVT2W =      0 
    DROUT =    0.5 
    DSUB =    0.1 
    VTH0 = 0.5088 
    EU =   1.67 
    UA =  6e-10 
    UA1 = 4.31e-09 
    UB = 1.2e-18 
    UB1 = 7.61e-18 
    UC =      0 
    UC1 = -5.6e-11 
    U0 = 0.0389 
    UTE =   -1.5 
    VOFF =  -0.13 
    VOFFL =      0 
    MINV =   0.05 
    FPROUT =    0.2 
    PDITS =   0.01 
    PDITSD =   0.23 
    PDITSL = 2.3e+06 
    DELTA =   0.01 
    RDSW =    150 
    RDSWMIN =      0 
    RDWMIN =      0 
    RSWMIN =      0 
    RDW =     75 
    RSW =     75 
    PRWG =      0 
    PRWB =      0 
    PRT =      0 
    ETA0 = 0.0042 
    ETAB =      0 
    PCLM =   0.02 
    PDIBLC1 =  0.001 
    PDIBLC2 =  0.001 
    PDIBLCB = -0.005 
    PSCBE1 = 8.14e+08 
    PSCBE2 =  1e-07 
    PVAG =  1e-20 
    WR =      1 
    DWG =      0 
    DWB =      0 
    XW =      0 
    XWREF =      0 
    XL = -1.4e-08 
    XLREF = -1.4e-08 
    B0 =      0 
    B1 =      0 
    ALPHA0 =  0.074 
    ALPHA1 =  0.005 
    AGIDL = 0.0002 
    BGIDL = 2.1e+09 
    CGIDL = 0.0002 
    PHIN =      0 
    EGIDL =    0.8 
    AIGC =  0.012 
    BIGC = 0.0028 
    CIGC =  0.002 
    AIGSD =  0.012 
    BIGSD = 0.0028 
    CIGSD =  0.002 
    AIGBACC =  0.012 
    BIGBACC = 0.0028 
    CIGBACC =  0.002 
    AIGBINV =  0.014 
    BIGBINV =  0.004 
    CIGBINV =  0.004 
    NIGC =      1 
    NIGBINV =      3 
    NIGBACC =      1 
    NTOX =      1 
    EIGBINV =    1.1 
    PIGCD =      1 
    POXEDGE =      1 
    XRCRG1 =     12 
    TNOIA =    1.5 
    TNOIB =    3.5 
    NTNOI =      1 
    XRCRG2 =      5 
    BETA0 =     30 
    IJTHDFWD =   0.01 
    IJTHSFWD =   0.01 
    IJTHDREV =  0.001 
    IJTHSREV =  0.001 
    XJBVD =      1 
    XJBVS =      1 
    BVD =     10 
    BVS =     10 
    VFB =  -0.55 
    GBMIN =  1e-10 
    RBDB =     15 
    RBPB =      5 
    RBSB =     15 
    RBPS =     15 
    RBPD =     15 
    CGSL = 2.653e-10 
    CGDL = 2.653e-10 
    CKAPPAS =   0.03 
    CKAPPAD =   0.03 
    CF = 1.208e-10 
    CLC =  1e-07 
    CLE =    0.6 
    DWC =  5e-09 
    DLC = 2.7e-09 
    DLCIG = 2.7e-09 
    DWJ =      0 
    VFBCV =     -1 
    ACDE =      1 
    MOIN =     15 
    NOFF =    0.9 
    VOFFCV =   0.02 
    DMCG =      0 
    DMCI =      0 
    DMDG =      0 
    DMCGT =      0 
    XGW =      0 
    XGL =      0 
    RSHG =    0.4 
    NGCON =      1 
    TCJ =  0.001 
    TPB =  0.005 
    TCJSW =  0.001 
    TPBSW =  0.005 
    TCJSWG =  0.001 
    TPBSWG =  0.005 
    SK0 =      0 
    SK1 =      0 
    SK2 =      0 
    SL =  2e-06 
    SW =  2e-06 
    K =      0 
    TNOM =  300.1 
    CGSO = 8.5e-11 
    CGDO = 8.5e-11 
    CGBO = 2.56e-11 
    XPART =      0 
    RSH =      5 
    JSS = 0.0001 
    JSWS =  1e-11 
    JSWGS =  1e-10 
    PBS =      1 
    MJS =    0.5 
    PBSWS =      1 
    MJSWS =   0.33 
    CJS = 0.0005 
    CJSWS =  5e-10 
    NJS =      1 
    PBSWGS =      1 
    MJSWGS =   0.33 
    CJSWGS =  3e-10 
    XTIS =      3 
    JSD = 0.0001 
    JSWD =  1e-11 
    JSWGD =  1e-10 
    PBD =      1 
    MJD =    0.5 
    PBSWD =      1 
    MJSWD =   0.33 
    CJD = 0.0005 
    CJSWD =  5e-10 
    NJD =      1 
    PBSWGD =      1 
    MJSWGD =   0.33 
    CJSWGD =  5e-10 
    XTID =      3 
    LMLT =      1 
    WMLT =      1 
    LINT = 2.7e-09 
    LL =      0 
    LLC =      0 
    LLN =      1 
    LW =      0 
    LWC =      0 
    LWN =      1 
    LWL =      0 
    LWLC =      0 
    LMIN =      0 
    LMAX =      1 
    WINT =  5e-09 
    WL =      0 
    WLC =      0 
    WLN =      1 
    WW =      0 
    WWC =      0 
    WWN =      1 
    WWL =      0 
    WWLC =      0 
    WMIN =      0 
    WMAX =      1 
    NOIA = 6.25e+41 
    NOIB = 3.125e+26 
    NOIC = 8.75e+09 
    EM = 4.1e+07 
    EF =      1 
    AF =      1 
    KF =      0 
    TRS =      0 
    TRD =      0 
 Model file: 32nm_bulk.pm.txt
 Model line:           77
 Model Name: pmos  
 BSIM4 Model (Level 54)
    MOBMOD = 0
    BINUNIT = 1
    PARAMCHK = 1
    CAPMOD = 2
    DIOMOD = 1
    RDSMOD = 0
    TRNQSMOD = 0
    ACNQSMOD = 0
    RBODYMOD = 1
    RGATEMOD = 1
    PERMOD = 1
    GEOMOD = 1
    RGEOMOD = 0
    FNOIMOD = 1
    TNOIMOD = 0
    IGCMOD = 1
    IGBMOD = 1
    STIMOD = 0
    VERSION =      4 
    TOXREF = 1.75e-09 
    TOXE = 1.75e-09 
    TOXP =  1e-09 
    TOXM = 1.75e-09 
    DTOX = 7.5e-10 
    EPSROX =    3.9 
    CDSC =      0 
    CDSCB =      0 
    CDSCD =      0 
    CIT =      0 
    NFACTOR =    2.3 
    XJ =  1e-08 
    VSAT =  7e+04 
    A0 =      1 
    AGS =  1e-20 
    A1 =      0 
    A2 =      1 
    AT = 3.3e+04 
    KETA = -0.047 
    NSUB =  6e+16 
    NDEP = 3.07e+18 
    NSD =  2e+20 
    NGATE =  2e+20 
    GAMMA1 =      0 
    GAMMA2 =      0 
    VBX =      0 
    VBM =     -3 
    XT = 1.55e-07 
    K1 =    0.4 
    KT1 =  -0.11 
    KT1L =      0 
    KT2 =  0.022 
    K2 =  -0.01 
    K3 =      0 
    K3B =      0 
    LPE0 =      0 
    LPEB =      0 
    DVTP0 =  1e-11 
    DVTP1 =   0.05 
    W0 = 2.5e-06 
    DVT0 =      1 
    DVT1 =      2 
    DVT2 = -0.032 
    DVT0W =      0 
    DVT1W =      0 
    DVT2W =      0 
    DROUT =    0.6 
    DSUB =    0.1 
    VTH0 =  -0.45 
    EU =      1 
    UA =  2e-09 
    UA1 = 4.31e-09 
    UB =  5e-19 
    UB1 = 7.61e-18 
    UC =      0 
    UC1 = -5.6e-11 
    U0 = 0.00355 
    UTE =   -1.5 
    VOFF = -0.126 
    VOFFL =      0 
    MINV =   0.05 
    FPROUT =    0.2 
    PDITS =   0.08 
    PDITSD =   0.23 
    PDITSL = 2.3e+06 
    DELTA =   0.01 
    RDSW =    150 
    RDSWMIN =      0 
    RDWMIN =      0 
    RSWMIN =      0 
    RDW =     75 
    RSW =     75 
    PRWG =      0 
    PRWB =      0 
    PRT =      0 
    ETA0 = 0.0042 
    ETAB =      0 
    PCLM =    0.1 
    PDIBLC1 =  0.001 
    PDIBLC2 =  0.001 
    PDIBLCB = 3.4e-08 
    PSCBE1 = 8.14e+08 
    PSCBE2 = 9.58e-07 
    PVAG =  1e-20 
    WR =      1 
    DWG =      0 
    DWB =      0 
    XW =      0 
    XWREF =      0 
    XL = -1.4e-08 
    XLREF = -1.4e-08 
    B0 =      0 
    B1 =      0 
    ALPHA0 =  0.074 
    ALPHA1 =  0.005 
    AGIDL = 0.0002 
    BGIDL = 2.1e+09 
    CGIDL = 0.0002 
    PHIN =      0 
    EGIDL =    0.8 
    AIGC =   0.69 
    BIGC = 0.0012 
    CIGC = 0.0008 
    AIGSD = 0.0087 
    BIGSD = 0.0012 
    CIGSD = 0.0008 
    AIGBACC =  0.012 
    BIGBACC = 0.0028 
    CIGBACC =  0.002 
    AIGBINV =  0.014 
    BIGBINV =  0.004 
    CIGBINV =  0.004 
    NIGC =      1 
    NIGBINV =      3 
    NIGBACC =      1 
    NTOX =      1 
    EIGBINV =    1.1 
    PIGCD =      1 
    POXEDGE =      1 
    XRCRG1 =     12 
    TNOIA =    1.5 
    TNOIB =    3.5 
    NTNOI =      1 
    XRCRG2 =      5 
    BETA0 =     30 
    IJTHDFWD =   0.01 
    IJTHSFWD =   0.01 
    IJTHDREV =  0.001 
    IJTHSREV =  0.001 
    XJBVD =      1 
    XJBVS =      1 
    BVD =     10 
    BVS =     10 
    VFB =   0.55 
    GBMIN =  1e-10 
    RBDB =     15 
    RBPB =      5 
    RBSB =     15 
    RBPS =     15 
    RBPD =     15 
    CGSL = 2.653e-10 
    CGDL = 2.653e-10 
    CKAPPAS =   0.03 
    CKAPPAD =   0.03 
    CF = 1.195e-10 
    CLC =  1e-07 
    CLE =    0.6 
    DWC =  5e-09 
    DLC = 2.7e-09 
    DLCIG = 2.7e-09 
    DWJ =      0 
    VFBCV =     -1 
    ACDE =      1 
    MOIN =     15 
    NOFF =    0.9 
    VOFFCV =   0.02 
    DMCG =      0 
    DMCI =      0 
    DMDG =      0 
    DMCGT =      0 
    XGW =      0 
    XGL =      0 
    RSHG =    0.4 
    NGCON =      1 
    TCJ =  0.001 
    TPB =  0.005 
    TCJSW =  0.001 
    TPBSW =  0.005 
    TCJSWG =  0.001 
    TPBSWG =  0.005 
    SK0 =      0 
    SK1 =      0 
    SK2 =      0 
    SL =  2e-06 
    SW =  2e-06 
    K =      0 
    TNOM =  300.1 
    CGSO = 8.5e-11 
    CGDO = 8.5e-11 
    CGBO = 2.56e-11 
    XPART =      0 
    RSH =      5 
    JSS = 0.0001 
    JSWS =  1e-11 
    JSWGS =  1e-10 
    PBS =      1 
    MJS =    0.5 
    PBSWS =      1 
    MJSWS =   0.33 
    CJS = 0.0005 
    CJSWS =  5e-10 
    NJS =      1 
    PBSWGS =      1 
    MJSWGS =   0.33 
    CJSWGS =  3e-10 
    XTIS =      3 
    JSD = 0.0001 
    JSWD =  1e-11 
    JSWGD =  1e-10 
    PBD =      1 
    MJD =    0.5 
    PBSWD =      1 
    MJSWD =   0.33 
    CJD = 0.0005 
    CJSWD =  5e-10 
    NJD =      1 
    PBSWGD =      1 
    MJSWGD =   0.33 
    CJSWGD =  5e-10 
    XTID =      3 
    LMLT =      1 
    WMLT =      1 
    LINT = 2.7e-09 
    LL =      0 
    LLC =      0 
    LLN =      1 
    LW =      0 
    LWC =      0 
    LWN =      1 
    LWL =      0 
    LWLC =      0 
    LMIN =      0 
    LMAX =      1 
    WINT =  5e-09 
    WL =      0 
    WLC =      0 
    WLN =      1 
    WW =      0 
    WWC =      0 
    WWN =      1 
    WWL =      0 
    WWLC =      0 
    WMIN =      0 
    WMAX =      1 
    NOIA = 6.188e+40 
    NOIB = 1.5e+25 
    NOIC = 8.75e+09 
    EM = 4.1e+07 
    EF =      1 
    AF =      1 
    KF =      0 
    TRS =      0 
    TRD =      0 
  **info** (ca2.sp:19) DC voltage reset to initial transient source value in source 0:vin. new dc=0.0000D+00
  
      
 **info** set option symb=1 internally to help for convergence.
 *****************************************************************
 ******  option summary
 ******
 runlvl  = 3         bypass  = 2.0000    
 **info** dc convergence successful at Newton-Raphson method 
 ******  
 * full combinational circuit for ca2 - advanced vlsi

 ****** operating point information tnom=  25.000 temp=  25.000 ******
 ****** operating point status is voltage   simulation time is     0.     
    node    =voltage      node    =voltage      node    =voltage

 +0:a       =   0.      0:i       =  20.0150m 0:j       =   1.7992 
 +0:k       =   1.7907  0:n       =  52.6945m 0:n1      =  45.3723m
 +0:out     =   1.7906  0:out2    =   1.7813  0:vdd     =   1.8000 
 +0:w       =   1.7720  0:x       =  20.1196m 0:z1      =   0.     
 +0:z2      =   0.      0:z3      =   0.      0:z4      =   0.     
 +0:z5      =   0.      0:z6      =   1.8000  0:z7      =   1.8000 
 +0:z8      =   1.8000  1:net1    =   1.7860  2:net1    =   1.7460 
 +2:net2    =   1.7732  3:net1    =   1.7460  3:net2    =   1.7732 
 +4:net1    =   1.3402  5:net1    =   5.3457m 6:net1    =   5.3463m

 ******
 * full combinational circuit for ca2 - advanced vlsi

 ****** transient analysis tnom=  25.000 temp=  25.000 ******
 delay_w=   3.1946p  targ=   8.1946p   trig=   5.0000p
 delay_i=   4.8626p  targ=  13.0573p   trig=   8.1946p
 delay_x=  15.1265p  targ=  23.3211p   trig=   8.1946p
 delay_j=   4.5671p  targ=  27.8883p   trig=  23.3211p
 delay_out=  41.2219p  targ=  64.5430p   trig=  23.3211p
 delay_k=   6.2872p  targ=  29.6083p   trig=  23.3211p
 delay_n=  35.5896p  targ= 100.1326p   trig=  64.5430p
 trise=  97.0875p  targ= 631.9955p   trig= 534.9080p
 tfall=  83.9840p  targ= 121.0944p   trig=  37.1104p
 tpd=  90.5357p
 tpdr=  59.5430p  targ=  64.5430p   trig=   5.0000p
 tpdf=  48.2339p  targ= 563.2339p   trig= 515.0000p
 td_a_w=   3.1946p  targ=   8.1946p   trig=   5.0000p
 td_w_x=  15.1265p  targ=  23.3211p   trig=   8.1946p
 td_x_out=  41.2219p  targ=  64.5430p   trig=  23.3211p
 td_out_n=  35.5896p  targ= 100.1326p   trig=  64.5430p
 total_delay=  59.5430p
 power= 912.3366u  from=   0.             to=   2.0000n

          ***** job concluded
 ******  
 * full combinational circuit for ca2 - advanced vlsi

 ****** job statistics summary tnom=  25.000 temp=  25.000 ******

  ******  Circuit Statistics  ******
  # nodes       =     164 # elements   =      45
  # resistors   =       0 # capacitors =       1 # inductors   =       0
  # mutual_inds =       0 # vccs       =       0 # vcvs        =       0
  # cccs        =       0 # ccvs       =       0 # volt_srcs   =      10
  # curr_srcs   =       0 # diodes     =       0 # bjts        =       0
  # jfets       =       0 # mosfets    =      34 # U elements  =       0
  # T elements  =       0 # W elements =       0 # B elements  =       0
  # S elements  =       0 # P elements =       0 # va device   =       0
  # vector_srcs =       0 # N elements =       0


  ******  Runtime Statistics (seconds)  ******

  analysis           time    # points   tot. iter  conv.iter
  op point           0.00           1          10
  transient          0.01        2001         400         136 rev=         2
  readin             0.00
  errchk             0.00
  setup              0.00
  output             0.00


           peak memory used         67.47 megabytes
           total cpu time            0.02 seconds
           total elapsed time        0.03 seconds
           job started at     14:29:55 05/29/2025
           job ended   at     14:29:55 05/29/2025
  **warning** (ca2.sp:24) Global net name "gnd" in subckt pin list. The pin will be connected to the local net. Recommend to not use global net names in subckt pin lists.
 ******  
 * full combinational circuit for ca2 - advanced vlsi

 ****** circuit name directory
 circuit number to circuit name directory
   number circuitname                     definition         multiplier
        0 main circuit
        1 xnor2_gate.                     nor2               1.00 
        2 xnor_i.                         nor3               1.00 
        3 xnor_x.                         nor3               1.00 
        4 xnand2_j.                       nand2              1.00 
        5 xnand2_out.                     nand2              1.00 
        6 xnand2_k.                       nand2              1.00 
        7 xinv_n1.                        inverter           1.00 
        8 xinv_out2.                      inverter           1.00 
        9 xinv_n.                         inverter           1.00 

**warning** NO.2 tran analysis statement is duplicate, ignored!

**warning** NO.3 tran analysis statement is duplicate, ignored!

**warning** NO.4 tran analysis statement is duplicate, ignored!

**warning** NO.5 tran analysis statement is duplicate, ignored!

**warning** NO.6 tran analysis statement is duplicate, ignored!

**warning** NO.7 tran analysis statement is duplicate, ignored!

**warning** NO.8 tran analysis statement is duplicate, ignored!
 ******  
 * full combinational circuit for ca2 - advanced vlsi

 ****** mos   model parameters tnom=  25.000 temp=  25.000 ******
 Model file: 32nm_bulk.pm.txt
 Model line:            6
 Model Name: nmos  
 BSIM4 Model (Level 54)
    MOBMOD = 0
    BINUNIT = 1
    PARAMCHK = 1
    CAPMOD = 2
    DIOMOD = 1
    RDSMOD = 0
    TRNQSMOD = 0
    ACNQSMOD = 0
    RBODYMOD = 1
    RGATEMOD = 1
    PERMOD = 1
    GEOMOD = 1
    RGEOMOD = 0
    FNOIMOD = 1
    TNOIMOD = 0
    IGCMOD = 1
    IGBMOD = 1
    STIMOD = 0
    VERSION =      4 
    TOXREF = 1.65e-09 
    TOXE = 1.65e-09 
    TOXP =  1e-09 
    TOXM = 1.65e-09 
    DTOX = 6.5e-10 
    EPSROX =    3.9 
    CDSC =      0 
    CDSCB =      0 
    CDSCD =      0 
    CIT =      0 
    NFACTOR =    2.3 
    XJ =  1e-08 
    VSAT = 1.785e+05 
    A0 =      1 
    AGS =      0 
    A1 =      0 
    A2 =      1 
    AT = 3.3e+04 
    KETA =   0.04 
    NSUB =  6e+16 
    NDEP = 4.12e+18 
    NSD =  2e+20 
    NGATE =  2e+20 
    GAMMA1 =      0 
    GAMMA2 =      0 
    VBX =      0 
    VBM =     -3 
    XT = 1.55e-07 
    K1 =    0.4 
    KT1 =  -0.11 
    KT1L =      0 
    KT2 =  0.022 
    K2 =      0 
    K3 =      0 
    K3B =      0 
    LPE0 =      0 
    LPEB =      0 
    DVTP0 =  1e-11 
    DVTP1 =    0.1 
    W0 = 2.5e-06 
    DVT0 =      1 
    DVT1 =      2 
    DVT2 =      0 
    DVT0W =      0 
    DVT1W =      0 
    DVT2W =      0 
    DROUT =    0.5 
    DSUB =    0.1 
    VTH0 = 0.5088 
    EU =   1.67 
    UA =  6e-10 
    UA1 = 4.31e-09 
    UB = 1.2e-18 
    UB1 = 7.61e-18 
    UC =      0 
    UC1 = -5.6e-11 
    U0 = 0.0389 
    UTE =   -1.5 
    VOFF =  -0.13 
    VOFFL =      0 
    MINV =   0.05 
    FPROUT =    0.2 
    PDITS =   0.01 
    PDITSD =   0.23 
    PDITSL = 2.3e+06 
    DELTA =   0.01 
    RDSW =    150 
    RDSWMIN =      0 
    RDWMIN =      0 
    RSWMIN =      0 
    RDW =     75 
    RSW =     75 
    PRWG =      0 
    PRWB =      0 
    PRT =      0 
    ETA0 = 0.0042 
    ETAB =      0 
    PCLM =   0.02 
    PDIBLC1 =  0.001 
    PDIBLC2 =  0.001 
    PDIBLCB = -0.005 
    PSCBE1 = 8.14e+08 
    PSCBE2 =  1e-07 
    PVAG =  1e-20 
    WR =      1 
    DWG =      0 
    DWB =      0 
    XW =      0 
    XWREF =      0 
    XL = -1.4e-08 
    XLREF = -1.4e-08 
    B0 =      0 
    B1 =      0 
    ALPHA0 =  0.074 
    ALPHA1 =  0.005 
    AGIDL = 0.0002 
    BGIDL = 2.1e+09 
    CGIDL = 0.0002 
    PHIN =      0 
    EGIDL =    0.8 
    AIGC =  0.012 
    BIGC = 0.0028 
    CIGC =  0.002 
    AIGSD =  0.012 
    BIGSD = 0.0028 
    CIGSD =  0.002 
    AIGBACC =  0.012 
    BIGBACC = 0.0028 
    CIGBACC =  0.002 
    AIGBINV =  0.014 
    BIGBINV =  0.004 
    CIGBINV =  0.004 
    NIGC =      1 
    NIGBINV =      3 
    NIGBACC =      1 
    NTOX =      1 
    EIGBINV =    1.1 
    PIGCD =      1 
    POXEDGE =      1 
    XRCRG1 =     12 
    TNOIA =    1.5 
    TNOIB =    3.5 
    NTNOI =      1 
    XRCRG2 =      5 
    BETA0 =     30 
    IJTHDFWD =   0.01 
    IJTHSFWD =   0.01 
    IJTHDREV =  0.001 
    IJTHSREV =  0.001 
    XJBVD =      1 
    XJBVS =      1 
    BVD =     10 
    BVS =     10 
    VFB =  -0.55 
    GBMIN =  1e-10 
    RBDB =     15 
    RBPB =      5 
    RBSB =     15 
    RBPS =     15 
    RBPD =     15 
    CGSL = 2.653e-10 
    CGDL = 2.653e-10 
    CKAPPAS =   0.03 
    CKAPPAD =   0.03 
    CF = 1.208e-10 
    CLC =  1e-07 
    CLE =    0.6 
    DWC =  5e-09 
    DLC = 2.7e-09 
    DLCIG = 2.7e-09 
    DWJ =      0 
    VFBCV =     -1 
    ACDE =      1 
    MOIN =     15 
    NOFF =    0.9 
    VOFFCV =   0.02 
    DMCG =      0 
    DMCI =      0 
    DMDG =      0 
    DMCGT =      0 
    XGW =      0 
    XGL =      0 
    RSHG =    0.4 
    NGCON =      1 
    TCJ =  0.001 
    TPB =  0.005 
    TCJSW =  0.001 
    TPBSW =  0.005 
    TCJSWG =  0.001 
    TPBSWG =  0.005 
    SK0 =      0 
    SK1 =      0 
    SK2 =      0 
    SL =  2e-06 
    SW =  2e-06 
    K =      0 
    TNOM =  300.1 
    CGSO = 8.5e-11 
    CGDO = 8.5e-11 
    CGBO = 2.56e-11 
    XPART =      0 
    RSH =      5 
    JSS = 0.0001 
    JSWS =  1e-11 
    JSWGS =  1e-10 
    PBS =      1 
    MJS =    0.5 
    PBSWS =      1 
    MJSWS =   0.33 
    CJS = 0.0005 
    CJSWS =  5e-10 
    NJS =      1 
    PBSWGS =      1 
    MJSWGS =   0.33 
    CJSWGS =  3e-10 
    XTIS =      3 
    JSD = 0.0001 
    JSWD =  1e-11 
    JSWGD =  1e-10 
    PBD =      1 
    MJD =    0.5 
    PBSWD =      1 
    MJSWD =   0.33 
    CJD = 0.0005 
    CJSWD =  5e-10 
    NJD =      1 
    PBSWGD =      1 
    MJSWGD =   0.33 
    CJSWGD =  5e-10 
    XTID =      3 
    LMLT =      1 
    WMLT =      1 
    LINT = 2.7e-09 
    LL =      0 
    LLC =      0 
    LLN =      1 
    LW =      0 
    LWC =      0 
    LWN =      1 
    LWL =      0 
    LWLC =      0 
    LMIN =      0 
    LMAX =      1 
    WINT =  5e-09 
    WL =      0 
    WLC =      0 
    WLN =      1 
    WW =      0 
    WWC =      0 
    WWN =      1 
    WWL =      0 
    WWLC =      0 
    WMIN =      0 
    WMAX =      1 
    NOIA = 6.25e+41 
    NOIB = 3.125e+26 
    NOIC = 8.75e+09 
    EM = 4.1e+07 
    EF =      1 
    AF =      1 
    KF =      0 
    TRS =      0 
    TRD =      0 
 Model file: 32nm_bulk.pm.txt
 Model line:           77
 Model Name: pmos  
 BSIM4 Model (Level 54)
    MOBMOD = 0
    BINUNIT = 1
    PARAMCHK = 1
    CAPMOD = 2
    DIOMOD = 1
    RDSMOD = 0
    TRNQSMOD = 0
    ACNQSMOD = 0
    RBODYMOD = 1
    RGATEMOD = 1
    PERMOD = 1
    GEOMOD = 1
    RGEOMOD = 0
    FNOIMOD = 1
    TNOIMOD = 0
    IGCMOD = 1
    IGBMOD = 1
    STIMOD = 0
    VERSION =      4 
    TOXREF = 1.75e-09 
    TOXE = 1.75e-09 
    TOXP =  1e-09 
    TOXM = 1.75e-09 
    DTOX = 7.5e-10 
    EPSROX =    3.9 
    CDSC =      0 
    CDSCB =      0 
    CDSCD =      0 
    CIT =      0 
    NFACTOR =    2.3 
    XJ =  1e-08 
    VSAT =  7e+04 
    A0 =      1 
    AGS =  1e-20 
    A1 =      0 
    A2 =      1 
    AT = 3.3e+04 
    KETA = -0.047 
    NSUB =  6e+16 
    NDEP = 3.07e+18 
    NSD =  2e+20 
    NGATE =  2e+20 
    GAMMA1 =      0 
    GAMMA2 =      0 
    VBX =      0 
    VBM =     -3 
    XT = 1.55e-07 
    K1 =    0.4 
    KT1 =  -0.11 
    KT1L =      0 
    KT2 =  0.022 
    K2 =  -0.01 
    K3 =      0 
    K3B =      0 
    LPE0 =      0 
    LPEB =      0 
    DVTP0 =  1e-11 
    DVTP1 =   0.05 
    W0 = 2.5e-06 
    DVT0 =      1 
    DVT1 =      2 
    DVT2 = -0.032 
    DVT0W =      0 
    DVT1W =      0 
    DVT2W =      0 
    DROUT =    0.6 
    DSUB =    0.1 
    VTH0 =  -0.45 
    EU =      1 
    UA =  2e-09 
    UA1 = 4.31e-09 
    UB =  5e-19 
    UB1 = 7.61e-18 
    UC =      0 
    UC1 = -5.6e-11 
    U0 = 0.00355 
    UTE =   -1.5 
    VOFF = -0.126 
    VOFFL =      0 
    MINV =   0.05 
    FPROUT =    0.2 
    PDITS =   0.08 
    PDITSD =   0.23 
    PDITSL = 2.3e+06 
    DELTA =   0.01 
    RDSW =    150 
    RDSWMIN =      0 
    RDWMIN =      0 
    RSWMIN =      0 
    RDW =     75 
    RSW =     75 
    PRWG =      0 
    PRWB =      0 
    PRT =      0 
    ETA0 = 0.0042 
    ETAB =      0 
    PCLM =    0.1 
    PDIBLC1 =  0.001 
    PDIBLC2 =  0.001 
    PDIBLCB = 3.4e-08 
    PSCBE1 = 8.14e+08 
    PSCBE2 = 9.58e-07 
    PVAG =  1e-20 
    WR =      1 
    DWG =      0 
    DWB =      0 
    XW =      0 
    XWREF =      0 
    XL = -1.4e-08 
    XLREF = -1.4e-08 
    B0 =      0 
    B1 =      0 
    ALPHA0 =  0.074 
    ALPHA1 =  0.005 
    AGIDL = 0.0002 
    BGIDL = 2.1e+09 
    CGIDL = 0.0002 
    PHIN =      0 
    EGIDL =    0.8 
    AIGC =   0.69 
    BIGC = 0.0012 
    CIGC = 0.0008 
    AIGSD = 0.0087 
    BIGSD = 0.0012 
    CIGSD = 0.0008 
    AIGBACC =  0.012 
    BIGBACC = 0.0028 
    CIGBACC =  0.002 
    AIGBINV =  0.014 
    BIGBINV =  0.004 
    CIGBINV =  0.004 
    NIGC =      1 
    NIGBINV =      3 
    NIGBACC =      1 
    NTOX =      1 
    EIGBINV =    1.1 
    PIGCD =      1 
    POXEDGE =      1 
    XRCRG1 =     12 
    TNOIA =    1.5 
    TNOIB =    3.5 
    NTNOI =      1 
    XRCRG2 =      5 
    BETA0 =     30 
    IJTHDFWD =   0.01 
    IJTHSFWD =   0.01 
    IJTHDREV =  0.001 
    IJTHSREV =  0.001 
    XJBVD =      1 
    XJBVS =      1 
    BVD =     10 
    BVS =     10 
    VFB =   0.55 
    GBMIN =  1e-10 
    RBDB =     15 
    RBPB =      5 
    RBSB =     15 
    RBPS =     15 
    RBPD =     15 
    CGSL = 2.653e-10 
    CGDL = 2.653e-10 
    CKAPPAS =   0.03 
    CKAPPAD =   0.03 
    CF = 1.195e-10 
    CLC =  1e-07 
    CLE =    0.6 
    DWC =  5e-09 
    DLC = 2.7e-09 
    DLCIG = 2.7e-09 
    DWJ =      0 
    VFBCV =     -1 
    ACDE =      1 
    MOIN =     15 
    NOFF =    0.9 
    VOFFCV =   0.02 
    DMCG =      0 
    DMCI =      0 
    DMDG =      0 
    DMCGT =      0 
    XGW =      0 
    XGL =      0 
    RSHG =    0.4 
    NGCON =      1 
    TCJ =  0.001 
    TPB =  0.005 
    TCJSW =  0.001 
    TPBSW =  0.005 
    TCJSWG =  0.001 
    TPBSWG =  0.005 
    SK0 =      0 
    SK1 =      0 
    SK2 =      0 
    SL =  2e-06 
    SW =  2e-06 
    K =      0 
    TNOM =  300.1 
    CGSO = 8.5e-11 
    CGDO = 8.5e-11 
    CGBO = 2.56e-11 
    XPART =      0 
    RSH =      5 
    JSS = 0.0001 
    JSWS =  1e-11 
    JSWGS =  1e-10 
    PBS =      1 
    MJS =    0.5 
    PBSWS =      1 
    MJSWS =   0.33 
    CJS = 0.0005 
    CJSWS =  5e-10 
    NJS =      1 
    PBSWGS =      1 
    MJSWGS =   0.33 
    CJSWGS =  3e-10 
    XTIS =      3 
    JSD = 0.0001 
    JSWD =  1e-11 
    JSWGD =  1e-10 
    PBD =      1 
    MJD =    0.5 
    PBSWD =      1 
    MJSWD =   0.33 
    CJD = 0.0005 
    CJSWD =  5e-10 
    NJD =      1 
    PBSWGD =      1 
    MJSWGD =   0.33 
    CJSWGD =  5e-10 
    XTID =      3 
    LMLT =      1 
    WMLT =      1 
    LINT = 2.7e-09 
    LL =      0 
    LLC =      0 
    LLN =      1 
    LW =      0 
    LWC =      0 
    LWN =      1 
    LWL =      0 
    LWLC =      0 
    LMIN =      0 
    LMAX =      1 
    WINT =  5e-09 
    WL =      0 
    WLC =      0 
    WLN =      1 
    WW =      0 
    WWC =      0 
    WWN =      1 
    WWL =      0 
    WWLC =      0 
    WMIN =      0 
    WMAX =      1 
    NOIA = 6.188e+40 
    NOIB = 1.5e+25 
    NOIC = 8.75e+09 
    EM = 4.1e+07 
    EF =      1 
    AF =      1 
    KF =      0 
    TRS =      0 
    TRD =      0 
  **info** (ca2.sp:19) DC voltage reset to initial transient source value in source 0:vin. new dc=0.0000D+00
  
      
 **info** set option symb=1 internally to help for convergence.
 *****************************************************************
 ******  option summary
 ******
 runlvl  = 3         bypass  = 2.0000    
 **info** dc convergence successful at Newton-Raphson method 
 ******  
 * full combinational circuit for ca2 - advanced vlsi

 ****** operating point information tnom=  25.000 temp=  25.000 ******
 ****** operating point status is voltage   simulation time is     0.     
    node    =voltage      node    =voltage      node    =voltage

 +0:a       =   0.      0:i       =  20.0584m 0:j       =   1.7992 
 +0:k       =   1.7907  0:n       =  52.6946m 0:n1      =  45.3740m
 +0:out     =   1.7906  0:out2    =   1.7813  0:vdd     =   1.8000 
 +0:w       =   1.7719  0:x       =  20.1479m 0:z1      =   0.     
 +0:z2      =   0.      0:z3      =   0.      0:z4      =   0.     
 +0:z5      =   0.      0:z6      =   1.8000  0:z7      =   1.8000 
 +0:z8      =   1.8000  1:net1    =   1.7860  2:net1    =   1.7460 
 +2:net2    =   1.7731  3:net1    =   1.7460  3:net2    =   1.7731 
 +4:net1    =   1.3402  5:net1    =   5.3479m 6:net1    =   5.3485m

 ******
 * full combinational circuit for ca2 - advanced vlsi

 ****** transient analysis tnom=  25.000 temp=  25.000 ******
 delay_w=   3.4458p  targ=   8.4458p   trig=   5.0000p
 delay_i=   4.9829p  targ=  13.4287p   trig=   8.4458p
 delay_x=  13.7373p  targ=  22.1831p   trig=   8.4458p
 delay_j=   4.7245p  targ=  26.9076p   trig=  22.1831p
 delay_out=  40.5676p  targ=  62.7507p   trig=  22.1831p
 delay_k=   5.6874p  targ=  27.8705p   trig=  22.1831p
 delay_n=  35.3837p  targ=  98.1344p   trig=  62.7507p
 trise=  97.4817p  targ= 632.3418p   trig= 534.8601p
 tfall=  84.4816p  targ= 119.9827p   trig=  35.5012p
 tpd=  90.9816p
 tpdr=  57.7507p  targ=  62.7507p   trig=   5.0000p
 tpdf=  48.2513p  targ= 563.2513p   trig= 515.0000p
 td_a_w=   3.4458p  targ=   8.4458p   trig=   5.0000p
 td_w_x=  13.7373p  targ=  22.1831p   trig=   8.4458p
 td_x_out=  40.5676p  targ=  62.7507p   trig=  22.1831p
 td_out_n=  35.3837p  targ=  98.1344p   trig=  62.7507p
 total_delay=  57.7507p
 power= 922.5723u  from=   0.             to=   2.0000n

          ***** job concluded
 ******  
 * full combinational circuit for ca2 - advanced vlsi

 ****** job statistics summary tnom=  25.000 temp=  25.000 ******

  ******  Circuit Statistics  ******
  # nodes       =     164 # elements   =      45
  # resistors   =       0 # capacitors =       1 # inductors   =       0
  # mutual_inds =       0 # vccs       =       0 # vcvs        =       0
  # cccs        =       0 # ccvs       =       0 # volt_srcs   =      10
  # curr_srcs   =       0 # diodes     =       0 # bjts        =       0
  # jfets       =       0 # mosfets    =      34 # U elements  =       0
  # T elements  =       0 # W elements =       0 # B elements  =       0
  # S elements  =       0 # P elements =       0 # va device   =       0
  # vector_srcs =       0 # N elements =       0


  ******  Runtime Statistics (seconds)  ******

  analysis           time    # points   tot. iter  conv.iter
  op point           0.00           1          10
  transient          0.01        2001         395         135 rev=         2
  readin             0.00
  errchk             0.00
  setup              0.00
  output             0.00


           peak memory used         67.47 megabytes
           total cpu time            0.02 seconds
           total elapsed time        0.03 seconds
           job started at     14:29:55 05/29/2025
           job ended   at     14:29:55 05/29/2025
  **warning** (ca2.sp:24) Global net name "gnd" in subckt pin list. The pin will be connected to the local net. Recommend to not use global net names in subckt pin lists.
 ******  
 * full combinational circuit for ca2 - advanced vlsi

 ****** circuit name directory
 circuit number to circuit name directory
   number circuitname                     definition         multiplier
        0 main circuit
        1 xnor2_gate.                     nor2               1.00 
        2 xnor_i.                         nor3               1.00 
        3 xnor_x.                         nor3               1.00 
        4 xnand2_j.                       nand2              1.00 
        5 xnand2_out.                     nand2              1.00 
        6 xnand2_k.                       nand2              1.00 
        7 xinv_n1.                        inverter           1.00 
        8 xinv_out2.                      inverter           1.00 
        9 xinv_n.                         inverter           1.00 

**warning** NO.2 tran analysis statement is duplicate, ignored!

**warning** NO.3 tran analysis statement is duplicate, ignored!

**warning** NO.4 tran analysis statement is duplicate, ignored!

**warning** NO.5 tran analysis statement is duplicate, ignored!

**warning** NO.6 tran analysis statement is duplicate, ignored!

**warning** NO.7 tran analysis statement is duplicate, ignored!

**warning** NO.8 tran analysis statement is duplicate, ignored!

**warning** NO.9 tran analysis statement is duplicate, ignored!
 ******  
 * full combinational circuit for ca2 - advanced vlsi

 ****** mos   model parameters tnom=  25.000 temp=  25.000 ******
 Model file: 32nm_bulk.pm.txt
 Model line:            6
 Model Name: nmos  
 BSIM4 Model (Level 54)
    MOBMOD = 0
    BINUNIT = 1
    PARAMCHK = 1
    CAPMOD = 2
    DIOMOD = 1
    RDSMOD = 0
    TRNQSMOD = 0
    ACNQSMOD = 0
    RBODYMOD = 1
    RGATEMOD = 1
    PERMOD = 1
    GEOMOD = 1
    RGEOMOD = 0
    FNOIMOD = 1
    TNOIMOD = 0
    IGCMOD = 1
    IGBMOD = 1
    STIMOD = 0
    VERSION =      4 
    TOXREF = 1.65e-09 
    TOXE = 1.65e-09 
    TOXP =  1e-09 
    TOXM = 1.65e-09 
    DTOX = 6.5e-10 
    EPSROX =    3.9 
    CDSC =      0 
    CDSCB =      0 
    CDSCD =      0 
    CIT =      0 
    NFACTOR =    2.3 
    XJ =  1e-08 
    VSAT = 1.785e+05 
    A0 =      1 
    AGS =      0 
    A1 =      0 
    A2 =      1 
    AT = 3.3e+04 
    KETA =   0.04 
    NSUB =  6e+16 
    NDEP = 4.12e+18 
    NSD =  2e+20 
    NGATE =  2e+20 
    GAMMA1 =      0 
    GAMMA2 =      0 
    VBX =      0 
    VBM =     -3 
    XT = 1.55e-07 
    K1 =    0.4 
    KT1 =  -0.11 
    KT1L =      0 
    KT2 =  0.022 
    K2 =      0 
    K3 =      0 
    K3B =      0 
    LPE0 =      0 
    LPEB =      0 
    DVTP0 =  1e-11 
    DVTP1 =    0.1 
    W0 = 2.5e-06 
    DVT0 =      1 
    DVT1 =      2 
    DVT2 =      0 
    DVT0W =      0 
    DVT1W =      0 
    DVT2W =      0 
    DROUT =    0.5 
    DSUB =    0.1 
    VTH0 = 0.5088 
    EU =   1.67 
    UA =  6e-10 
    UA1 = 4.31e-09 
    UB = 1.2e-18 
    UB1 = 7.61e-18 
    UC =      0 
    UC1 = -5.6e-11 
    U0 = 0.0389 
    UTE =   -1.5 
    VOFF =  -0.13 
    VOFFL =      0 
    MINV =   0.05 
    FPROUT =    0.2 
    PDITS =   0.01 
    PDITSD =   0.23 
    PDITSL = 2.3e+06 
    DELTA =   0.01 
    RDSW =    150 
    RDSWMIN =      0 
    RDWMIN =      0 
    RSWMIN =      0 
    RDW =     75 
    RSW =     75 
    PRWG =      0 
    PRWB =      0 
    PRT =      0 
    ETA0 = 0.0042 
    ETAB =      0 
    PCLM =   0.02 
    PDIBLC1 =  0.001 
    PDIBLC2 =  0.001 
    PDIBLCB = -0.005 
    PSCBE1 = 8.14e+08 
    PSCBE2 =  1e-07 
    PVAG =  1e-20 
    WR =      1 
    DWG =      0 
    DWB =      0 
    XW =      0 
    XWREF =      0 
    XL = -1.4e-08 
    XLREF = -1.4e-08 
    B0 =      0 
    B1 =      0 
    ALPHA0 =  0.074 
    ALPHA1 =  0.005 
    AGIDL = 0.0002 
    BGIDL = 2.1e+09 
    CGIDL = 0.0002 
    PHIN =      0 
    EGIDL =    0.8 
    AIGC =  0.012 
    BIGC = 0.0028 
    CIGC =  0.002 
    AIGSD =  0.012 
    BIGSD = 0.0028 
    CIGSD =  0.002 
    AIGBACC =  0.012 
    BIGBACC = 0.0028 
    CIGBACC =  0.002 
    AIGBINV =  0.014 
    BIGBINV =  0.004 
    CIGBINV =  0.004 
    NIGC =      1 
    NIGBINV =      3 
    NIGBACC =      1 
    NTOX =      1 
    EIGBINV =    1.1 
    PIGCD =      1 
    POXEDGE =      1 
    XRCRG1 =     12 
    TNOIA =    1.5 
    TNOIB =    3.5 
    NTNOI =      1 
    XRCRG2 =      5 
    BETA0 =     30 
    IJTHDFWD =   0.01 
    IJTHSFWD =   0.01 
    IJTHDREV =  0.001 
    IJTHSREV =  0.001 
    XJBVD =      1 
    XJBVS =      1 
    BVD =     10 
    BVS =     10 
    VFB =  -0.55 
    GBMIN =  1e-10 
    RBDB =     15 
    RBPB =      5 
    RBSB =     15 
    RBPS =     15 
    RBPD =     15 
    CGSL = 2.653e-10 
    CGDL = 2.653e-10 
    CKAPPAS =   0.03 
    CKAPPAD =   0.03 
    CF = 1.208e-10 
    CLC =  1e-07 
    CLE =    0.6 
    DWC =  5e-09 
    DLC = 2.7e-09 
    DLCIG = 2.7e-09 
    DWJ =      0 
    VFBCV =     -1 
    ACDE =      1 
    MOIN =     15 
    NOFF =    0.9 
    VOFFCV =   0.02 
    DMCG =      0 
    DMCI =      0 
    DMDG =      0 
    DMCGT =      0 
    XGW =      0 
    XGL =      0 
    RSHG =    0.4 
    NGCON =      1 
    TCJ =  0.001 
    TPB =  0.005 
    TCJSW =  0.001 
    TPBSW =  0.005 
    TCJSWG =  0.001 
    TPBSWG =  0.005 
    SK0 =      0 
    SK1 =      0 
    SK2 =      0 
    SL =  2e-06 
    SW =  2e-06 
    K =      0 
    TNOM =  300.1 
    CGSO = 8.5e-11 
    CGDO = 8.5e-11 
    CGBO = 2.56e-11 
    XPART =      0 
    RSH =      5 
    JSS = 0.0001 
    JSWS =  1e-11 
    JSWGS =  1e-10 
    PBS =      1 
    MJS =    0.5 
    PBSWS =      1 
    MJSWS =   0.33 
    CJS = 0.0005 
    CJSWS =  5e-10 
    NJS =      1 
    PBSWGS =      1 
    MJSWGS =   0.33 
    CJSWGS =  3e-10 
    XTIS =      3 
    JSD = 0.0001 
    JSWD =  1e-11 
    JSWGD =  1e-10 
    PBD =      1 
    MJD =    0.5 
    PBSWD =      1 
    MJSWD =   0.33 
    CJD = 0.0005 
    CJSWD =  5e-10 
    NJD =      1 
    PBSWGD =      1 
    MJSWGD =   0.33 
    CJSWGD =  5e-10 
    XTID =      3 
    LMLT =      1 
    WMLT =      1 
    LINT = 2.7e-09 
    LL =      0 
    LLC =      0 
    LLN =      1 
    LW =      0 
    LWC =      0 
    LWN =      1 
    LWL =      0 
    LWLC =      0 
    LMIN =      0 
    LMAX =      1 
    WINT =  5e-09 
    WL =      0 
    WLC =      0 
    WLN =      1 
    WW =      0 
    WWC =      0 
    WWN =      1 
    WWL =      0 
    WWLC =      0 
    WMIN =      0 
    WMAX =      1 
    NOIA = 6.25e+41 
    NOIB = 3.125e+26 
    NOIC = 8.75e+09 
    EM = 4.1e+07 
    EF =      1 
    AF =      1 
    KF =      0 
    TRS =      0 
    TRD =      0 
 Model file: 32nm_bulk.pm.txt
 Model line:           77
 Model Name: pmos  
 BSIM4 Model (Level 54)
    MOBMOD = 0
    BINUNIT = 1
    PARAMCHK = 1
    CAPMOD = 2
    DIOMOD = 1
    RDSMOD = 0
    TRNQSMOD = 0
    ACNQSMOD = 0
    RBODYMOD = 1
    RGATEMOD = 1
    PERMOD = 1
    GEOMOD = 1
    RGEOMOD = 0
    FNOIMOD = 1
    TNOIMOD = 0
    IGCMOD = 1
    IGBMOD = 1
    STIMOD = 0
    VERSION =      4 
    TOXREF = 1.75e-09 
    TOXE = 1.75e-09 
    TOXP =  1e-09 
    TOXM = 1.75e-09 
    DTOX = 7.5e-10 
    EPSROX =    3.9 
    CDSC =      0 
    CDSCB =      0 
    CDSCD =      0 
    CIT =      0 
    NFACTOR =    2.3 
    XJ =  1e-08 
    VSAT =  7e+04 
    A0 =      1 
    AGS =  1e-20 
    A1 =      0 
    A2 =      1 
    AT = 3.3e+04 
    KETA = -0.047 
    NSUB =  6e+16 
    NDEP = 3.07e+18 
    NSD =  2e+20 
    NGATE =  2e+20 
    GAMMA1 =      0 
    GAMMA2 =      0 
    VBX =      0 
    VBM =     -3 
    XT = 1.55e-07 
    K1 =    0.4 
    KT1 =  -0.11 
    KT1L =      0 
    KT2 =  0.022 
    K2 =  -0.01 
    K3 =      0 
    K3B =      0 
    LPE0 =      0 
    LPEB =      0 
    DVTP0 =  1e-11 
    DVTP1 =   0.05 
    W0 = 2.5e-06 
    DVT0 =      1 
    DVT1 =      2 
    DVT2 = -0.032 
    DVT0W =      0 
    DVT1W =      0 
    DVT2W =      0 
    DROUT =    0.6 
    DSUB =    0.1 
    VTH0 =  -0.45 
    EU =      1 
    UA =  2e-09 
    UA1 = 4.31e-09 
    UB =  5e-19 
    UB1 = 7.61e-18 
    UC =      0 
    UC1 = -5.6e-11 
    U0 = 0.00355 
    UTE =   -1.5 
    VOFF = -0.126 
    VOFFL =      0 
    MINV =   0.05 
    FPROUT =    0.2 
    PDITS =   0.08 
    PDITSD =   0.23 
    PDITSL = 2.3e+06 
    DELTA =   0.01 
    RDSW =    150 
    RDSWMIN =      0 
    RDWMIN =      0 
    RSWMIN =      0 
    RDW =     75 
    RSW =     75 
    PRWG =      0 
    PRWB =      0 
    PRT =      0 
    ETA0 = 0.0042 
    ETAB =      0 
    PCLM =    0.1 
    PDIBLC1 =  0.001 
    PDIBLC2 =  0.001 
    PDIBLCB = 3.4e-08 
    PSCBE1 = 8.14e+08 
    PSCBE2 = 9.58e-07 
    PVAG =  1e-20 
    WR =      1 
    DWG =      0 
    DWB =      0 
    XW =      0 
    XWREF =      0 
    XL = -1.4e-08 
    XLREF = -1.4e-08 
    B0 =      0 
    B1 =      0 
    ALPHA0 =  0.074 
    ALPHA1 =  0.005 
    AGIDL = 0.0002 
    BGIDL = 2.1e+09 
    CGIDL = 0.0002 
    PHIN =      0 
    EGIDL =    0.8 
    AIGC =   0.69 
    BIGC = 0.0012 
    CIGC = 0.0008 
    AIGSD = 0.0087 
    BIGSD = 0.0012 
    CIGSD = 0.0008 
    AIGBACC =  0.012 
    BIGBACC = 0.0028 
    CIGBACC =  0.002 
    AIGBINV =  0.014 
    BIGBINV =  0.004 
    CIGBINV =  0.004 
    NIGC =      1 
    NIGBINV =      3 
    NIGBACC =      1 
    NTOX =      1 
    EIGBINV =    1.1 
    PIGCD =      1 
    POXEDGE =      1 
    XRCRG1 =     12 
    TNOIA =    1.5 
    TNOIB =    3.5 
    NTNOI =      1 
    XRCRG2 =      5 
    BETA0 =     30 
    IJTHDFWD =   0.01 
    IJTHSFWD =   0.01 
    IJTHDREV =  0.001 
    IJTHSREV =  0.001 
    XJBVD =      1 
    XJBVS =      1 
    BVD =     10 
    BVS =     10 
    VFB =   0.55 
    GBMIN =  1e-10 
    RBDB =     15 
    RBPB =      5 
    RBSB =     15 
    RBPS =     15 
    RBPD =     15 
    CGSL = 2.653e-10 
    CGDL = 2.653e-10 
    CKAPPAS =   0.03 
    CKAPPAD =   0.03 
    CF = 1.195e-10 
    CLC =  1e-07 
    CLE =    0.6 
    DWC =  5e-09 
    DLC = 2.7e-09 
    DLCIG = 2.7e-09 
    DWJ =      0 
    VFBCV =     -1 
    ACDE =      1 
    MOIN =     15 
    NOFF =    0.9 
    VOFFCV =   0.02 
    DMCG =      0 
    DMCI =      0 
    DMDG =      0 
    DMCGT =      0 
    XGW =      0 
    XGL =      0 
    RSHG =    0.4 
    NGCON =      1 
    TCJ =  0.001 
    TPB =  0.005 
    TCJSW =  0.001 
    TPBSW =  0.005 
    TCJSWG =  0.001 
    TPBSWG =  0.005 
    SK0 =      0 
    SK1 =      0 
    SK2 =      0 
    SL =  2e-06 
    SW =  2e-06 
    K =      0 
    TNOM =  300.1 
    CGSO = 8.5e-11 
    CGDO = 8.5e-11 
    CGBO = 2.56e-11 
    XPART =      0 
    RSH =      5 
    JSS = 0.0001 
    JSWS =  1e-11 
    JSWGS =  1e-10 
    PBS =      1 
    MJS =    0.5 
    PBSWS =      1 
    MJSWS =   0.33 
    CJS = 0.0005 
    CJSWS =  5e-10 
    NJS =      1 
    PBSWGS =      1 
    MJSWGS =   0.33 
    CJSWGS =  3e-10 
    XTIS =      3 
    JSD = 0.0001 
    JSWD =  1e-11 
    JSWGD =  1e-10 
    PBD =      1 
    MJD =    0.5 
    PBSWD =      1 
    MJSWD =   0.33 
    CJD = 0.0005 
    CJSWD =  5e-10 
    NJD =      1 
    PBSWGD =      1 
    MJSWGD =   0.33 
    CJSWGD =  5e-10 
    XTID =      3 
    LMLT =      1 
    WMLT =      1 
    LINT = 2.7e-09 
    LL =      0 
    LLC =      0 
    LLN =      1 
    LW =      0 
    LWC =      0 
    LWN =      1 
    LWL =      0 
    LWLC =      0 
    LMIN =      0 
    LMAX =      1 
    WINT =  5e-09 
    WL =      0 
    WLC =      0 
    WLN =      1 
    WW =      0 
    WWC =      0 
    WWN =      1 
    WWL =      0 
    WWLC =      0 
    WMIN =      0 
    WMAX =      1 
    NOIA = 6.188e+40 
    NOIB = 1.5e+25 
    NOIC = 8.75e+09 
    EM = 4.1e+07 
    EF =      1 
    AF =      1 
    KF =      0 
    TRS =      0 
    TRD =      0 
  **info** (ca2.sp:19) DC voltage reset to initial transient source value in source 0:vin. new dc=0.0000D+00
  
      
 **info** set option symb=1 internally to help for convergence.
 *****************************************************************
 ******  option summary
 ******
 runlvl  = 3         bypass  = 2.0000    
 **info** dc convergence successful at Newton-Raphson method 
 ******  
 * full combinational circuit for ca2 - advanced vlsi

 ****** operating point information tnom=  25.000 temp=  25.000 ******
 ****** operating point status is voltage   simulation time is     0.     
    node    =voltage      node    =voltage      node    =voltage

 +0:a       =   0.      0:i       =  20.0944m 0:j       =   1.7992 
 +0:k       =   1.7907  0:n       =  52.6948m 0:n1      =  45.3755m
 +0:out     =   1.7906  0:out2    =   1.7813  0:vdd     =   1.8000 
 +0:w       =   1.7718  0:x       =  20.1726m 0:z1      =   0.     
 +0:z2      =   0.      0:z3      =   0.      0:z4      =   0.     
 +0:z5      =   0.      0:z6      =   1.8000  0:z7      =   1.8000 
 +0:z8      =   1.8000  1:net1    =   1.7859  2:net1    =   1.7459 
 +2:net2    =   1.7731  3:net1    =   1.7459  3:net2    =   1.7731 
 +4:net1    =   1.3402  5:net1    =   5.3499m 6:net1    =   5.3505m

 ******
 * full combinational circuit for ca2 - advanced vlsi

 ****** transient analysis tnom=  25.000 temp=  25.000 ******
 delay_w=   3.7346p  targ=   8.7346p   trig=   5.0000p
 delay_i=   5.0473p  targ=  13.7819p   trig=   8.7346p
 delay_x=  12.6801p  targ=  21.4147p   trig=   8.7346p
 delay_j=   4.4144p  targ=  25.8291p   trig=  21.4147p
 delay_out=  40.3425p  targ=  61.7572p   trig=  21.4147p
 delay_k=   5.3976p  targ=  26.8123p   trig=  21.4147p
 delay_n=  35.5232p  targ=  97.2804p   trig=  61.7572p
 trise=  97.7493p  targ= 632.8914p   trig= 535.1421p
 tfall=  83.7247p  targ= 118.4313p   trig=  34.7066p
 tpd=  90.7370p
 tpdr=  56.7572p  targ=  61.7572p   trig=   5.0000p
 tpdf=  48.6831p  targ= 563.6831p   trig= 515.0000p
 td_a_w=   3.7346p  targ=   8.7346p   trig=   5.0000p
 td_w_x=  12.6801p  targ=  21.4147p   trig=   8.7346p
 td_x_out=  40.3425p  targ=  61.7572p   trig=  21.4147p
 td_out_n=  35.5232p  targ=  97.2804p   trig=  61.7572p
 total_delay=  56.7572p
 power= 934.4648u  from=   0.             to=   2.0000n

          ***** job concluded
 ******  
 * full combinational circuit for ca2 - advanced vlsi

 ****** job statistics summary tnom=  25.000 temp=  25.000 ******

  ******  Circuit Statistics  ******
  # nodes       =     164 # elements   =      45
  # resistors   =       0 # capacitors =       1 # inductors   =       0
  # mutual_inds =       0 # vccs       =       0 # vcvs        =       0
  # cccs        =       0 # ccvs       =       0 # volt_srcs   =      10
  # curr_srcs   =       0 # diodes     =       0 # bjts        =       0
  # jfets       =       0 # mosfets    =      34 # U elements  =       0
  # T elements  =       0 # W elements =       0 # B elements  =       0
  # S elements  =       0 # P elements =       0 # va device   =       0
  # vector_srcs =       0 # N elements =       0


  ******  Runtime Statistics (seconds)  ******

  analysis           time    # points   tot. iter  conv.iter
  op point           0.00           1          10
  transient          0.01        2001         393         133 rev=         3
  readin             0.00
  errchk             0.00
  setup              0.00
  output             0.00


           peak memory used         67.47 megabytes
           total cpu time            0.02 seconds
           total elapsed time        0.03 seconds
           job started at     14:29:55 05/29/2025
           job ended   at     14:29:55 05/29/2025
  **warning** (ca2.sp:24) Global net name "gnd" in subckt pin list. The pin will be connected to the local net. Recommend to not use global net names in subckt pin lists.
 ******  
 * full combinational circuit for ca2 - advanced vlsi

 ****** circuit name directory
 circuit number to circuit name directory
   number circuitname                     definition         multiplier
        0 main circuit
        1 xnor2_gate.                     nor2               1.00 
        2 xnor_i.                         nor3               1.00 
        3 xnor_x.                         nor3               1.00 
        4 xnand2_j.                       nand2              1.00 
        5 xnand2_out.                     nand2              1.00 
        6 xnand2_k.                       nand2              1.00 
        7 xinv_n1.                        inverter           1.00 
        8 xinv_out2.                      inverter           1.00 
        9 xinv_n.                         inverter           1.00 

**warning** NO.2 tran analysis statement is duplicate, ignored!

**warning** NO.3 tran analysis statement is duplicate, ignored!

**warning** NO.4 tran analysis statement is duplicate, ignored!

**warning** NO.5 tran analysis statement is duplicate, ignored!

**warning** NO.6 tran analysis statement is duplicate, ignored!

**warning** NO.7 tran analysis statement is duplicate, ignored!

**warning** NO.8 tran analysis statement is duplicate, ignored!

**warning** NO.9 tran analysis statement is duplicate, ignored!

**warning** NO.10 tran analysis statement is duplicate, ignored!
 ******  
 * full combinational circuit for ca2 - advanced vlsi

 ****** mos   model parameters tnom=  25.000 temp=  25.000 ******
 Model file: 32nm_bulk.pm.txt
 Model line:            6
 Model Name: nmos  
 BSIM4 Model (Level 54)
    MOBMOD = 0
    BINUNIT = 1
    PARAMCHK = 1
    CAPMOD = 2
    DIOMOD = 1
    RDSMOD = 0
    TRNQSMOD = 0
    ACNQSMOD = 0
    RBODYMOD = 1
    RGATEMOD = 1
    PERMOD = 1
    GEOMOD = 1
    RGEOMOD = 0
    FNOIMOD = 1
    TNOIMOD = 0
    IGCMOD = 1
    IGBMOD = 1
    STIMOD = 0
    VERSION =      4 
    TOXREF = 1.65e-09 
    TOXE = 1.65e-09 
    TOXP =  1e-09 
    TOXM = 1.65e-09 
    DTOX = 6.5e-10 
    EPSROX =    3.9 
    CDSC =      0 
    CDSCB =      0 
    CDSCD =      0 
    CIT =      0 
    NFACTOR =    2.3 
    XJ =  1e-08 
    VSAT = 1.785e+05 
    A0 =      1 
    AGS =      0 
    A1 =      0 
    A2 =      1 
    AT = 3.3e+04 
    KETA =   0.04 
    NSUB =  6e+16 
    NDEP = 4.12e+18 
    NSD =  2e+20 
    NGATE =  2e+20 
    GAMMA1 =      0 
    GAMMA2 =      0 
    VBX =      0 
    VBM =     -3 
    XT = 1.55e-07 
    K1 =    0.4 
    KT1 =  -0.11 
    KT1L =      0 
    KT2 =  0.022 
    K2 =      0 
    K3 =      0 
    K3B =      0 
    LPE0 =      0 
    LPEB =      0 
    DVTP0 =  1e-11 
    DVTP1 =    0.1 
    W0 = 2.5e-06 
    DVT0 =      1 
    DVT1 =      2 
    DVT2 =      0 
    DVT0W =      0 
    DVT1W =      0 
    DVT2W =      0 
    DROUT =    0.5 
    DSUB =    0.1 
    VTH0 = 0.5088 
    EU =   1.67 
    UA =  6e-10 
    UA1 = 4.31e-09 
    UB = 1.2e-18 
    UB1 = 7.61e-18 
    UC =      0 
    UC1 = -5.6e-11 
    U0 = 0.0389 
    UTE =   -1.5 
    VOFF =  -0.13 
    VOFFL =      0 
    MINV =   0.05 
    FPROUT =    0.2 
    PDITS =   0.01 
    PDITSD =   0.23 
    PDITSL = 2.3e+06 
    DELTA =   0.01 
    RDSW =    150 
    RDSWMIN =      0 
    RDWMIN =      0 
    RSWMIN =      0 
    RDW =     75 
    RSW =     75 
    PRWG =      0 
    PRWB =      0 
    PRT =      0 
    ETA0 = 0.0042 
    ETAB =      0 
    PCLM =   0.02 
    PDIBLC1 =  0.001 
    PDIBLC2 =  0.001 
    PDIBLCB = -0.005 
    PSCBE1 = 8.14e+08 
    PSCBE2 =  1e-07 
    PVAG =  1e-20 
    WR =      1 
    DWG =      0 
    DWB =      0 
    XW =      0 
    XWREF =      0 
    XL = -1.4e-08 
    XLREF = -1.4e-08 
    B0 =      0 
    B1 =      0 
    ALPHA0 =  0.074 
    ALPHA1 =  0.005 
    AGIDL = 0.0002 
    BGIDL = 2.1e+09 
    CGIDL = 0.0002 
    PHIN =      0 
    EGIDL =    0.8 
    AIGC =  0.012 
    BIGC = 0.0028 
    CIGC =  0.002 
    AIGSD =  0.012 
    BIGSD = 0.0028 
    CIGSD =  0.002 
    AIGBACC =  0.012 
    BIGBACC = 0.0028 
    CIGBACC =  0.002 
    AIGBINV =  0.014 
    BIGBINV =  0.004 
    CIGBINV =  0.004 
    NIGC =      1 
    NIGBINV =      3 
    NIGBACC =      1 
    NTOX =      1 
    EIGBINV =    1.1 
    PIGCD =      1 
    POXEDGE =      1 
    XRCRG1 =     12 
    TNOIA =    1.5 
    TNOIB =    3.5 
    NTNOI =      1 
    XRCRG2 =      5 
    BETA0 =     30 
    IJTHDFWD =   0.01 
    IJTHSFWD =   0.01 
    IJTHDREV =  0.001 
    IJTHSREV =  0.001 
    XJBVD =      1 
    XJBVS =      1 
    BVD =     10 
    BVS =     10 
    VFB =  -0.55 
    GBMIN =  1e-10 
    RBDB =     15 
    RBPB =      5 
    RBSB =     15 
    RBPS =     15 
    RBPD =     15 
    CGSL = 2.653e-10 
    CGDL = 2.653e-10 
    CKAPPAS =   0.03 
    CKAPPAD =   0.03 
    CF = 1.208e-10 
    CLC =  1e-07 
    CLE =    0.6 
    DWC =  5e-09 
    DLC = 2.7e-09 
    DLCIG = 2.7e-09 
    DWJ =      0 
    VFBCV =     -1 
    ACDE =      1 
    MOIN =     15 
    NOFF =    0.9 
    VOFFCV =   0.02 
    DMCG =      0 
    DMCI =      0 
    DMDG =      0 
    DMCGT =      0 
    XGW =      0 
    XGL =      0 
    RSHG =    0.4 
    NGCON =      1 
    TCJ =  0.001 
    TPB =  0.005 
    TCJSW =  0.001 
    TPBSW =  0.005 
    TCJSWG =  0.001 
    TPBSWG =  0.005 
    SK0 =      0 
    SK1 =      0 
    SK2 =      0 
    SL =  2e-06 
    SW =  2e-06 
    K =      0 
    TNOM =  300.1 
    CGSO = 8.5e-11 
    CGDO = 8.5e-11 
    CGBO = 2.56e-11 
    XPART =      0 
    RSH =      5 
    JSS = 0.0001 
    JSWS =  1e-11 
    JSWGS =  1e-10 
    PBS =      1 
    MJS =    0.5 
    PBSWS =      1 
    MJSWS =   0.33 
    CJS = 0.0005 
    CJSWS =  5e-10 
    NJS =      1 
    PBSWGS =      1 
    MJSWGS =   0.33 
    CJSWGS =  3e-10 
    XTIS =      3 
    JSD = 0.0001 
    JSWD =  1e-11 
    JSWGD =  1e-10 
    PBD =      1 
    MJD =    0.5 
    PBSWD =      1 
    MJSWD =   0.33 
    CJD = 0.0005 
    CJSWD =  5e-10 
    NJD =      1 
    PBSWGD =      1 
    MJSWGD =   0.33 
    CJSWGD =  5e-10 
    XTID =      3 
    LMLT =      1 
    WMLT =      1 
    LINT = 2.7e-09 
    LL =      0 
    LLC =      0 
    LLN =      1 
    LW =      0 
    LWC =      0 
    LWN =      1 
    LWL =      0 
    LWLC =      0 
    LMIN =      0 
    LMAX =      1 
    WINT =  5e-09 
    WL =      0 
    WLC =      0 
    WLN =      1 
    WW =      0 
    WWC =      0 
    WWN =      1 
    WWL =      0 
    WWLC =      0 
    WMIN =      0 
    WMAX =      1 
    NOIA = 6.25e+41 
    NOIB = 3.125e+26 
    NOIC = 8.75e+09 
    EM = 4.1e+07 
    EF =      1 
    AF =      1 
    KF =      0 
    TRS =      0 
    TRD =      0 
 Model file: 32nm_bulk.pm.txt
 Model line:           77
 Model Name: pmos  
 BSIM4 Model (Level 54)
    MOBMOD = 0
    BINUNIT = 1
    PARAMCHK = 1
    CAPMOD = 2
    DIOMOD = 1
    RDSMOD = 0
    TRNQSMOD = 0
    ACNQSMOD = 0
    RBODYMOD = 1
    RGATEMOD = 1
    PERMOD = 1
    GEOMOD = 1
    RGEOMOD = 0
    FNOIMOD = 1
    TNOIMOD = 0
    IGCMOD = 1
    IGBMOD = 1
    STIMOD = 0
    VERSION =      4 
    TOXREF = 1.75e-09 
    TOXE = 1.75e-09 
    TOXP =  1e-09 
    TOXM = 1.75e-09 
    DTOX = 7.5e-10 
    EPSROX =    3.9 
    CDSC =      0 
    CDSCB =      0 
    CDSCD =      0 
    CIT =      0 
    NFACTOR =    2.3 
    XJ =  1e-08 
    VSAT =  7e+04 
    A0 =      1 
    AGS =  1e-20 
    A1 =      0 
    A2 =      1 
    AT = 3.3e+04 
    KETA = -0.047 
    NSUB =  6e+16 
    NDEP = 3.07e+18 
    NSD =  2e+20 
    NGATE =  2e+20 
    GAMMA1 =      0 
    GAMMA2 =      0 
    VBX =      0 
    VBM =     -3 
    XT = 1.55e-07 
    K1 =    0.4 
    KT1 =  -0.11 
    KT1L =      0 
    KT2 =  0.022 
    K2 =  -0.01 
    K3 =      0 
    K3B =      0 
    LPE0 =      0 
    LPEB =      0 
    DVTP0 =  1e-11 
    DVTP1 =   0.05 
    W0 = 2.5e-06 
    DVT0 =      1 
    DVT1 =      2 
    DVT2 = -0.032 
    DVT0W =      0 
    DVT1W =      0 
    DVT2W =      0 
    DROUT =    0.6 
    DSUB =    0.1 
    VTH0 =  -0.45 
    EU =      1 
    UA =  2e-09 
    UA1 = 4.31e-09 
    UB =  5e-19 
    UB1 = 7.61e-18 
    UC =      0 
    UC1 = -5.6e-11 
    U0 = 0.00355 
    UTE =   -1.5 
    VOFF = -0.126 
    VOFFL =      0 
    MINV =   0.05 
    FPROUT =    0.2 
    PDITS =   0.08 
    PDITSD =   0.23 
    PDITSL = 2.3e+06 
    DELTA =   0.01 
    RDSW =    150 
    RDSWMIN =      0 
    RDWMIN =      0 
    RSWMIN =      0 
    RDW =     75 
    RSW =     75 
    PRWG =      0 
    PRWB =      0 
    PRT =      0 
    ETA0 = 0.0042 
    ETAB =      0 
    PCLM =    0.1 
    PDIBLC1 =  0.001 
    PDIBLC2 =  0.001 
    PDIBLCB = 3.4e-08 
    PSCBE1 = 8.14e+08 
    PSCBE2 = 9.58e-07 
    PVAG =  1e-20 
    WR =      1 
    DWG =      0 
    DWB =      0 
    XW =      0 
    XWREF =      0 
    XL = -1.4e-08 
    XLREF = -1.4e-08 
    B0 =      0 
    B1 =      0 
    ALPHA0 =  0.074 
    ALPHA1 =  0.005 
    AGIDL = 0.0002 
    BGIDL = 2.1e+09 
    CGIDL = 0.0002 
    PHIN =      0 
    EGIDL =    0.8 
    AIGC =   0.69 
    BIGC = 0.0012 
    CIGC = 0.0008 
    AIGSD = 0.0087 
    BIGSD = 0.0012 
    CIGSD = 0.0008 
    AIGBACC =  0.012 
    BIGBACC = 0.0028 
    CIGBACC =  0.002 
    AIGBINV =  0.014 
    BIGBINV =  0.004 
    CIGBINV =  0.004 
    NIGC =      1 
    NIGBINV =      3 
    NIGBACC =      1 
    NTOX =      1 
    EIGBINV =    1.1 
    PIGCD =      1 
    POXEDGE =      1 
    XRCRG1 =     12 
    TNOIA =    1.5 
    TNOIB =    3.5 
    NTNOI =      1 
    XRCRG2 =      5 
    BETA0 =     30 
    IJTHDFWD =   0.01 
    IJTHSFWD =   0.01 
    IJTHDREV =  0.001 
    IJTHSREV =  0.001 
    XJBVD =      1 
    XJBVS =      1 
    BVD =     10 
    BVS =     10 
    VFB =   0.55 
    GBMIN =  1e-10 
    RBDB =     15 
    RBPB =      5 
    RBSB =     15 
    RBPS =     15 
    RBPD =     15 
    CGSL = 2.653e-10 
    CGDL = 2.653e-10 
    CKAPPAS =   0.03 
    CKAPPAD =   0.03 
    CF = 1.195e-10 
    CLC =  1e-07 
    CLE =    0.6 
    DWC =  5e-09 
    DLC = 2.7e-09 
    DLCIG = 2.7e-09 
    DWJ =      0 
    VFBCV =     -1 
    ACDE =      1 
    MOIN =     15 
    NOFF =    0.9 
    VOFFCV =   0.02 
    DMCG =      0 
    DMCI =      0 
    DMDG =      0 
    DMCGT =      0 
    XGW =      0 
    XGL =      0 
    RSHG =    0.4 
    NGCON =      1 
    TCJ =  0.001 
    TPB =  0.005 
    TCJSW =  0.001 
    TPBSW =  0.005 
    TCJSWG =  0.001 
    TPBSWG =  0.005 
    SK0 =      0 
    SK1 =      0 
    SK2 =      0 
    SL =  2e-06 
    SW =  2e-06 
    K =      0 
    TNOM =  300.1 
    CGSO = 8.5e-11 
    CGDO = 8.5e-11 
    CGBO = 2.56e-11 
    XPART =      0 
    RSH =      5 
    JSS = 0.0001 
    JSWS =  1e-11 
    JSWGS =  1e-10 
    PBS =      1 
    MJS =    0.5 
    PBSWS =      1 
    MJSWS =   0.33 
    CJS = 0.0005 
    CJSWS =  5e-10 
    NJS =      1 
    PBSWGS =      1 
    MJSWGS =   0.33 
    CJSWGS =  3e-10 
    XTIS =      3 
    JSD = 0.0001 
    JSWD =  1e-11 
    JSWGD =  1e-10 
    PBD =      1 
    MJD =    0.5 
    PBSWD =      1 
    MJSWD =   0.33 
    CJD = 0.0005 
    CJSWD =  5e-10 
    NJD =      1 
    PBSWGD =      1 
    MJSWGD =   0.33 
    CJSWGD =  5e-10 
    XTID =      3 
    LMLT =      1 
    WMLT =      1 
    LINT = 2.7e-09 
    LL =      0 
    LLC =      0 
    LLN =      1 
    LW =      0 
    LWC =      0 
    LWN =      1 
    LWL =      0 
    LWLC =      0 
    LMIN =      0 
    LMAX =      1 
    WINT =  5e-09 
    WL =      0 
    WLC =      0 
    WLN =      1 
    WW =      0 
    WWC =      0 
    WWN =      1 
    WWL =      0 
    WWLC =      0 
    WMIN =      0 
    WMAX =      1 
    NOIA = 6.188e+40 
    NOIB = 1.5e+25 
    NOIC = 8.75e+09 
    EM = 4.1e+07 
    EF =      1 
    AF =      1 
    KF =      0 
    TRS =      0 
    TRD =      0 
  **info** (ca2.sp:19) DC voltage reset to initial transient source value in source 0:vin. new dc=0.0000D+00
  
      
 **info** set option symb=1 internally to help for convergence.
 *****************************************************************
 ******  option summary
 ******
 runlvl  = 3         bypass  = 2.0000    
 **info** dc convergence successful at Newton-Raphson method 
 ******  
 * full combinational circuit for ca2 - advanced vlsi

 ****** operating point information tnom=  25.000 temp=  25.000 ******
 ****** operating point status is voltage   simulation time is     0.     
    node    =voltage      node    =voltage      node    =voltage

 +0:a       =   0.      0:i       =  20.1255m 0:j       =   1.7992 
 +0:k       =   1.7906  0:n       =  52.6949m 0:n1      =  45.3769m
 +0:out     =   1.7906  0:out2    =   1.7813  0:vdd     =   1.8000 
 +0:w       =   1.7717  0:x       =  20.1949m 0:z1      =   0.     
 +0:z2      =   0.      0:z3      =   0.      0:z4      =   0.     
 +0:z5      =   0.      0:z6      =   1.8000  0:z7      =   1.8000 
 +0:z8      =   1.8000  1:net1    =   1.7859  2:net1    =   1.7459 
 +2:net2    =   1.7731  3:net1    =   1.7459  3:net2    =   1.7731 
 +4:net1    =   1.3402  5:net1    =   5.3516m 6:net1    =   5.3522m

 ******
 * full combinational circuit for ca2 - advanced vlsi

 ****** transient analysis tnom=  25.000 temp=  25.000 ******
 delay_w=   3.9348p  targ=   8.9348p   trig=   5.0000p
 delay_i=   5.2134p  targ=  14.1483p   trig=   8.9348p
 delay_x=  11.9255p  targ=  20.8603p   trig=   8.9348p
 delay_j=   4.4860p  targ=  25.3463p   trig=  20.8603p
 delay_out=  39.9251p  targ=  60.7855p   trig=  20.8603p
 delay_k=   5.2599p  targ=  26.1202p   trig=  20.8603p
 delay_n=  35.6683p  targ=  96.4538p   trig=  60.7855p
 trise=  97.6913p  targ= 632.9703p   trig= 535.2790p
 tfall=  84.0293p  targ= 117.9985p   trig=  33.9693p
 tpd=  90.8603p
 tpdr=  55.7855p  targ=  60.7855p   trig=   5.0000p
 tpdf=  48.6366p  targ= 563.6366p   trig= 515.0000p
 td_a_w=   3.9348p  targ=   8.9348p   trig=   5.0000p
 td_w_x=  11.9255p  targ=  20.8603p   trig=   8.9348p
 td_x_out=  39.9251p  targ=  60.7855p   trig=  20.8603p
 td_out_n=  35.6683p  targ=  96.4538p   trig=  60.7855p
 total_delay=  55.7855p
 power= 947.0356u  from=   0.             to=   2.0000n

          ***** job concluded
 ******  
 * full combinational circuit for ca2 - advanced vlsi

 ****** job statistics summary tnom=  25.000 temp=  25.000 ******

  ******  Circuit Statistics  ******
  # nodes       =     164 # elements   =      45
  # resistors   =       0 # capacitors =       1 # inductors   =       0
  # mutual_inds =       0 # vccs       =       0 # vcvs        =       0
  # cccs        =       0 # ccvs       =       0 # volt_srcs   =      10
  # curr_srcs   =       0 # diodes     =       0 # bjts        =       0
  # jfets       =       0 # mosfets    =      34 # U elements  =       0
  # T elements  =       0 # W elements =       0 # B elements  =       0
  # S elements  =       0 # P elements =       0 # va device   =       0
  # vector_srcs =       0 # N elements =       0


  ******  Runtime Statistics (seconds)  ******

  analysis           time    # points   tot. iter  conv.iter
  op point           0.00           1          10
  transient          0.01        2001         407         138 rev=         5
  readin             0.00
  errchk             0.00
  setup              0.00
  output             0.00


           peak memory used         67.47 megabytes
           total cpu time            0.02 seconds
           total elapsed time        0.03 seconds
           job started at     14:29:55 05/29/2025
           job ended   at     14:29:55 05/29/2025
  **warning** (ca2.sp:24) Global net name "gnd" in subckt pin list. The pin will be connected to the local net. Recommend to not use global net names in subckt pin lists.
 ******  
 * full combinational circuit for ca2 - advanced vlsi

 ****** circuit name directory
 circuit number to circuit name directory
   number circuitname                     definition         multiplier
        0 main circuit
        1 xnor2_gate.                     nor2               1.00 
        2 xnor_i.                         nor3               1.00 
        3 xnor_x.                         nor3               1.00 
        4 xnand2_j.                       nand2              1.00 
        5 xnand2_out.                     nand2              1.00 
        6 xnand2_k.                       nand2              1.00 
        7 xinv_n1.                        inverter           1.00 
        8 xinv_out2.                      inverter           1.00 
        9 xinv_n.                         inverter           1.00 

**warning** NO.2 tran analysis statement is duplicate, ignored!

**warning** NO.3 tran analysis statement is duplicate, ignored!

**warning** NO.4 tran analysis statement is duplicate, ignored!

**warning** NO.5 tran analysis statement is duplicate, ignored!

**warning** NO.6 tran analysis statement is duplicate, ignored!

**warning** NO.7 tran analysis statement is duplicate, ignored!

**warning** NO.8 tran analysis statement is duplicate, ignored!

**warning** NO.9 tran analysis statement is duplicate, ignored!

**warning** NO.10 tran analysis statement is duplicate, ignored!

**warning** NO.11 tran analysis statement is duplicate, ignored!
 ******  
 * full combinational circuit for ca2 - advanced vlsi

 ****** mos   model parameters tnom=  25.000 temp=  25.000 ******
 Model file: 32nm_bulk.pm.txt
 Model line:            6
 Model Name: nmos  
 BSIM4 Model (Level 54)
    MOBMOD = 0
    BINUNIT = 1
    PARAMCHK = 1
    CAPMOD = 2
    DIOMOD = 1
    RDSMOD = 0
    TRNQSMOD = 0
    ACNQSMOD = 0
    RBODYMOD = 1
    RGATEMOD = 1
    PERMOD = 1
    GEOMOD = 1
    RGEOMOD = 0
    FNOIMOD = 1
    TNOIMOD = 0
    IGCMOD = 1
    IGBMOD = 1
    STIMOD = 0
    VERSION =      4 
    TOXREF = 1.65e-09 
    TOXE = 1.65e-09 
    TOXP =  1e-09 
    TOXM = 1.65e-09 
    DTOX = 6.5e-10 
    EPSROX =    3.9 
    CDSC =      0 
    CDSCB =      0 
    CDSCD =      0 
    CIT =      0 
    NFACTOR =    2.3 
    XJ =  1e-08 
    VSAT = 1.785e+05 
    A0 =      1 
    AGS =      0 
    A1 =      0 
    A2 =      1 
    AT = 3.3e+04 
    KETA =   0.04 
    NSUB =  6e+16 
    NDEP = 4.12e+18 
    NSD =  2e+20 
    NGATE =  2e+20 
    GAMMA1 =      0 
    GAMMA2 =      0 
    VBX =      0 
    VBM =     -3 
    XT = 1.55e-07 
    K1 =    0.4 
    KT1 =  -0.11 
    KT1L =      0 
    KT2 =  0.022 
    K2 =      0 
    K3 =      0 
    K3B =      0 
    LPE0 =      0 
    LPEB =      0 
    DVTP0 =  1e-11 
    DVTP1 =    0.1 
    W0 = 2.5e-06 
    DVT0 =      1 
    DVT1 =      2 
    DVT2 =      0 
    DVT0W =      0 
    DVT1W =      0 
    DVT2W =      0 
    DROUT =    0.5 
    DSUB =    0.1 
    VTH0 = 0.5088 
    EU =   1.67 
    UA =  6e-10 
    UA1 = 4.31e-09 
    UB = 1.2e-18 
    UB1 = 7.61e-18 
    UC =      0 
    UC1 = -5.6e-11 
    U0 = 0.0389 
    UTE =   -1.5 
    VOFF =  -0.13 
    VOFFL =      0 
    MINV =   0.05 
    FPROUT =    0.2 
    PDITS =   0.01 
    PDITSD =   0.23 
    PDITSL = 2.3e+06 
    DELTA =   0.01 
    RDSW =    150 
    RDSWMIN =      0 
    RDWMIN =      0 
    RSWMIN =      0 
    RDW =     75 
    RSW =     75 
    PRWG =      0 
    PRWB =      0 
    PRT =      0 
    ETA0 = 0.0042 
    ETAB =      0 
    PCLM =   0.02 
    PDIBLC1 =  0.001 
    PDIBLC2 =  0.001 
    PDIBLCB = -0.005 
    PSCBE1 = 8.14e+08 
    PSCBE2 =  1e-07 
    PVAG =  1e-20 
    WR =      1 
    DWG =      0 
    DWB =      0 
    XW =      0 
    XWREF =      0 
    XL = -1.4e-08 
    XLREF = -1.4e-08 
    B0 =      0 
    B1 =      0 
    ALPHA0 =  0.074 
    ALPHA1 =  0.005 
    AGIDL = 0.0002 
    BGIDL = 2.1e+09 
    CGIDL = 0.0002 
    PHIN =      0 
    EGIDL =    0.8 
    AIGC =  0.012 
    BIGC = 0.0028 
    CIGC =  0.002 
    AIGSD =  0.012 
    BIGSD = 0.0028 
    CIGSD =  0.002 
    AIGBACC =  0.012 
    BIGBACC = 0.0028 
    CIGBACC =  0.002 
    AIGBINV =  0.014 
    BIGBINV =  0.004 
    CIGBINV =  0.004 
    NIGC =      1 
    NIGBINV =      3 
    NIGBACC =      1 
    NTOX =      1 
    EIGBINV =    1.1 
    PIGCD =      1 
    POXEDGE =      1 
    XRCRG1 =     12 
    TNOIA =    1.5 
    TNOIB =    3.5 
    NTNOI =      1 
    XRCRG2 =      5 
    BETA0 =     30 
    IJTHDFWD =   0.01 
    IJTHSFWD =   0.01 
    IJTHDREV =  0.001 
    IJTHSREV =  0.001 
    XJBVD =      1 
    XJBVS =      1 
    BVD =     10 
    BVS =     10 
    VFB =  -0.55 
    GBMIN =  1e-10 
    RBDB =     15 
    RBPB =      5 
    RBSB =     15 
    RBPS =     15 
    RBPD =     15 
    CGSL = 2.653e-10 
    CGDL = 2.653e-10 
    CKAPPAS =   0.03 
    CKAPPAD =   0.03 
    CF = 1.208e-10 
    CLC =  1e-07 
    CLE =    0.6 
    DWC =  5e-09 
    DLC = 2.7e-09 
    DLCIG = 2.7e-09 
    DWJ =      0 
    VFBCV =     -1 
    ACDE =      1 
    MOIN =     15 
    NOFF =    0.9 
    VOFFCV =   0.02 
    DMCG =      0 
    DMCI =      0 
    DMDG =      0 
    DMCGT =      0 
    XGW =      0 
    XGL =      0 
    RSHG =    0.4 
    NGCON =      1 
    TCJ =  0.001 
    TPB =  0.005 
    TCJSW =  0.001 
    TPBSW =  0.005 
    TCJSWG =  0.001 
    TPBSWG =  0.005 
    SK0 =      0 
    SK1 =      0 
    SK2 =      0 
    SL =  2e-06 
    SW =  2e-06 
    K =      0 
    TNOM =  300.1 
    CGSO = 8.5e-11 
    CGDO = 8.5e-11 
    CGBO = 2.56e-11 
    XPART =      0 
    RSH =      5 
    JSS = 0.0001 
    JSWS =  1e-11 
    JSWGS =  1e-10 
    PBS =      1 
    MJS =    0.5 
    PBSWS =      1 
    MJSWS =   0.33 
    CJS = 0.0005 
    CJSWS =  5e-10 
    NJS =      1 
    PBSWGS =      1 
    MJSWGS =   0.33 
    CJSWGS =  3e-10 
    XTIS =      3 
    JSD = 0.0001 
    JSWD =  1e-11 
    JSWGD =  1e-10 
    PBD =      1 
    MJD =    0.5 
    PBSWD =      1 
    MJSWD =   0.33 
    CJD = 0.0005 
    CJSWD =  5e-10 
    NJD =      1 
    PBSWGD =      1 
    MJSWGD =   0.33 
    CJSWGD =  5e-10 
    XTID =      3 
    LMLT =      1 
    WMLT =      1 
    LINT = 2.7e-09 
    LL =      0 
    LLC =      0 
    LLN =      1 
    LW =      0 
    LWC =      0 
    LWN =      1 
    LWL =      0 
    LWLC =      0 
    LMIN =      0 
    LMAX =      1 
    WINT =  5e-09 
    WL =      0 
    WLC =      0 
    WLN =      1 
    WW =      0 
    WWC =      0 
    WWN =      1 
    WWL =      0 
    WWLC =      0 
    WMIN =      0 
    WMAX =      1 
    NOIA = 6.25e+41 
    NOIB = 3.125e+26 
    NOIC = 8.75e+09 
    EM = 4.1e+07 
    EF =      1 
    AF =      1 
    KF =      0 
    TRS =      0 
    TRD =      0 
 Model file: 32nm_bulk.pm.txt
 Model line:           77
 Model Name: pmos  
 BSIM4 Model (Level 54)
    MOBMOD = 0
    BINUNIT = 1
    PARAMCHK = 1
    CAPMOD = 2
    DIOMOD = 1
    RDSMOD = 0
    TRNQSMOD = 0
    ACNQSMOD = 0
    RBODYMOD = 1
    RGATEMOD = 1
    PERMOD = 1
    GEOMOD = 1
    RGEOMOD = 0
    FNOIMOD = 1
    TNOIMOD = 0
    IGCMOD = 1
    IGBMOD = 1
    STIMOD = 0
    VERSION =      4 
    TOXREF = 1.75e-09 
    TOXE = 1.75e-09 
    TOXP =  1e-09 
    TOXM = 1.75e-09 
    DTOX = 7.5e-10 
    EPSROX =    3.9 
    CDSC =      0 
    CDSCB =      0 
    CDSCD =      0 
    CIT =      0 
    NFACTOR =    2.3 
    XJ =  1e-08 
    VSAT =  7e+04 
    A0 =      1 
    AGS =  1e-20 
    A1 =      0 
    A2 =      1 
    AT = 3.3e+04 
    KETA = -0.047 
    NSUB =  6e+16 
    NDEP = 3.07e+18 
    NSD =  2e+20 
    NGATE =  2e+20 
    GAMMA1 =      0 
    GAMMA2 =      0 
    VBX =      0 
    VBM =     -3 
    XT = 1.55e-07 
    K1 =    0.4 
    KT1 =  -0.11 
    KT1L =      0 
    KT2 =  0.022 
    K2 =  -0.01 
    K3 =      0 
    K3B =      0 
    LPE0 =      0 
    LPEB =      0 
    DVTP0 =  1e-11 
    DVTP1 =   0.05 
    W0 = 2.5e-06 
    DVT0 =      1 
    DVT1 =      2 
    DVT2 = -0.032 
    DVT0W =      0 
    DVT1W =      0 
    DVT2W =      0 
    DROUT =    0.6 
    DSUB =    0.1 
    VTH0 =  -0.45 
    EU =      1 
    UA =  2e-09 
    UA1 = 4.31e-09 
    UB =  5e-19 
    UB1 = 7.61e-18 
    UC =      0 
    UC1 = -5.6e-11 
    U0 = 0.00355 
    UTE =   -1.5 
    VOFF = -0.126 
    VOFFL =      0 
    MINV =   0.05 
    FPROUT =    0.2 
    PDITS =   0.08 
    PDITSD =   0.23 
    PDITSL = 2.3e+06 
    DELTA =   0.01 
    RDSW =    150 
    RDSWMIN =      0 
    RDWMIN =      0 
    RSWMIN =      0 
    RDW =     75 
    RSW =     75 
    PRWG =      0 
    PRWB =      0 
    PRT =      0 
    ETA0 = 0.0042 
    ETAB =      0 
    PCLM =    0.1 
    PDIBLC1 =  0.001 
    PDIBLC2 =  0.001 
    PDIBLCB = 3.4e-08 
    PSCBE1 = 8.14e+08 
    PSCBE2 = 9.58e-07 
    PVAG =  1e-20 
    WR =      1 
    DWG =      0 
    DWB =      0 
    XW =      0 
    XWREF =      0 
    XL = -1.4e-08 
    XLREF = -1.4e-08 
    B0 =      0 
    B1 =      0 
    ALPHA0 =  0.074 
    ALPHA1 =  0.005 
    AGIDL = 0.0002 
    BGIDL = 2.1e+09 
    CGIDL = 0.0002 
    PHIN =      0 
    EGIDL =    0.8 
    AIGC =   0.69 
    BIGC = 0.0012 
    CIGC = 0.0008 
    AIGSD = 0.0087 
    BIGSD = 0.0012 
    CIGSD = 0.0008 
    AIGBACC =  0.012 
    BIGBACC = 0.0028 
    CIGBACC =  0.002 
    AIGBINV =  0.014 
    BIGBINV =  0.004 
    CIGBINV =  0.004 
    NIGC =      1 
    NIGBINV =      3 
    NIGBACC =      1 
    NTOX =      1 
    EIGBINV =    1.1 
    PIGCD =      1 
    POXEDGE =      1 
    XRCRG1 =     12 
    TNOIA =    1.5 
    TNOIB =    3.5 
    NTNOI =      1 
    XRCRG2 =      5 
    BETA0 =     30 
    IJTHDFWD =   0.01 
    IJTHSFWD =   0.01 
    IJTHDREV =  0.001 
    IJTHSREV =  0.001 
    XJBVD =      1 
    XJBVS =      1 
    BVD =     10 
    BVS =     10 
    VFB =   0.55 
    GBMIN =  1e-10 
    RBDB =     15 
    RBPB =      5 
    RBSB =     15 
    RBPS =     15 
    RBPD =     15 
    CGSL = 2.653e-10 
    CGDL = 2.653e-10 
    CKAPPAS =   0.03 
    CKAPPAD =   0.03 
    CF = 1.195e-10 
    CLC =  1e-07 
    CLE =    0.6 
    DWC =  5e-09 
    DLC = 2.7e-09 
    DLCIG = 2.7e-09 
    DWJ =      0 
    VFBCV =     -1 
    ACDE =      1 
    MOIN =     15 
    NOFF =    0.9 
    VOFFCV =   0.02 
    DMCG =      0 
    DMCI =      0 
    DMDG =      0 
    DMCGT =      0 
    XGW =      0 
    XGL =      0 
    RSHG =    0.4 
    NGCON =      1 
    TCJ =  0.001 
    TPB =  0.005 
    TCJSW =  0.001 
    TPBSW =  0.005 
    TCJSWG =  0.001 
    TPBSWG =  0.005 
    SK0 =      0 
    SK1 =      0 
    SK2 =      0 
    SL =  2e-06 
    SW =  2e-06 
    K =      0 
    TNOM =  300.1 
    CGSO = 8.5e-11 
    CGDO = 8.5e-11 
    CGBO = 2.56e-11 
    XPART =      0 
    RSH =      5 
    JSS = 0.0001 
    JSWS =  1e-11 
    JSWGS =  1e-10 
    PBS =      1 
    MJS =    0.5 
    PBSWS =      1 
    MJSWS =   0.33 
    CJS = 0.0005 
    CJSWS =  5e-10 
    NJS =      1 
    PBSWGS =      1 
    MJSWGS =   0.33 
    CJSWGS =  3e-10 
    XTIS =      3 
    JSD = 0.0001 
    JSWD =  1e-11 
    JSWGD =  1e-10 
    PBD =      1 
    MJD =    0.5 
    PBSWD =      1 
    MJSWD =   0.33 
    CJD = 0.0005 
    CJSWD =  5e-10 
    NJD =      1 
    PBSWGD =      1 
    MJSWGD =   0.33 
    CJSWGD =  5e-10 
    XTID =      3 
    LMLT =      1 
    WMLT =      1 
    LINT = 2.7e-09 
    LL =      0 
    LLC =      0 
    LLN =      1 
    LW =      0 
    LWC =      0 
    LWN =      1 
    LWL =      0 
    LWLC =      0 
    LMIN =      0 
    LMAX =      1 
    WINT =  5e-09 
    WL =      0 
    WLC =      0 
    WLN =      1 
    WW =      0 
    WWC =      0 
    WWN =      1 
    WWL =      0 
    WWLC =      0 
    WMIN =      0 
    WMAX =      1 
    NOIA = 6.188e+40 
    NOIB = 1.5e+25 
    NOIC = 8.75e+09 
    EM = 4.1e+07 
    EF =      1 
    AF =      1 
    KF =      0 
    TRS =      0 
    TRD =      0 
  **info** (ca2.sp:19) DC voltage reset to initial transient source value in source 0:vin. new dc=0.0000D+00
  
      
 **info** set option symb=1 internally to help for convergence.
 *****************************************************************
 ******  option summary
 ******
 runlvl  = 3         bypass  = 2.0000    
 **info** dc convergence successful at Newton-Raphson method 
 ******  
 * full combinational circuit for ca2 - advanced vlsi

 ****** operating point information tnom=  25.000 temp=  25.000 ******
 ****** operating point status is voltage   simulation time is     0.     
    node    =voltage      node    =voltage      node    =voltage

 +0:a       =   0.      0:i       =  20.1530m 0:j       =   1.7992 
 +0:k       =   1.7906  0:n       =  52.6950m 0:n1      =  45.3781m
 +0:out     =   1.7906  0:out2    =   1.7813  0:vdd     =   1.8000 
 +0:w       =   1.7715  0:x       =  20.2155m 0:z1      =   0.     
 +0:z2      =   0.      0:z3      =   0.      0:z4      =   0.     
 +0:z5      =   0.      0:z6      =   1.8000  0:z7      =   1.8000 
 +0:z8      =   1.8000  1:net1    =   1.7858  2:net1    =   1.7458 
 +2:net2    =   1.7731  3:net1    =   1.7458  3:net2    =   1.7731 
 +4:net1    =   1.3402  5:net1    =   5.3532m 6:net1    =   5.3538m

 ******
 * full combinational circuit for ca2 - advanced vlsi

 ****** transient analysis tnom=  25.000 temp=  25.000 ******
 delay_w=   4.1378p  targ=   9.1378p   trig=   5.0000p
 delay_i=   5.3528p  targ=  14.4907p   trig=   9.1378p
 delay_x=  11.3327p  targ=  20.4706p   trig=   9.1378p
 delay_j=   4.4918p  targ=  24.9624p   trig=  20.4706p
 delay_out=  39.8153p  targ=  60.2858p   trig=  20.4706p
 delay_k=   5.2093p  targ=  25.6798p   trig=  20.4706p
 delay_n=  35.5771p  targ=  95.8629p   trig=  60.2858p
 trise=  97.8864p  targ= 633.4169p   trig= 535.5304p
 tfall=  83.5570p  targ= 117.0698p   trig=  33.5129p
 tpd=  90.7217p
 tpdr=  55.2858p  targ=  60.2858p   trig=   5.0000p
 tpdf=  49.0679p  targ= 564.0679p   trig= 515.0000p
 td_a_w=   4.1378p  targ=   9.1378p   trig=   5.0000p
 td_w_x=  11.3327p  targ=  20.4706p   trig=   9.1378p
 td_x_out=  39.8153p  targ=  60.2858p   trig=  20.4706p
 td_out_n=  35.5771p  targ=  95.8629p   trig=  60.2858p
 total_delay=  55.2858p
 power= 960.4828u  from=   0.             to=   2.0000n

          ***** job concluded
 ******  
 * full combinational circuit for ca2 - advanced vlsi

 ****** job statistics summary tnom=  25.000 temp=  25.000 ******

  ******  Circuit Statistics  ******
  # nodes       =     164 # elements   =      45
  # resistors   =       0 # capacitors =       1 # inductors   =       0
  # mutual_inds =       0 # vccs       =       0 # vcvs        =       0
  # cccs        =       0 # ccvs       =       0 # volt_srcs   =      10
  # curr_srcs   =       0 # diodes     =       0 # bjts        =       0
  # jfets       =       0 # mosfets    =      34 # U elements  =       0
  # T elements  =       0 # W elements =       0 # B elements  =       0
  # S elements  =       0 # P elements =       0 # va device   =       0
  # vector_srcs =       0 # N elements =       0


  ******  Runtime Statistics (seconds)  ******

  analysis           time    # points   tot. iter  conv.iter
  op point           0.00           1          10
  transient          0.01        2001         417         142 rev=         6
  readin             0.00
  errchk             0.00
  setup              0.00
  output             0.00


           peak memory used         67.47 megabytes
           total cpu time            0.02 seconds
           total elapsed time        0.04 seconds
           job started at     14:29:55 05/29/2025
           job ended   at     14:29:55 05/29/2025
  **warning** (ca2.sp:24) Global net name "gnd" in subckt pin list. The pin will be connected to the local net. Recommend to not use global net names in subckt pin lists.
 ******  
 * full combinational circuit for ca2 - advanced vlsi

 ****** circuit name directory
 circuit number to circuit name directory
   number circuitname                     definition         multiplier
        0 main circuit
        1 xnor2_gate.                     nor2               1.00 
        2 xnor_i.                         nor3               1.00 
        3 xnor_x.                         nor3               1.00 
        4 xnand2_j.                       nand2              1.00 
        5 xnand2_out.                     nand2              1.00 
        6 xnand2_k.                       nand2              1.00 
        7 xinv_n1.                        inverter           1.00 
        8 xinv_out2.                      inverter           1.00 
        9 xinv_n.                         inverter           1.00 

**warning** NO.2 tran analysis statement is duplicate, ignored!

**warning** NO.3 tran analysis statement is duplicate, ignored!

**warning** NO.4 tran analysis statement is duplicate, ignored!

**warning** NO.5 tran analysis statement is duplicate, ignored!

**warning** NO.6 tran analysis statement is duplicate, ignored!

**warning** NO.7 tran analysis statement is duplicate, ignored!

**warning** NO.8 tran analysis statement is duplicate, ignored!

**warning** NO.9 tran analysis statement is duplicate, ignored!

**warning** NO.10 tran analysis statement is duplicate, ignored!

**warning** NO.11 tran analysis statement is duplicate, ignored!

**warning** NO.12 tran analysis statement is duplicate, ignored!
 ******  
 * full combinational circuit for ca2 - advanced vlsi

 ****** mos   model parameters tnom=  25.000 temp=  25.000 ******
 Model file: 32nm_bulk.pm.txt
 Model line:            6
 Model Name: nmos  
 BSIM4 Model (Level 54)
    MOBMOD = 0
    BINUNIT = 1
    PARAMCHK = 1
    CAPMOD = 2
    DIOMOD = 1
    RDSMOD = 0
    TRNQSMOD = 0
    ACNQSMOD = 0
    RBODYMOD = 1
    RGATEMOD = 1
    PERMOD = 1
    GEOMOD = 1
    RGEOMOD = 0
    FNOIMOD = 1
    TNOIMOD = 0
    IGCMOD = 1
    IGBMOD = 1
    STIMOD = 0
    VERSION =      4 
    TOXREF = 1.65e-09 
    TOXE = 1.65e-09 
    TOXP =  1e-09 
    TOXM = 1.65e-09 
    DTOX = 6.5e-10 
    EPSROX =    3.9 
    CDSC =      0 
    CDSCB =      0 
    CDSCD =      0 
    CIT =      0 
    NFACTOR =    2.3 
    XJ =  1e-08 
    VSAT = 1.785e+05 
    A0 =      1 
    AGS =      0 
    A1 =      0 
    A2 =      1 
    AT = 3.3e+04 
    KETA =   0.04 
    NSUB =  6e+16 
    NDEP = 4.12e+18 
    NSD =  2e+20 
    NGATE =  2e+20 
    GAMMA1 =      0 
    GAMMA2 =      0 
    VBX =      0 
    VBM =     -3 
    XT = 1.55e-07 
    K1 =    0.4 
    KT1 =  -0.11 
    KT1L =      0 
    KT2 =  0.022 
    K2 =      0 
    K3 =      0 
    K3B =      0 
    LPE0 =      0 
    LPEB =      0 
    DVTP0 =  1e-11 
    DVTP1 =    0.1 
    W0 = 2.5e-06 
    DVT0 =      1 
    DVT1 =      2 
    DVT2 =      0 
    DVT0W =      0 
    DVT1W =      0 
    DVT2W =      0 
    DROUT =    0.5 
    DSUB =    0.1 
    VTH0 = 0.5088 
    EU =   1.67 
    UA =  6e-10 
    UA1 = 4.31e-09 
    UB = 1.2e-18 
    UB1 = 7.61e-18 
    UC =      0 
    UC1 = -5.6e-11 
    U0 = 0.0389 
    UTE =   -1.5 
    VOFF =  -0.13 
    VOFFL =      0 
    MINV =   0.05 
    FPROUT =    0.2 
    PDITS =   0.01 
    PDITSD =   0.23 
    PDITSL = 2.3e+06 
    DELTA =   0.01 
    RDSW =    150 
    RDSWMIN =      0 
    RDWMIN =      0 
    RSWMIN =      0 
    RDW =     75 
    RSW =     75 
    PRWG =      0 
    PRWB =      0 
    PRT =      0 
    ETA0 = 0.0042 
    ETAB =      0 
    PCLM =   0.02 
    PDIBLC1 =  0.001 
    PDIBLC2 =  0.001 
    PDIBLCB = -0.005 
    PSCBE1 = 8.14e+08 
    PSCBE2 =  1e-07 
    PVAG =  1e-20 
    WR =      1 
    DWG =      0 
    DWB =      0 
    XW =      0 
    XWREF =      0 
    XL = -1.4e-08 
    XLREF = -1.4e-08 
    B0 =      0 
    B1 =      0 
    ALPHA0 =  0.074 
    ALPHA1 =  0.005 
    AGIDL = 0.0002 
    BGIDL = 2.1e+09 
    CGIDL = 0.0002 
    PHIN =      0 
    EGIDL =    0.8 
    AIGC =  0.012 
    BIGC = 0.0028 
    CIGC =  0.002 
    AIGSD =  0.012 
    BIGSD = 0.0028 
    CIGSD =  0.002 
    AIGBACC =  0.012 
    BIGBACC = 0.0028 
    CIGBACC =  0.002 
    AIGBINV =  0.014 
    BIGBINV =  0.004 
    CIGBINV =  0.004 
    NIGC =      1 
    NIGBINV =      3 
    NIGBACC =      1 
    NTOX =      1 
    EIGBINV =    1.1 
    PIGCD =      1 
    POXEDGE =      1 
    XRCRG1 =     12 
    TNOIA =    1.5 
    TNOIB =    3.5 
    NTNOI =      1 
    XRCRG2 =      5 
    BETA0 =     30 
    IJTHDFWD =   0.01 
    IJTHSFWD =   0.01 
    IJTHDREV =  0.001 
    IJTHSREV =  0.001 
    XJBVD =      1 
    XJBVS =      1 
    BVD =     10 
    BVS =     10 
    VFB =  -0.55 
    GBMIN =  1e-10 
    RBDB =     15 
    RBPB =      5 
    RBSB =     15 
    RBPS =     15 
    RBPD =     15 
    CGSL = 2.653e-10 
    CGDL = 2.653e-10 
    CKAPPAS =   0.03 
    CKAPPAD =   0.03 
    CF = 1.208e-10 
    CLC =  1e-07 
    CLE =    0.6 
    DWC =  5e-09 
    DLC = 2.7e-09 
    DLCIG = 2.7e-09 
    DWJ =      0 
    VFBCV =     -1 
    ACDE =      1 
    MOIN =     15 
    NOFF =    0.9 
    VOFFCV =   0.02 
    DMCG =      0 
    DMCI =      0 
    DMDG =      0 
    DMCGT =      0 
    XGW =      0 
    XGL =      0 
    RSHG =    0.4 
    NGCON =      1 
    TCJ =  0.001 
    TPB =  0.005 
    TCJSW =  0.001 
    TPBSW =  0.005 
    TCJSWG =  0.001 
    TPBSWG =  0.005 
    SK0 =      0 
    SK1 =      0 
    SK2 =      0 
    SL =  2e-06 
    SW =  2e-06 
    K =      0 
    TNOM =  300.1 
    CGSO = 8.5e-11 
    CGDO = 8.5e-11 
    CGBO = 2.56e-11 
    XPART =      0 
    RSH =      5 
    JSS = 0.0001 
    JSWS =  1e-11 
    JSWGS =  1e-10 
    PBS =      1 
    MJS =    0.5 
    PBSWS =      1 
    MJSWS =   0.33 
    CJS = 0.0005 
    CJSWS =  5e-10 
    NJS =      1 
    PBSWGS =      1 
    MJSWGS =   0.33 
    CJSWGS =  3e-10 
    XTIS =      3 
    JSD = 0.0001 
    JSWD =  1e-11 
    JSWGD =  1e-10 
    PBD =      1 
    MJD =    0.5 
    PBSWD =      1 
    MJSWD =   0.33 
    CJD = 0.0005 
    CJSWD =  5e-10 
    NJD =      1 
    PBSWGD =      1 
    MJSWGD =   0.33 
    CJSWGD =  5e-10 
    XTID =      3 
    LMLT =      1 
    WMLT =      1 
    LINT = 2.7e-09 
    LL =      0 
    LLC =      0 
    LLN =      1 
    LW =      0 
    LWC =      0 
    LWN =      1 
    LWL =      0 
    LWLC =      0 
    LMIN =      0 
    LMAX =      1 
    WINT =  5e-09 
    WL =      0 
    WLC =      0 
    WLN =      1 
    WW =      0 
    WWC =      0 
    WWN =      1 
    WWL =      0 
    WWLC =      0 
    WMIN =      0 
    WMAX =      1 
    NOIA = 6.25e+41 
    NOIB = 3.125e+26 
    NOIC = 8.75e+09 
    EM = 4.1e+07 
    EF =      1 
    AF =      1 
    KF =      0 
    TRS =      0 
    TRD =      0 
 Model file: 32nm_bulk.pm.txt
 Model line:           77
 Model Name: pmos  
 BSIM4 Model (Level 54)
    MOBMOD = 0
    BINUNIT = 1
    PARAMCHK = 1
    CAPMOD = 2
    DIOMOD = 1
    RDSMOD = 0
    TRNQSMOD = 0
    ACNQSMOD = 0
    RBODYMOD = 1
    RGATEMOD = 1
    PERMOD = 1
    GEOMOD = 1
    RGEOMOD = 0
    FNOIMOD = 1
    TNOIMOD = 0
    IGCMOD = 1
    IGBMOD = 1
    STIMOD = 0
    VERSION =      4 
    TOXREF = 1.75e-09 
    TOXE = 1.75e-09 
    TOXP =  1e-09 
    TOXM = 1.75e-09 
    DTOX = 7.5e-10 
    EPSROX =    3.9 
    CDSC =      0 
    CDSCB =      0 
    CDSCD =      0 
    CIT =      0 
    NFACTOR =    2.3 
    XJ =  1e-08 
    VSAT =  7e+04 
    A0 =      1 
    AGS =  1e-20 
    A1 =      0 
    A2 =      1 
    AT = 3.3e+04 
    KETA = -0.047 
    NSUB =  6e+16 
    NDEP = 3.07e+18 
    NSD =  2e+20 
    NGATE =  2e+20 
    GAMMA1 =      0 
    GAMMA2 =      0 
    VBX =      0 
    VBM =     -3 
    XT = 1.55e-07 
    K1 =    0.4 
    KT1 =  -0.11 
    KT1L =      0 
    KT2 =  0.022 
    K2 =  -0.01 
    K3 =      0 
    K3B =      0 
    LPE0 =      0 
    LPEB =      0 
    DVTP0 =  1e-11 
    DVTP1 =   0.05 
    W0 = 2.5e-06 
    DVT0 =      1 
    DVT1 =      2 
    DVT2 = -0.032 
    DVT0W =      0 
    DVT1W =      0 
    DVT2W =      0 
    DROUT =    0.6 
    DSUB =    0.1 
    VTH0 =  -0.45 
    EU =      1 
    UA =  2e-09 
    UA1 = 4.31e-09 
    UB =  5e-19 
    UB1 = 7.61e-18 
    UC =      0 
    UC1 = -5.6e-11 
    U0 = 0.00355 
    UTE =   -1.5 
    VOFF = -0.126 
    VOFFL =      0 
    MINV =   0.05 
    FPROUT =    0.2 
    PDITS =   0.08 
    PDITSD =   0.23 
    PDITSL = 2.3e+06 
    DELTA =   0.01 
    RDSW =    150 
    RDSWMIN =      0 
    RDWMIN =      0 
    RSWMIN =      0 
    RDW =     75 
    RSW =     75 
    PRWG =      0 
    PRWB =      0 
    PRT =      0 
    ETA0 = 0.0042 
    ETAB =      0 
    PCLM =    0.1 
    PDIBLC1 =  0.001 
    PDIBLC2 =  0.001 
    PDIBLCB = 3.4e-08 
    PSCBE1 = 8.14e+08 
    PSCBE2 = 9.58e-07 
    PVAG =  1e-20 
    WR =      1 
    DWG =      0 
    DWB =      0 
    XW =      0 
    XWREF =      0 
    XL = -1.4e-08 
    XLREF = -1.4e-08 
    B0 =      0 
    B1 =      0 
    ALPHA0 =  0.074 
    ALPHA1 =  0.005 
    AGIDL = 0.0002 
    BGIDL = 2.1e+09 
    CGIDL = 0.0002 
    PHIN =      0 
    EGIDL =    0.8 
    AIGC =   0.69 
    BIGC = 0.0012 
    CIGC = 0.0008 
    AIGSD = 0.0087 
    BIGSD = 0.0012 
    CIGSD = 0.0008 
    AIGBACC =  0.012 
    BIGBACC = 0.0028 
    CIGBACC =  0.002 
    AIGBINV =  0.014 
    BIGBINV =  0.004 
    CIGBINV =  0.004 
    NIGC =      1 
    NIGBINV =      3 
    NIGBACC =      1 
    NTOX =      1 
    EIGBINV =    1.1 
    PIGCD =      1 
    POXEDGE =      1 
    XRCRG1 =     12 
    TNOIA =    1.5 
    TNOIB =    3.5 
    NTNOI =      1 
    XRCRG2 =      5 
    BETA0 =     30 
    IJTHDFWD =   0.01 
    IJTHSFWD =   0.01 
    IJTHDREV =  0.001 
    IJTHSREV =  0.001 
    XJBVD =      1 
    XJBVS =      1 
    BVD =     10 
    BVS =     10 
    VFB =   0.55 
    GBMIN =  1e-10 
    RBDB =     15 
    RBPB =      5 
    RBSB =     15 
    RBPS =     15 
    RBPD =     15 
    CGSL = 2.653e-10 
    CGDL = 2.653e-10 
    CKAPPAS =   0.03 
    CKAPPAD =   0.03 
    CF = 1.195e-10 
    CLC =  1e-07 
    CLE =    0.6 
    DWC =  5e-09 
    DLC = 2.7e-09 
    DLCIG = 2.7e-09 
    DWJ =      0 
    VFBCV =     -1 
    ACDE =      1 
    MOIN =     15 
    NOFF =    0.9 
    VOFFCV =   0.02 
    DMCG =      0 
    DMCI =      0 
    DMDG =      0 
    DMCGT =      0 
    XGW =      0 
    XGL =      0 
    RSHG =    0.4 
    NGCON =      1 
    TCJ =  0.001 
    TPB =  0.005 
    TCJSW =  0.001 
    TPBSW =  0.005 
    TCJSWG =  0.001 
    TPBSWG =  0.005 
    SK0 =      0 
    SK1 =      0 
    SK2 =      0 
    SL =  2e-06 
    SW =  2e-06 
    K =      0 
    TNOM =  300.1 
    CGSO = 8.5e-11 
    CGDO = 8.5e-11 
    CGBO = 2.56e-11 
    XPART =      0 
    RSH =      5 
    JSS = 0.0001 
    JSWS =  1e-11 
    JSWGS =  1e-10 
    PBS =      1 
    MJS =    0.5 
    PBSWS =      1 
    MJSWS =   0.33 
    CJS = 0.0005 
    CJSWS =  5e-10 
    NJS =      1 
    PBSWGS =      1 
    MJSWGS =   0.33 
    CJSWGS =  3e-10 
    XTIS =      3 
    JSD = 0.0001 
    JSWD =  1e-11 
    JSWGD =  1e-10 
    PBD =      1 
    MJD =    0.5 
    PBSWD =      1 
    MJSWD =   0.33 
    CJD = 0.0005 
    CJSWD =  5e-10 
    NJD =      1 
    PBSWGD =      1 
    MJSWGD =   0.33 
    CJSWGD =  5e-10 
    XTID =      3 
    LMLT =      1 
    WMLT =      1 
    LINT = 2.7e-09 
    LL =      0 
    LLC =      0 
    LLN =      1 
    LW =      0 
    LWC =      0 
    LWN =      1 
    LWL =      0 
    LWLC =      0 
    LMIN =      0 
    LMAX =      1 
    WINT =  5e-09 
    WL =      0 
    WLC =      0 
    WLN =      1 
    WW =      0 
    WWC =      0 
    WWN =      1 
    WWL =      0 
    WWLC =      0 
    WMIN =      0 
    WMAX =      1 
    NOIA = 6.188e+40 
    NOIB = 1.5e+25 
    NOIC = 8.75e+09 
    EM = 4.1e+07 
    EF =      1 
    AF =      1 
    KF =      0 
    TRS =      0 
    TRD =      0 
  **info** (ca2.sp:19) DC voltage reset to initial transient source value in source 0:vin. new dc=0.0000D+00
  
      
 **info** set option symb=1 internally to help for convergence.
 *****************************************************************
 ******  option summary
 ******
 runlvl  = 3         bypass  = 2.0000    
 **info** dc convergence successful at Newton-Raphson method 
 ******  
 * full combinational circuit for ca2 - advanced vlsi

 ****** operating point information tnom=  25.000 temp=  25.000 ******
 ****** operating point status is voltage   simulation time is     0.     
    node    =voltage      node    =voltage      node    =voltage

 +0:a       =   0.      0:i       =  20.1780m 0:j       =   1.7992 
 +0:k       =   1.7906  0:n       =  52.6951m 0:n1      =  45.3793m
 +0:out     =   1.7906  0:out2    =   1.7813  0:vdd     =   1.8000 
 +0:w       =   1.7714  0:x       =  20.2347m 0:z1      =   0.     
 +0:z2      =   0.      0:z3      =   0.      0:z4      =   0.     
 +0:z5      =   0.      0:z6      =   1.8000  0:z7      =   1.8000 
 +0:z8      =   1.8000  1:net1    =   1.7858  2:net1    =   1.7458 
 +2:net2    =   1.7730  3:net1    =   1.7458  3:net2    =   1.7730 
 +4:net1    =   1.3401  5:net1    =   5.3548m 6:net1    =   5.3554m

 ******
 * full combinational circuit for ca2 - advanced vlsi

 ****** transient analysis tnom=  25.000 temp=  25.000 ******
 delay_w=   4.2815p  targ=   9.2815p   trig=   5.0000p
 delay_i=   5.5316p  targ=  14.8131p   trig=   9.2815p
 delay_x=  10.9568p  targ=  20.2383p   trig=   9.2815p
 delay_j=   4.4521p  targ=  24.6904p   trig=  20.2383p
 delay_out=  39.6808p  targ=  59.9191p   trig=  20.2383p
 delay_k=   5.1352p  targ=  25.3735p   trig=  20.2383p
 delay_n=  35.5567p  targ=  95.4759p   trig=  59.9191p
 trise=  98.0020p  targ= 633.7653p   trig= 535.7633p
 tfall=  83.3178p  targ= 116.5305p   trig=  33.2128p
 tpd=  90.6599p
 tpdr=  54.9191p  targ=  59.9191p   trig=   5.0000p
 tpdf=  49.4254p  targ= 564.4254p   trig= 515.0000p
 td_a_w=   4.2815p  targ=   9.2815p   trig=   5.0000p
 td_w_x=  10.9568p  targ=  20.2383p   trig=   9.2815p
 td_x_out=  39.6808p  targ=  59.9191p   trig=  20.2383p
 td_out_n=  35.5567p  targ=  95.4759p   trig=  59.9191p
 total_delay=  54.9191p
 power= 973.6871u  from=   0.             to=   2.0000n

          ***** job concluded
 ******  
 * full combinational circuit for ca2 - advanced vlsi

 ****** job statistics summary tnom=  25.000 temp=  25.000 ******

  ******  Circuit Statistics  ******
  # nodes       =     164 # elements   =      45
  # resistors   =       0 # capacitors =       1 # inductors   =       0
  # mutual_inds =       0 # vccs       =       0 # vcvs        =       0
  # cccs        =       0 # ccvs       =       0 # volt_srcs   =      10
  # curr_srcs   =       0 # diodes     =       0 # bjts        =       0
  # jfets       =       0 # mosfets    =      34 # U elements  =       0
  # T elements  =       0 # W elements =       0 # B elements  =       0
  # S elements  =       0 # P elements =       0 # va device   =       0
  # vector_srcs =       0 # N elements =       0


  ******  Runtime Statistics (seconds)  ******

  analysis           time    # points   tot. iter  conv.iter
  op point           0.00           1          10
  transient          0.01        2001         405         138 rev=         5
  readin             0.00
  errchk             0.00
  setup              0.00
  output             0.00


           peak memory used         67.47 megabytes
           total cpu time            0.02 seconds
           total elapsed time        0.03 seconds
           job started at     14:29:55 05/29/2025
           job ended   at     14:29:55 05/29/2025
  **warning** (ca2.sp:24) Global net name "gnd" in subckt pin list. The pin will be connected to the local net. Recommend to not use global net names in subckt pin lists.
 ******  
 * full combinational circuit for ca2 - advanced vlsi

 ****** circuit name directory
 circuit number to circuit name directory
   number circuitname                     definition         multiplier
        0 main circuit
        1 xnor2_gate.                     nor2               1.00 
        2 xnor_i.                         nor3               1.00 
        3 xnor_x.                         nor3               1.00 
        4 xnand2_j.                       nand2              1.00 
        5 xnand2_out.                     nand2              1.00 
        6 xnand2_k.                       nand2              1.00 
        7 xinv_n1.                        inverter           1.00 
        8 xinv_out2.                      inverter           1.00 
        9 xinv_n.                         inverter           1.00 

**warning** NO.2 tran analysis statement is duplicate, ignored!

**warning** NO.3 tran analysis statement is duplicate, ignored!

**warning** NO.4 tran analysis statement is duplicate, ignored!

**warning** NO.5 tran analysis statement is duplicate, ignored!

**warning** NO.6 tran analysis statement is duplicate, ignored!

**warning** NO.7 tran analysis statement is duplicate, ignored!

**warning** NO.8 tran analysis statement is duplicate, ignored!

**warning** NO.9 tran analysis statement is duplicate, ignored!

**warning** NO.10 tran analysis statement is duplicate, ignored!

**warning** NO.11 tran analysis statement is duplicate, ignored!

**warning** NO.12 tran analysis statement is duplicate, ignored!

**warning** NO.13 tran analysis statement is duplicate, ignored!
 ******  
 * full combinational circuit for ca2 - advanced vlsi

 ****** mos   model parameters tnom=  25.000 temp=  25.000 ******
 Model file: 32nm_bulk.pm.txt
 Model line:            6
 Model Name: nmos  
 BSIM4 Model (Level 54)
    MOBMOD = 0
    BINUNIT = 1
    PARAMCHK = 1
    CAPMOD = 2
    DIOMOD = 1
    RDSMOD = 0
    TRNQSMOD = 0
    ACNQSMOD = 0
    RBODYMOD = 1
    RGATEMOD = 1
    PERMOD = 1
    GEOMOD = 1
    RGEOMOD = 0
    FNOIMOD = 1
    TNOIMOD = 0
    IGCMOD = 1
    IGBMOD = 1
    STIMOD = 0
    VERSION =      4 
    TOXREF = 1.65e-09 
    TOXE = 1.65e-09 
    TOXP =  1e-09 
    TOXM = 1.65e-09 
    DTOX = 6.5e-10 
    EPSROX =    3.9 
    CDSC =      0 
    CDSCB =      0 
    CDSCD =      0 
    CIT =      0 
    NFACTOR =    2.3 
    XJ =  1e-08 
    VSAT = 1.785e+05 
    A0 =      1 
    AGS =      0 
    A1 =      0 
    A2 =      1 
    AT = 3.3e+04 
    KETA =   0.04 
    NSUB =  6e+16 
    NDEP = 4.12e+18 
    NSD =  2e+20 
    NGATE =  2e+20 
    GAMMA1 =      0 
    GAMMA2 =      0 
    VBX =      0 
    VBM =     -3 
    XT = 1.55e-07 
    K1 =    0.4 
    KT1 =  -0.11 
    KT1L =      0 
    KT2 =  0.022 
    K2 =      0 
    K3 =      0 
    K3B =      0 
    LPE0 =      0 
    LPEB =      0 
    DVTP0 =  1e-11 
    DVTP1 =    0.1 
    W0 = 2.5e-06 
    DVT0 =      1 
    DVT1 =      2 
    DVT2 =      0 
    DVT0W =      0 
    DVT1W =      0 
    DVT2W =      0 
    DROUT =    0.5 
    DSUB =    0.1 
    VTH0 = 0.5088 
    EU =   1.67 
    UA =  6e-10 
    UA1 = 4.31e-09 
    UB = 1.2e-18 
    UB1 = 7.61e-18 
    UC =      0 
    UC1 = -5.6e-11 
    U0 = 0.0389 
    UTE =   -1.5 
    VOFF =  -0.13 
    VOFFL =      0 
    MINV =   0.05 
    FPROUT =    0.2 
    PDITS =   0.01 
    PDITSD =   0.23 
    PDITSL = 2.3e+06 
    DELTA =   0.01 
    RDSW =    150 
    RDSWMIN =      0 
    RDWMIN =      0 
    RSWMIN =      0 
    RDW =     75 
    RSW =     75 
    PRWG =      0 
    PRWB =      0 
    PRT =      0 
    ETA0 = 0.0042 
    ETAB =      0 
    PCLM =   0.02 
    PDIBLC1 =  0.001 
    PDIBLC2 =  0.001 
    PDIBLCB = -0.005 
    PSCBE1 = 8.14e+08 
    PSCBE2 =  1e-07 
    PVAG =  1e-20 
    WR =      1 
    DWG =      0 
    DWB =      0 
    XW =      0 
    XWREF =      0 
    XL = -1.4e-08 
    XLREF = -1.4e-08 
    B0 =      0 
    B1 =      0 
    ALPHA0 =  0.074 
    ALPHA1 =  0.005 
    AGIDL = 0.0002 
    BGIDL = 2.1e+09 
    CGIDL = 0.0002 
    PHIN =      0 
    EGIDL =    0.8 
    AIGC =  0.012 
    BIGC = 0.0028 
    CIGC =  0.002 
    AIGSD =  0.012 
    BIGSD = 0.0028 
    CIGSD =  0.002 
    AIGBACC =  0.012 
    BIGBACC = 0.0028 
    CIGBACC =  0.002 
    AIGBINV =  0.014 
    BIGBINV =  0.004 
    CIGBINV =  0.004 
    NIGC =      1 
    NIGBINV =      3 
    NIGBACC =      1 
    NTOX =      1 
    EIGBINV =    1.1 
    PIGCD =      1 
    POXEDGE =      1 
    XRCRG1 =     12 
    TNOIA =    1.5 
    TNOIB =    3.5 
    NTNOI =      1 
    XRCRG2 =      5 
    BETA0 =     30 
    IJTHDFWD =   0.01 
    IJTHSFWD =   0.01 
    IJTHDREV =  0.001 
    IJTHSREV =  0.001 
    XJBVD =      1 
    XJBVS =      1 
    BVD =     10 
    BVS =     10 
    VFB =  -0.55 
    GBMIN =  1e-10 
    RBDB =     15 
    RBPB =      5 
    RBSB =     15 
    RBPS =     15 
    RBPD =     15 
    CGSL = 2.653e-10 
    CGDL = 2.653e-10 
    CKAPPAS =   0.03 
    CKAPPAD =   0.03 
    CF = 1.208e-10 
    CLC =  1e-07 
    CLE =    0.6 
    DWC =  5e-09 
    DLC = 2.7e-09 
    DLCIG = 2.7e-09 
    DWJ =      0 
    VFBCV =     -1 
    ACDE =      1 
    MOIN =     15 
    NOFF =    0.9 
    VOFFCV =   0.02 
    DMCG =      0 
    DMCI =      0 
    DMDG =      0 
    DMCGT =      0 
    XGW =      0 
    XGL =      0 
    RSHG =    0.4 
    NGCON =      1 
    TCJ =  0.001 
    TPB =  0.005 
    TCJSW =  0.001 
    TPBSW =  0.005 
    TCJSWG =  0.001 
    TPBSWG =  0.005 
    SK0 =      0 
    SK1 =      0 
    SK2 =      0 
    SL =  2e-06 
    SW =  2e-06 
    K =      0 
    TNOM =  300.1 
    CGSO = 8.5e-11 
    CGDO = 8.5e-11 
    CGBO = 2.56e-11 
    XPART =      0 
    RSH =      5 
    JSS = 0.0001 
    JSWS =  1e-11 
    JSWGS =  1e-10 
    PBS =      1 
    MJS =    0.5 
    PBSWS =      1 
    MJSWS =   0.33 
    CJS = 0.0005 
    CJSWS =  5e-10 
    NJS =      1 
    PBSWGS =      1 
    MJSWGS =   0.33 
    CJSWGS =  3e-10 
    XTIS =      3 
    JSD = 0.0001 
    JSWD =  1e-11 
    JSWGD =  1e-10 
    PBD =      1 
    MJD =    0.5 
    PBSWD =      1 
    MJSWD =   0.33 
    CJD = 0.0005 
    CJSWD =  5e-10 
    NJD =      1 
    PBSWGD =      1 
    MJSWGD =   0.33 
    CJSWGD =  5e-10 
    XTID =      3 
    LMLT =      1 
    WMLT =      1 
    LINT = 2.7e-09 
    LL =      0 
    LLC =      0 
    LLN =      1 
    LW =      0 
    LWC =      0 
    LWN =      1 
    LWL =      0 
    LWLC =      0 
    LMIN =      0 
    LMAX =      1 
    WINT =  5e-09 
    WL =      0 
    WLC =      0 
    WLN =      1 
    WW =      0 
    WWC =      0 
    WWN =      1 
    WWL =      0 
    WWLC =      0 
    WMIN =      0 
    WMAX =      1 
    NOIA = 6.25e+41 
    NOIB = 3.125e+26 
    NOIC = 8.75e+09 
    EM = 4.1e+07 
    EF =      1 
    AF =      1 
    KF =      0 
    TRS =      0 
    TRD =      0 
 Model file: 32nm_bulk.pm.txt
 Model line:           77
 Model Name: pmos  
 BSIM4 Model (Level 54)
    MOBMOD = 0
    BINUNIT = 1
    PARAMCHK = 1
    CAPMOD = 2
    DIOMOD = 1
    RDSMOD = 0
    TRNQSMOD = 0
    ACNQSMOD = 0
    RBODYMOD = 1
    RGATEMOD = 1
    PERMOD = 1
    GEOMOD = 1
    RGEOMOD = 0
    FNOIMOD = 1
    TNOIMOD = 0
    IGCMOD = 1
    IGBMOD = 1
    STIMOD = 0
    VERSION =      4 
    TOXREF = 1.75e-09 
    TOXE = 1.75e-09 
    TOXP =  1e-09 
    TOXM = 1.75e-09 
    DTOX = 7.5e-10 
    EPSROX =    3.9 
    CDSC =      0 
    CDSCB =      0 
    CDSCD =      0 
    CIT =      0 
    NFACTOR =    2.3 
    XJ =  1e-08 
    VSAT =  7e+04 
    A0 =      1 
    AGS =  1e-20 
    A1 =      0 
    A2 =      1 
    AT = 3.3e+04 
    KETA = -0.047 
    NSUB =  6e+16 
    NDEP = 3.07e+18 
    NSD =  2e+20 
    NGATE =  2e+20 
    GAMMA1 =      0 
    GAMMA2 =      0 
    VBX =      0 
    VBM =     -3 
    XT = 1.55e-07 
    K1 =    0.4 
    KT1 =  -0.11 
    KT1L =      0 
    KT2 =  0.022 
    K2 =  -0.01 
    K3 =      0 
    K3B =      0 
    LPE0 =      0 
    LPEB =      0 
    DVTP0 =  1e-11 
    DVTP1 =   0.05 
    W0 = 2.5e-06 
    DVT0 =      1 
    DVT1 =      2 
    DVT2 = -0.032 
    DVT0W =      0 
    DVT1W =      0 
    DVT2W =      0 
    DROUT =    0.6 
    DSUB =    0.1 
    VTH0 =  -0.45 
    EU =      1 
    UA =  2e-09 
    UA1 = 4.31e-09 
    UB =  5e-19 
    UB1 = 7.61e-18 
    UC =      0 
    UC1 = -5.6e-11 
    U0 = 0.00355 
    UTE =   -1.5 
    VOFF = -0.126 
    VOFFL =      0 
    MINV =   0.05 
    FPROUT =    0.2 
    PDITS =   0.08 
    PDITSD =   0.23 
    PDITSL = 2.3e+06 
    DELTA =   0.01 
    RDSW =    150 
    RDSWMIN =      0 
    RDWMIN =      0 
    RSWMIN =      0 
    RDW =     75 
    RSW =     75 
    PRWG =      0 
    PRWB =      0 
    PRT =      0 
    ETA0 = 0.0042 
    ETAB =      0 
    PCLM =    0.1 
    PDIBLC1 =  0.001 
    PDIBLC2 =  0.001 
    PDIBLCB = 3.4e-08 
    PSCBE1 = 8.14e+08 
    PSCBE2 = 9.58e-07 
    PVAG =  1e-20 
    WR =      1 
    DWG =      0 
    DWB =      0 
    XW =      0 
    XWREF =      0 
    XL = -1.4e-08 
    XLREF = -1.4e-08 
    B0 =      0 
    B1 =      0 
    ALPHA0 =  0.074 
    ALPHA1 =  0.005 
    AGIDL = 0.0002 
    BGIDL = 2.1e+09 
    CGIDL = 0.0002 
    PHIN =      0 
    EGIDL =    0.8 
    AIGC =   0.69 
    BIGC = 0.0012 
    CIGC = 0.0008 
    AIGSD = 0.0087 
    BIGSD = 0.0012 
    CIGSD = 0.0008 
    AIGBACC =  0.012 
    BIGBACC = 0.0028 
    CIGBACC =  0.002 
    AIGBINV =  0.014 
    BIGBINV =  0.004 
    CIGBINV =  0.004 
    NIGC =      1 
    NIGBINV =      3 
    NIGBACC =      1 
    NTOX =      1 
    EIGBINV =    1.1 
    PIGCD =      1 
    POXEDGE =      1 
    XRCRG1 =     12 
    TNOIA =    1.5 
    TNOIB =    3.5 
    NTNOI =      1 
    XRCRG2 =      5 
    BETA0 =     30 
    IJTHDFWD =   0.01 
    IJTHSFWD =   0.01 
    IJTHDREV =  0.001 
    IJTHSREV =  0.001 
    XJBVD =      1 
    XJBVS =      1 
    BVD =     10 
    BVS =     10 
    VFB =   0.55 
    GBMIN =  1e-10 
    RBDB =     15 
    RBPB =      5 
    RBSB =     15 
    RBPS =     15 
    RBPD =     15 
    CGSL = 2.653e-10 
    CGDL = 2.653e-10 
    CKAPPAS =   0.03 
    CKAPPAD =   0.03 
    CF = 1.195e-10 
    CLC =  1e-07 
    CLE =    0.6 
    DWC =  5e-09 
    DLC = 2.7e-09 
    DLCIG = 2.7e-09 
    DWJ =      0 
    VFBCV =     -1 
    ACDE =      1 
    MOIN =     15 
    NOFF =    0.9 
    VOFFCV =   0.02 
    DMCG =      0 
    DMCI =      0 
    DMDG =      0 
    DMCGT =      0 
    XGW =      0 
    XGL =      0 
    RSHG =    0.4 
    NGCON =      1 
    TCJ =  0.001 
    TPB =  0.005 
    TCJSW =  0.001 
    TPBSW =  0.005 
    TCJSWG =  0.001 
    TPBSWG =  0.005 
    SK0 =      0 
    SK1 =      0 
    SK2 =      0 
    SL =  2e-06 
    SW =  2e-06 
    K =      0 
    TNOM =  300.1 
    CGSO = 8.5e-11 
    CGDO = 8.5e-11 
    CGBO = 2.56e-11 
    XPART =      0 
    RSH =      5 
    JSS = 0.0001 
    JSWS =  1e-11 
    JSWGS =  1e-10 
    PBS =      1 
    MJS =    0.5 
    PBSWS =      1 
    MJSWS =   0.33 
    CJS = 0.0005 
    CJSWS =  5e-10 
    NJS =      1 
    PBSWGS =      1 
    MJSWGS =   0.33 
    CJSWGS =  3e-10 
    XTIS =      3 
    JSD = 0.0001 
    JSWD =  1e-11 
    JSWGD =  1e-10 
    PBD =      1 
    MJD =    0.5 
    PBSWD =      1 
    MJSWD =   0.33 
    CJD = 0.0005 
    CJSWD =  5e-10 
    NJD =      1 
    PBSWGD =      1 
    MJSWGD =   0.33 
    CJSWGD =  5e-10 
    XTID =      3 
    LMLT =      1 
    WMLT =      1 
    LINT = 2.7e-09 
    LL =      0 
    LLC =      0 
    LLN =      1 
    LW =      0 
    LWC =      0 
    LWN =      1 
    LWL =      0 
    LWLC =      0 
    LMIN =      0 
    LMAX =      1 
    WINT =  5e-09 
    WL =      0 
    WLC =      0 
    WLN =      1 
    WW =      0 
    WWC =      0 
    WWN =      1 
    WWL =      0 
    WWLC =      0 
    WMIN =      0 
    WMAX =      1 
    NOIA = 6.188e+40 
    NOIB = 1.5e+25 
    NOIC = 8.75e+09 
    EM = 4.1e+07 
    EF =      1 
    AF =      1 
    KF =      0 
    TRS =      0 
    TRD =      0 
  **info** (ca2.sp:19) DC voltage reset to initial transient source value in source 0:vin. new dc=0.0000D+00
  
      
 **info** set option symb=1 internally to help for convergence.
 *****************************************************************
 ******  option summary
 ******
 runlvl  = 3         bypass  = 2.0000    
 **info** dc convergence successful at Newton-Raphson method 
 ******  
 * full combinational circuit for ca2 - advanced vlsi

 ****** operating point information tnom=  25.000 temp=  25.000 ******
 ****** operating point status is voltage   simulation time is     0.     
    node    =voltage      node    =voltage      node    =voltage

 +0:a       =   0.      0:i       =  20.2011m 0:j       =   1.7992 
 +0:k       =   1.7906  0:n       =  52.6952m 0:n1      =  45.3804m
 +0:out     =   1.7906  0:out2    =   1.7813  0:vdd     =   1.8000 
 +0:w       =   1.7713  0:x       =  20.2530m 0:z1      =   0.     
 +0:z2      =   0.      0:z3      =   0.      0:z4      =   0.     
 +0:z5      =   0.      0:z6      =   1.8000  0:z7      =   1.8000 
 +0:z8      =   1.8000  1:net1    =   1.7857  2:net1    =   1.7457 
 +2:net2    =   1.7730  3:net1    =   1.7457  3:net2    =   1.7730 
 +4:net1    =   1.3401  5:net1    =   5.3562m 6:net1    =   5.3568m

 ******
 * full combinational circuit for ca2 - advanced vlsi

 ****** transient analysis tnom=  25.000 temp=  25.000 ******
 delay_w=   4.5139p  targ=   9.5139p   trig=   5.0000p
 delay_i=   5.6171p  targ=  15.1310p   trig=   9.5139p
 delay_x=  10.6276p  targ=  20.1415p   trig=   9.5139p
 delay_j=   4.3767p  targ=  24.5183p   trig=  20.1415p
 delay_out=  39.5377p  targ=  59.6792p   trig=  20.1415p
 delay_k=   5.0378p  targ=  25.1794p   trig=  20.1415p
 delay_n=  35.5369p  targ=  95.2162p   trig=  59.6792p
 trise=  98.0671p  targ= 634.2000p   trig= 536.1330p
 tfall=  83.1126p  targ= 116.1255p   trig=  33.0129p
 tpd=  90.5898p
 tpdr=  54.6792p  targ=  59.6792p   trig=   5.0000p
 tpdf=  49.7601p  targ= 564.7601p   trig= 515.0000p
 td_a_w=   4.5139p  targ=   9.5139p   trig=   5.0000p
 td_w_x=  10.6276p  targ=  20.1415p   trig=   9.5139p
 td_x_out=  39.5377p  targ=  59.6792p   trig=  20.1415p
 td_out_n=  35.5369p  targ=  95.2162p   trig=  59.6792p
 total_delay=  54.6792p
 power= 987.7994u  from=   0.             to=   2.0000n

          ***** job concluded
 ******  
 * full combinational circuit for ca2 - advanced vlsi

 ****** job statistics summary tnom=  25.000 temp=  25.000 ******

  ******  Circuit Statistics  ******
  # nodes       =     164 # elements   =      45
  # resistors   =       0 # capacitors =       1 # inductors   =       0
  # mutual_inds =       0 # vccs       =       0 # vcvs        =       0
  # cccs        =       0 # ccvs       =       0 # volt_srcs   =      10
  # curr_srcs   =       0 # diodes     =       0 # bjts        =       0
  # jfets       =       0 # mosfets    =      34 # U elements  =       0
  # T elements  =       0 # W elements =       0 # B elements  =       0
  # S elements  =       0 # P elements =       0 # va device   =       0
  # vector_srcs =       0 # N elements =       0


  ******  Runtime Statistics (seconds)  ******

  analysis           time    # points   tot. iter  conv.iter
  op point           0.00           1          10
  transient          0.01        2001         418         141 rev=         6
  readin             0.00
  errchk             0.00
  setup              0.00
  output             0.00


           peak memory used         67.47 megabytes
           total cpu time            0.02 seconds
           total elapsed time        0.03 seconds
           job started at     14:29:55 05/29/2025
           job ended   at     14:29:55 05/29/2025
  **warning** (ca2.sp:24) Global net name "gnd" in subckt pin list. The pin will be connected to the local net. Recommend to not use global net names in subckt pin lists.
 ******  
 * full combinational circuit for ca2 - advanced vlsi

 ****** circuit name directory
 circuit number to circuit name directory
   number circuitname                     definition         multiplier
        0 main circuit
        1 xnor2_gate.                     nor2               1.00 
        2 xnor_i.                         nor3               1.00 
        3 xnor_x.                         nor3               1.00 
        4 xnand2_j.                       nand2              1.00 
        5 xnand2_out.                     nand2              1.00 
        6 xnand2_k.                       nand2              1.00 
        7 xinv_n1.                        inverter           1.00 
        8 xinv_out2.                      inverter           1.00 
        9 xinv_n.                         inverter           1.00 

**warning** NO.2 tran analysis statement is duplicate, ignored!

**warning** NO.3 tran analysis statement is duplicate, ignored!

**warning** NO.4 tran analysis statement is duplicate, ignored!

**warning** NO.5 tran analysis statement is duplicate, ignored!

**warning** NO.6 tran analysis statement is duplicate, ignored!

**warning** NO.7 tran analysis statement is duplicate, ignored!

**warning** NO.8 tran analysis statement is duplicate, ignored!

**warning** NO.9 tran analysis statement is duplicate, ignored!

**warning** NO.10 tran analysis statement is duplicate, ignored!

**warning** NO.11 tran analysis statement is duplicate, ignored!

**warning** NO.12 tran analysis statement is duplicate, ignored!

**warning** NO.13 tran analysis statement is duplicate, ignored!

**warning** NO.14 tran analysis statement is duplicate, ignored!
 ******  
 * full combinational circuit for ca2 - advanced vlsi

 ****** mos   model parameters tnom=  25.000 temp=  25.000 ******
 Model file: 32nm_bulk.pm.txt
 Model line:            6
 Model Name: nmos  
 BSIM4 Model (Level 54)
    MOBMOD = 0
    BINUNIT = 1
    PARAMCHK = 1
    CAPMOD = 2
    DIOMOD = 1
    RDSMOD = 0
    TRNQSMOD = 0
    ACNQSMOD = 0
    RBODYMOD = 1
    RGATEMOD = 1
    PERMOD = 1
    GEOMOD = 1
    RGEOMOD = 0
    FNOIMOD = 1
    TNOIMOD = 0
    IGCMOD = 1
    IGBMOD = 1
    STIMOD = 0
    VERSION =      4 
    TOXREF = 1.65e-09 
    TOXE = 1.65e-09 
    TOXP =  1e-09 
    TOXM = 1.65e-09 
    DTOX = 6.5e-10 
    EPSROX =    3.9 
    CDSC =      0 
    CDSCB =      0 
    CDSCD =      0 
    CIT =      0 
    NFACTOR =    2.3 
    XJ =  1e-08 
    VSAT = 1.785e+05 
    A0 =      1 
    AGS =      0 
    A1 =      0 
    A2 =      1 
    AT = 3.3e+04 
    KETA =   0.04 
    NSUB =  6e+16 
    NDEP = 4.12e+18 
    NSD =  2e+20 
    NGATE =  2e+20 
    GAMMA1 =      0 
    GAMMA2 =      0 
    VBX =      0 
    VBM =     -3 
    XT = 1.55e-07 
    K1 =    0.4 
    KT1 =  -0.11 
    KT1L =      0 
    KT2 =  0.022 
    K2 =      0 
    K3 =      0 
    K3B =      0 
    LPE0 =      0 
    LPEB =      0 
    DVTP0 =  1e-11 
    DVTP1 =    0.1 
    W0 = 2.5e-06 
    DVT0 =      1 
    DVT1 =      2 
    DVT2 =      0 
    DVT0W =      0 
    DVT1W =      0 
    DVT2W =      0 
    DROUT =    0.5 
    DSUB =    0.1 
    VTH0 = 0.5088 
    EU =   1.67 
    UA =  6e-10 
    UA1 = 4.31e-09 
    UB = 1.2e-18 
    UB1 = 7.61e-18 
    UC =      0 
    UC1 = -5.6e-11 
    U0 = 0.0389 
    UTE =   -1.5 
    VOFF =  -0.13 
    VOFFL =      0 
    MINV =   0.05 
    FPROUT =    0.2 
    PDITS =   0.01 
    PDITSD =   0.23 
    PDITSL = 2.3e+06 
    DELTA =   0.01 
    RDSW =    150 
    RDSWMIN =      0 
    RDWMIN =      0 
    RSWMIN =      0 
    RDW =     75 
    RSW =     75 
    PRWG =      0 
    PRWB =      0 
    PRT =      0 
    ETA0 = 0.0042 
    ETAB =      0 
    PCLM =   0.02 
    PDIBLC1 =  0.001 
    PDIBLC2 =  0.001 
    PDIBLCB = -0.005 
    PSCBE1 = 8.14e+08 
    PSCBE2 =  1e-07 
    PVAG =  1e-20 
    WR =      1 
    DWG =      0 
    DWB =      0 
    XW =      0 
    XWREF =      0 
    XL = -1.4e-08 
    XLREF = -1.4e-08 
    B0 =      0 
    B1 =      0 
    ALPHA0 =  0.074 
    ALPHA1 =  0.005 
    AGIDL = 0.0002 
    BGIDL = 2.1e+09 
    CGIDL = 0.0002 
    PHIN =      0 
    EGIDL =    0.8 
    AIGC =  0.012 
    BIGC = 0.0028 
    CIGC =  0.002 
    AIGSD =  0.012 
    BIGSD = 0.0028 
    CIGSD =  0.002 
    AIGBACC =  0.012 
    BIGBACC = 0.0028 
    CIGBACC =  0.002 
    AIGBINV =  0.014 
    BIGBINV =  0.004 
    CIGBINV =  0.004 
    NIGC =      1 
    NIGBINV =      3 
    NIGBACC =      1 
    NTOX =      1 
    EIGBINV =    1.1 
    PIGCD =      1 
    POXEDGE =      1 
    XRCRG1 =     12 
    TNOIA =    1.5 
    TNOIB =    3.5 
    NTNOI =      1 
    XRCRG2 =      5 
    BETA0 =     30 
    IJTHDFWD =   0.01 
    IJTHSFWD =   0.01 
    IJTHDREV =  0.001 
    IJTHSREV =  0.001 
    XJBVD =      1 
    XJBVS =      1 
    BVD =     10 
    BVS =     10 
    VFB =  -0.55 
    GBMIN =  1e-10 
    RBDB =     15 
    RBPB =      5 
    RBSB =     15 
    RBPS =     15 
    RBPD =     15 
    CGSL = 2.653e-10 
    CGDL = 2.653e-10 
    CKAPPAS =   0.03 
    CKAPPAD =   0.03 
    CF = 1.208e-10 
    CLC =  1e-07 
    CLE =    0.6 
    DWC =  5e-09 
    DLC = 2.7e-09 
    DLCIG = 2.7e-09 
    DWJ =      0 
    VFBCV =     -1 
    ACDE =      1 
    MOIN =     15 
    NOFF =    0.9 
    VOFFCV =   0.02 
    DMCG =      0 
    DMCI =      0 
    DMDG =      0 
    DMCGT =      0 
    XGW =      0 
    XGL =      0 
    RSHG =    0.4 
    NGCON =      1 
    TCJ =  0.001 
    TPB =  0.005 
    TCJSW =  0.001 
    TPBSW =  0.005 
    TCJSWG =  0.001 
    TPBSWG =  0.005 
    SK0 =      0 
    SK1 =      0 
    SK2 =      0 
    SL =  2e-06 
    SW =  2e-06 
    K =      0 
    TNOM =  300.1 
    CGSO = 8.5e-11 
    CGDO = 8.5e-11 
    CGBO = 2.56e-11 
    XPART =      0 
    RSH =      5 
    JSS = 0.0001 
    JSWS =  1e-11 
    JSWGS =  1e-10 
    PBS =      1 
    MJS =    0.5 
    PBSWS =      1 
    MJSWS =   0.33 
    CJS = 0.0005 
    CJSWS =  5e-10 
    NJS =      1 
    PBSWGS =      1 
    MJSWGS =   0.33 
    CJSWGS =  3e-10 
    XTIS =      3 
    JSD = 0.0001 
    JSWD =  1e-11 
    JSWGD =  1e-10 
    PBD =      1 
    MJD =    0.5 
    PBSWD =      1 
    MJSWD =   0.33 
    CJD = 0.0005 
    CJSWD =  5e-10 
    NJD =      1 
    PBSWGD =      1 
    MJSWGD =   0.33 
    CJSWGD =  5e-10 
    XTID =      3 
    LMLT =      1 
    WMLT =      1 
    LINT = 2.7e-09 
    LL =      0 
    LLC =      0 
    LLN =      1 
    LW =      0 
    LWC =      0 
    LWN =      1 
    LWL =      0 
    LWLC =      0 
    LMIN =      0 
    LMAX =      1 
    WINT =  5e-09 
    WL =      0 
    WLC =      0 
    WLN =      1 
    WW =      0 
    WWC =      0 
    WWN =      1 
    WWL =      0 
    WWLC =      0 
    WMIN =      0 
    WMAX =      1 
    NOIA = 6.25e+41 
    NOIB = 3.125e+26 
    NOIC = 8.75e+09 
    EM = 4.1e+07 
    EF =      1 
    AF =      1 
    KF =      0 
    TRS =      0 
    TRD =      0 
 Model file: 32nm_bulk.pm.txt
 Model line:           77
 Model Name: pmos  
 BSIM4 Model (Level 54)
    MOBMOD = 0
    BINUNIT = 1
    PARAMCHK = 1
    CAPMOD = 2
    DIOMOD = 1
    RDSMOD = 0
    TRNQSMOD = 0
    ACNQSMOD = 0
    RBODYMOD = 1
    RGATEMOD = 1
    PERMOD = 1
    GEOMOD = 1
    RGEOMOD = 0
    FNOIMOD = 1
    TNOIMOD = 0
    IGCMOD = 1
    IGBMOD = 1
    STIMOD = 0
    VERSION =      4 
    TOXREF = 1.75e-09 
    TOXE = 1.75e-09 
    TOXP =  1e-09 
    TOXM = 1.75e-09 
    DTOX = 7.5e-10 
    EPSROX =    3.9 
    CDSC =      0 
    CDSCB =      0 
    CDSCD =      0 
    CIT =      0 
    NFACTOR =    2.3 
    XJ =  1e-08 
    VSAT =  7e+04 
    A0 =      1 
    AGS =  1e-20 
    A1 =      0 
    A2 =      1 
    AT = 3.3e+04 
    KETA = -0.047 
    NSUB =  6e+16 
    NDEP = 3.07e+18 
    NSD =  2e+20 
    NGATE =  2e+20 
    GAMMA1 =      0 
    GAMMA2 =      0 
    VBX =      0 
    VBM =     -3 
    XT = 1.55e-07 
    K1 =    0.4 
    KT1 =  -0.11 
    KT1L =      0 
    KT2 =  0.022 
    K2 =  -0.01 
    K3 =      0 
    K3B =      0 
    LPE0 =      0 
    LPEB =      0 
    DVTP0 =  1e-11 
    DVTP1 =   0.05 
    W0 = 2.5e-06 
    DVT0 =      1 
    DVT1 =      2 
    DVT2 = -0.032 
    DVT0W =      0 
    DVT1W =      0 
    DVT2W =      0 
    DROUT =    0.6 
    DSUB =    0.1 
    VTH0 =  -0.45 
    EU =      1 
    UA =  2e-09 
    UA1 = 4.31e-09 
    UB =  5e-19 
    UB1 = 7.61e-18 
    UC =      0 
    UC1 = -5.6e-11 
    U0 = 0.00355 
    UTE =   -1.5 
    VOFF = -0.126 
    VOFFL =      0 
    MINV =   0.05 
    FPROUT =    0.2 
    PDITS =   0.08 
    PDITSD =   0.23 
    PDITSL = 2.3e+06 
    DELTA =   0.01 
    RDSW =    150 
    RDSWMIN =      0 
    RDWMIN =      0 
    RSWMIN =      0 
    RDW =     75 
    RSW =     75 
    PRWG =      0 
    PRWB =      0 
    PRT =      0 
    ETA0 = 0.0042 
    ETAB =      0 
    PCLM =    0.1 
    PDIBLC1 =  0.001 
    PDIBLC2 =  0.001 
    PDIBLCB = 3.4e-08 
    PSCBE1 = 8.14e+08 
    PSCBE2 = 9.58e-07 
    PVAG =  1e-20 
    WR =      1 
    DWG =      0 
    DWB =      0 
    XW =      0 
    XWREF =      0 
    XL = -1.4e-08 
    XLREF = -1.4e-08 
    B0 =      0 
    B1 =      0 
    ALPHA0 =  0.074 
    ALPHA1 =  0.005 
    AGIDL = 0.0002 
    BGIDL = 2.1e+09 
    CGIDL = 0.0002 
    PHIN =      0 
    EGIDL =    0.8 
    AIGC =   0.69 
    BIGC = 0.0012 
    CIGC = 0.0008 
    AIGSD = 0.0087 
    BIGSD = 0.0012 
    CIGSD = 0.0008 
    AIGBACC =  0.012 
    BIGBACC = 0.0028 
    CIGBACC =  0.002 
    AIGBINV =  0.014 
    BIGBINV =  0.004 
    CIGBINV =  0.004 
    NIGC =      1 
    NIGBINV =      3 
    NIGBACC =      1 
    NTOX =      1 
    EIGBINV =    1.1 
    PIGCD =      1 
    POXEDGE =      1 
    XRCRG1 =     12 
    TNOIA =    1.5 
    TNOIB =    3.5 
    NTNOI =      1 
    XRCRG2 =      5 
    BETA0 =     30 
    IJTHDFWD =   0.01 
    IJTHSFWD =   0.01 
    IJTHDREV =  0.001 
    IJTHSREV =  0.001 
    XJBVD =      1 
    XJBVS =      1 
    BVD =     10 
    BVS =     10 
    VFB =   0.55 
    GBMIN =  1e-10 
    RBDB =     15 
    RBPB =      5 
    RBSB =     15 
    RBPS =     15 
    RBPD =     15 
    CGSL = 2.653e-10 
    CGDL = 2.653e-10 
    CKAPPAS =   0.03 
    CKAPPAD =   0.03 
    CF = 1.195e-10 
    CLC =  1e-07 
    CLE =    0.6 
    DWC =  5e-09 
    DLC = 2.7e-09 
    DLCIG = 2.7e-09 
    DWJ =      0 
    VFBCV =     -1 
    ACDE =      1 
    MOIN =     15 
    NOFF =    0.9 
    VOFFCV =   0.02 
    DMCG =      0 
    DMCI =      0 
    DMDG =      0 
    DMCGT =      0 
    XGW =      0 
    XGL =      0 
    RSHG =    0.4 
    NGCON =      1 
    TCJ =  0.001 
    TPB =  0.005 
    TCJSW =  0.001 
    TPBSW =  0.005 
    TCJSWG =  0.001 
    TPBSWG =  0.005 
    SK0 =      0 
    SK1 =      0 
    SK2 =      0 
    SL =  2e-06 
    SW =  2e-06 
    K =      0 
    TNOM =  300.1 
    CGSO = 8.5e-11 
    CGDO = 8.5e-11 
    CGBO = 2.56e-11 
    XPART =      0 
    RSH =      5 
    JSS = 0.0001 
    JSWS =  1e-11 
    JSWGS =  1e-10 
    PBS =      1 
    MJS =    0.5 
    PBSWS =      1 
    MJSWS =   0.33 
    CJS = 0.0005 
    CJSWS =  5e-10 
    NJS =      1 
    PBSWGS =      1 
    MJSWGS =   0.33 
    CJSWGS =  3e-10 
    XTIS =      3 
    JSD = 0.0001 
    JSWD =  1e-11 
    JSWGD =  1e-10 
    PBD =      1 
    MJD =    0.5 
    PBSWD =      1 
    MJSWD =   0.33 
    CJD = 0.0005 
    CJSWD =  5e-10 
    NJD =      1 
    PBSWGD =      1 
    MJSWGD =   0.33 
    CJSWGD =  5e-10 
    XTID =      3 
    LMLT =      1 
    WMLT =      1 
    LINT = 2.7e-09 
    LL =      0 
    LLC =      0 
    LLN =      1 
    LW =      0 
    LWC =      0 
    LWN =      1 
    LWL =      0 
    LWLC =      0 
    LMIN =      0 
    LMAX =      1 
    WINT =  5e-09 
    WL =      0 
    WLC =      0 
    WLN =      1 
    WW =      0 
    WWC =      0 
    WWN =      1 
    WWL =      0 
    WWLC =      0 
    WMIN =      0 
    WMAX =      1 
    NOIA = 6.188e+40 
    NOIB = 1.5e+25 
    NOIC = 8.75e+09 
    EM = 4.1e+07 
    EF =      1 
    AF =      1 
    KF =      0 
    TRS =      0 
    TRD =      0 
  **info** (ca2.sp:19) DC voltage reset to initial transient source value in source 0:vin. new dc=0.0000D+00
  
      
 **info** set option symb=1 internally to help for convergence.
 *****************************************************************
 ******  option summary
 ******
 runlvl  = 3         bypass  = 2.0000    
 **info** dc convergence successful at Newton-Raphson method 
 ******  
 * full combinational circuit for ca2 - advanced vlsi

 ****** operating point information tnom=  25.000 temp=  25.000 ******
 ****** operating point status is voltage   simulation time is     0.     
    node    =voltage      node    =voltage      node    =voltage

 +0:a       =   0.      0:i       =  20.2226m 0:j       =   1.7992 
 +0:k       =   1.7906  0:n       =  52.6953m 0:n1      =  45.3815m
 +0:out     =   1.7906  0:out2    =   1.7813  0:vdd     =   1.8000 
 +0:w       =   1.7712  0:x       =  20.2706m 0:z1      =   0.     
 +0:z2      =   0.      0:z3      =   0.      0:z4      =   0.     
 +0:z5      =   0.      0:z6      =   1.8000  0:z7      =   1.8000 
 +0:z8      =   1.8000  1:net1    =   1.7857  2:net1    =   1.7457 
 +2:net2    =   1.7730  3:net1    =   1.7457  3:net2    =   1.7730 
 +4:net1    =   1.3401  5:net1    =   5.3576m 6:net1    =   5.3582m

 ******
 * full combinational circuit for ca2 - advanced vlsi

 ****** transient analysis tnom=  25.000 temp=  25.000 ******
 delay_w=   4.7465p  targ=   9.7465p   trig=   5.0000p
 delay_i=   5.7076p  targ=  15.4541p   trig=   9.7465p
 delay_x=  10.3577p  targ=  20.1042p   trig=   9.7465p
 delay_j=   4.3242p  targ=  24.4284p   trig=  20.1042p
 delay_out=  39.4199p  targ=  59.5240p   trig=  20.1042p
 delay_k=   4.9639p  targ=  25.0681p   trig=  20.1042p
 delay_n=  35.5322p  targ=  95.0562p   trig=  59.5240p
 trise=  98.1279p  targ= 634.6416p   trig= 536.5136p
 tfall=  83.0336p  targ= 115.9286p   trig=  32.8950p
 tpd=  90.5808p
 tpdr=  54.5240p  targ=  59.5240p   trig=   5.0000p
 tpdf=  50.1593p  targ= 565.1593p   trig= 515.0000p
 td_a_w=   4.7465p  targ=   9.7465p   trig=   5.0000p
 td_w_x=  10.3577p  targ=  20.1042p   trig=   9.7465p
 td_x_out=  39.4199p  targ=  59.5240p   trig=  20.1042p
 td_out_n=  35.5322p  targ=  95.0562p   trig=  59.5240p
 total_delay=  54.5240p
 power=   1.0020m  from=   0.             to=   2.0000n

          ***** job concluded
 ******  
 * full combinational circuit for ca2 - advanced vlsi

 ****** job statistics summary tnom=  25.000 temp=  25.000 ******

  ******  Circuit Statistics  ******
  # nodes       =     164 # elements   =      45
  # resistors   =       0 # capacitors =       1 # inductors   =       0
  # mutual_inds =       0 # vccs       =       0 # vcvs        =       0
  # cccs        =       0 # ccvs       =       0 # volt_srcs   =      10
  # curr_srcs   =       0 # diodes     =       0 # bjts        =       0
  # jfets       =       0 # mosfets    =      34 # U elements  =       0
  # T elements  =       0 # W elements =       0 # B elements  =       0
  # S elements  =       0 # P elements =       0 # va device   =       0
  # vector_srcs =       0 # N elements =       0


  ******  Runtime Statistics (seconds)  ******

  analysis           time    # points   tot. iter  conv.iter
  op point           0.00           1          10
  transient          0.01        2001         401         137 rev=         4
  readin             0.00
  errchk             0.00
  setup              0.00
  output             0.00


           peak memory used         67.47 megabytes
           total cpu time            0.02 seconds
           total elapsed time        0.03 seconds
           job started at     14:29:55 05/29/2025
           job ended   at     14:29:55 05/29/2025
  **warning** (ca2.sp:24) Global net name "gnd" in subckt pin list. The pin will be connected to the local net. Recommend to not use global net names in subckt pin lists.
 ******  
 * full combinational circuit for ca2 - advanced vlsi

 ****** circuit name directory
 circuit number to circuit name directory
   number circuitname                     definition         multiplier
        0 main circuit
        1 xnor2_gate.                     nor2               1.00 
        2 xnor_i.                         nor3               1.00 
        3 xnor_x.                         nor3               1.00 
        4 xnand2_j.                       nand2              1.00 
        5 xnand2_out.                     nand2              1.00 
        6 xnand2_k.                       nand2              1.00 
        7 xinv_n1.                        inverter           1.00 
        8 xinv_out2.                      inverter           1.00 
        9 xinv_n.                         inverter           1.00 

**warning** NO.2 tran analysis statement is duplicate, ignored!

**warning** NO.3 tran analysis statement is duplicate, ignored!

**warning** NO.4 tran analysis statement is duplicate, ignored!

**warning** NO.5 tran analysis statement is duplicate, ignored!

**warning** NO.6 tran analysis statement is duplicate, ignored!

**warning** NO.7 tran analysis statement is duplicate, ignored!

**warning** NO.8 tran analysis statement is duplicate, ignored!

**warning** NO.9 tran analysis statement is duplicate, ignored!

**warning** NO.10 tran analysis statement is duplicate, ignored!

**warning** NO.11 tran analysis statement is duplicate, ignored!

**warning** NO.12 tran analysis statement is duplicate, ignored!

**warning** NO.13 tran analysis statement is duplicate, ignored!

**warning** NO.14 tran analysis statement is duplicate, ignored!

**warning** NO.15 tran analysis statement is duplicate, ignored!
 ******  
 * full combinational circuit for ca2 - advanced vlsi

 ****** mos   model parameters tnom=  25.000 temp=  25.000 ******
 Model file: 32nm_bulk.pm.txt
 Model line:            6
 Model Name: nmos  
 BSIM4 Model (Level 54)
    MOBMOD = 0
    BINUNIT = 1
    PARAMCHK = 1
    CAPMOD = 2
    DIOMOD = 1
    RDSMOD = 0
    TRNQSMOD = 0
    ACNQSMOD = 0
    RBODYMOD = 1
    RGATEMOD = 1
    PERMOD = 1
    GEOMOD = 1
    RGEOMOD = 0
    FNOIMOD = 1
    TNOIMOD = 0
    IGCMOD = 1
    IGBMOD = 1
    STIMOD = 0
    VERSION =      4 
    TOXREF = 1.65e-09 
    TOXE = 1.65e-09 
    TOXP =  1e-09 
    TOXM = 1.65e-09 
    DTOX = 6.5e-10 
    EPSROX =    3.9 
    CDSC =      0 
    CDSCB =      0 
    CDSCD =      0 
    CIT =      0 
    NFACTOR =    2.3 
    XJ =  1e-08 
    VSAT = 1.785e+05 
    A0 =      1 
    AGS =      0 
    A1 =      0 
    A2 =      1 
    AT = 3.3e+04 
    KETA =   0.04 
    NSUB =  6e+16 
    NDEP = 4.12e+18 
    NSD =  2e+20 
    NGATE =  2e+20 
    GAMMA1 =      0 
    GAMMA2 =      0 
    VBX =      0 
    VBM =     -3 
    XT = 1.55e-07 
    K1 =    0.4 
    KT1 =  -0.11 
    KT1L =      0 
    KT2 =  0.022 
    K2 =      0 
    K3 =      0 
    K3B =      0 
    LPE0 =      0 
    LPEB =      0 
    DVTP0 =  1e-11 
    DVTP1 =    0.1 
    W0 = 2.5e-06 
    DVT0 =      1 
    DVT1 =      2 
    DVT2 =      0 
    DVT0W =      0 
    DVT1W =      0 
    DVT2W =      0 
    DROUT =    0.5 
    DSUB =    0.1 
    VTH0 = 0.5088 
    EU =   1.67 
    UA =  6e-10 
    UA1 = 4.31e-09 
    UB = 1.2e-18 
    UB1 = 7.61e-18 
    UC =      0 
    UC1 = -5.6e-11 
    U0 = 0.0389 
    UTE =   -1.5 
    VOFF =  -0.13 
    VOFFL =      0 
    MINV =   0.05 
    FPROUT =    0.2 
    PDITS =   0.01 
    PDITSD =   0.23 
    PDITSL = 2.3e+06 
    DELTA =   0.01 
    RDSW =    150 
    RDSWMIN =      0 
    RDWMIN =      0 
    RSWMIN =      0 
    RDW =     75 
    RSW =     75 
    PRWG =      0 
    PRWB =      0 
    PRT =      0 
    ETA0 = 0.0042 
    ETAB =      0 
    PCLM =   0.02 
    PDIBLC1 =  0.001 
    PDIBLC2 =  0.001 
    PDIBLCB = -0.005 
    PSCBE1 = 8.14e+08 
    PSCBE2 =  1e-07 
    PVAG =  1e-20 
    WR =      1 
    DWG =      0 
    DWB =      0 
    XW =      0 
    XWREF =      0 
    XL = -1.4e-08 
    XLREF = -1.4e-08 
    B0 =      0 
    B1 =      0 
    ALPHA0 =  0.074 
    ALPHA1 =  0.005 
    AGIDL = 0.0002 
    BGIDL = 2.1e+09 
    CGIDL = 0.0002 
    PHIN =      0 
    EGIDL =    0.8 
    AIGC =  0.012 
    BIGC = 0.0028 
    CIGC =  0.002 
    AIGSD =  0.012 
    BIGSD = 0.0028 
    CIGSD =  0.002 
    AIGBACC =  0.012 
    BIGBACC = 0.0028 
    CIGBACC =  0.002 
    AIGBINV =  0.014 
    BIGBINV =  0.004 
    CIGBINV =  0.004 
    NIGC =      1 
    NIGBINV =      3 
    NIGBACC =      1 
    NTOX =      1 
    EIGBINV =    1.1 
    PIGCD =      1 
    POXEDGE =      1 
    XRCRG1 =     12 
    TNOIA =    1.5 
    TNOIB =    3.5 
    NTNOI =      1 
    XRCRG2 =      5 
    BETA0 =     30 
    IJTHDFWD =   0.01 
    IJTHSFWD =   0.01 
    IJTHDREV =  0.001 
    IJTHSREV =  0.001 
    XJBVD =      1 
    XJBVS =      1 
    BVD =     10 
    BVS =     10 
    VFB =  -0.55 
    GBMIN =  1e-10 
    RBDB =     15 
    RBPB =      5 
    RBSB =     15 
    RBPS =     15 
    RBPD =     15 
    CGSL = 2.653e-10 
    CGDL = 2.653e-10 
    CKAPPAS =   0.03 
    CKAPPAD =   0.03 
    CF = 1.208e-10 
    CLC =  1e-07 
    CLE =    0.6 
    DWC =  5e-09 
    DLC = 2.7e-09 
    DLCIG = 2.7e-09 
    DWJ =      0 
    VFBCV =     -1 
    ACDE =      1 
    MOIN =     15 
    NOFF =    0.9 
    VOFFCV =   0.02 
    DMCG =      0 
    DMCI =      0 
    DMDG =      0 
    DMCGT =      0 
    XGW =      0 
    XGL =      0 
    RSHG =    0.4 
    NGCON =      1 
    TCJ =  0.001 
    TPB =  0.005 
    TCJSW =  0.001 
    TPBSW =  0.005 
    TCJSWG =  0.001 
    TPBSWG =  0.005 
    SK0 =      0 
    SK1 =      0 
    SK2 =      0 
    SL =  2e-06 
    SW =  2e-06 
    K =      0 
    TNOM =  300.1 
    CGSO = 8.5e-11 
    CGDO = 8.5e-11 
    CGBO = 2.56e-11 
    XPART =      0 
    RSH =      5 
    JSS = 0.0001 
    JSWS =  1e-11 
    JSWGS =  1e-10 
    PBS =      1 
    MJS =    0.5 
    PBSWS =      1 
    MJSWS =   0.33 
    CJS = 0.0005 
    CJSWS =  5e-10 
    NJS =      1 
    PBSWGS =      1 
    MJSWGS =   0.33 
    CJSWGS =  3e-10 
    XTIS =      3 
    JSD = 0.0001 
    JSWD =  1e-11 
    JSWGD =  1e-10 
    PBD =      1 
    MJD =    0.5 
    PBSWD =      1 
    MJSWD =   0.33 
    CJD = 0.0005 
    CJSWD =  5e-10 
    NJD =      1 
    PBSWGD =      1 
    MJSWGD =   0.33 
    CJSWGD =  5e-10 
    XTID =      3 
    LMLT =      1 
    WMLT =      1 
    LINT = 2.7e-09 
    LL =      0 
    LLC =      0 
    LLN =      1 
    LW =      0 
    LWC =      0 
    LWN =      1 
    LWL =      0 
    LWLC =      0 
    LMIN =      0 
    LMAX =      1 
    WINT =  5e-09 
    WL =      0 
    WLC =      0 
    WLN =      1 
    WW =      0 
    WWC =      0 
    WWN =      1 
    WWL =      0 
    WWLC =      0 
    WMIN =      0 
    WMAX =      1 
    NOIA = 6.25e+41 
    NOIB = 3.125e+26 
    NOIC = 8.75e+09 
    EM = 4.1e+07 
    EF =      1 
    AF =      1 
    KF =      0 
    TRS =      0 
    TRD =      0 
 Model file: 32nm_bulk.pm.txt
 Model line:           77
 Model Name: pmos  
 BSIM4 Model (Level 54)
    MOBMOD = 0
    BINUNIT = 1
    PARAMCHK = 1
    CAPMOD = 2
    DIOMOD = 1
    RDSMOD = 0
    TRNQSMOD = 0
    ACNQSMOD = 0
    RBODYMOD = 1
    RGATEMOD = 1
    PERMOD = 1
    GEOMOD = 1
    RGEOMOD = 0
    FNOIMOD = 1
    TNOIMOD = 0
    IGCMOD = 1
    IGBMOD = 1
    STIMOD = 0
    VERSION =      4 
    TOXREF = 1.75e-09 
    TOXE = 1.75e-09 
    TOXP =  1e-09 
    TOXM = 1.75e-09 
    DTOX = 7.5e-10 
    EPSROX =    3.9 
    CDSC =      0 
    CDSCB =      0 
    CDSCD =      0 
    CIT =      0 
    NFACTOR =    2.3 
    XJ =  1e-08 
    VSAT =  7e+04 
    A0 =      1 
    AGS =  1e-20 
    A1 =      0 
    A2 =      1 
    AT = 3.3e+04 
    KETA = -0.047 
    NSUB =  6e+16 
    NDEP = 3.07e+18 
    NSD =  2e+20 
    NGATE =  2e+20 
    GAMMA1 =      0 
    GAMMA2 =      0 
    VBX =      0 
    VBM =     -3 
    XT = 1.55e-07 
    K1 =    0.4 
    KT1 =  -0.11 
    KT1L =      0 
    KT2 =  0.022 
    K2 =  -0.01 
    K3 =      0 
    K3B =      0 
    LPE0 =      0 
    LPEB =      0 
    DVTP0 =  1e-11 
    DVTP1 =   0.05 
    W0 = 2.5e-06 
    DVT0 =      1 
    DVT1 =      2 
    DVT2 = -0.032 
    DVT0W =      0 
    DVT1W =      0 
    DVT2W =      0 
    DROUT =    0.6 
    DSUB =    0.1 
    VTH0 =  -0.45 
    EU =      1 
    UA =  2e-09 
    UA1 = 4.31e-09 
    UB =  5e-19 
    UB1 = 7.61e-18 
    UC =      0 
    UC1 = -5.6e-11 
    U0 = 0.00355 
    UTE =   -1.5 
    VOFF = -0.126 
    VOFFL =      0 
    MINV =   0.05 
    FPROUT =    0.2 
    PDITS =   0.08 
    PDITSD =   0.23 
    PDITSL = 2.3e+06 
    DELTA =   0.01 
    RDSW =    150 
    RDSWMIN =      0 
    RDWMIN =      0 
    RSWMIN =      0 
    RDW =     75 
    RSW =     75 
    PRWG =      0 
    PRWB =      0 
    PRT =      0 
    ETA0 = 0.0042 
    ETAB =      0 
    PCLM =    0.1 
    PDIBLC1 =  0.001 
    PDIBLC2 =  0.001 
    PDIBLCB = 3.4e-08 
    PSCBE1 = 8.14e+08 
    PSCBE2 = 9.58e-07 
    PVAG =  1e-20 
    WR =      1 
    DWG =      0 
    DWB =      0 
    XW =      0 
    XWREF =      0 
    XL = -1.4e-08 
    XLREF = -1.4e-08 
    B0 =      0 
    B1 =      0 
    ALPHA0 =  0.074 
    ALPHA1 =  0.005 
    AGIDL = 0.0002 
    BGIDL = 2.1e+09 
    CGIDL = 0.0002 
    PHIN =      0 
    EGIDL =    0.8 
    AIGC =   0.69 
    BIGC = 0.0012 
    CIGC = 0.0008 
    AIGSD = 0.0087 
    BIGSD = 0.0012 
    CIGSD = 0.0008 
    AIGBACC =  0.012 
    BIGBACC = 0.0028 
    CIGBACC =  0.002 
    AIGBINV =  0.014 
    BIGBINV =  0.004 
    CIGBINV =  0.004 
    NIGC =      1 
    NIGBINV =      3 
    NIGBACC =      1 
    NTOX =      1 
    EIGBINV =    1.1 
    PIGCD =      1 
    POXEDGE =      1 
    XRCRG1 =     12 
    TNOIA =    1.5 
    TNOIB =    3.5 
    NTNOI =      1 
    XRCRG2 =      5 
    BETA0 =     30 
    IJTHDFWD =   0.01 
    IJTHSFWD =   0.01 
    IJTHDREV =  0.001 
    IJTHSREV =  0.001 
    XJBVD =      1 
    XJBVS =      1 
    BVD =     10 
    BVS =     10 
    VFB =   0.55 
    GBMIN =  1e-10 
    RBDB =     15 
    RBPB =      5 
    RBSB =     15 
    RBPS =     15 
    RBPD =     15 
    CGSL = 2.653e-10 
    CGDL = 2.653e-10 
    CKAPPAS =   0.03 
    CKAPPAD =   0.03 
    CF = 1.195e-10 
    CLC =  1e-07 
    CLE =    0.6 
    DWC =  5e-09 
    DLC = 2.7e-09 
    DLCIG = 2.7e-09 
    DWJ =      0 
    VFBCV =     -1 
    ACDE =      1 
    MOIN =     15 
    NOFF =    0.9 
    VOFFCV =   0.02 
    DMCG =      0 
    DMCI =      0 
    DMDG =      0 
    DMCGT =      0 
    XGW =      0 
    XGL =      0 
    RSHG =    0.4 
    NGCON =      1 
    TCJ =  0.001 
    TPB =  0.005 
    TCJSW =  0.001 
    TPBSW =  0.005 
    TCJSWG =  0.001 
    TPBSWG =  0.005 
    SK0 =      0 
    SK1 =      0 
    SK2 =      0 
    SL =  2e-06 
    SW =  2e-06 
    K =      0 
    TNOM =  300.1 
    CGSO = 8.5e-11 
    CGDO = 8.5e-11 
    CGBO = 2.56e-11 
    XPART =      0 
    RSH =      5 
    JSS = 0.0001 
    JSWS =  1e-11 
    JSWGS =  1e-10 
    PBS =      1 
    MJS =    0.5 
    PBSWS =      1 
    MJSWS =   0.33 
    CJS = 0.0005 
    CJSWS =  5e-10 
    NJS =      1 
    PBSWGS =      1 
    MJSWGS =   0.33 
    CJSWGS =  3e-10 
    XTIS =      3 
    JSD = 0.0001 
    JSWD =  1e-11 
    JSWGD =  1e-10 
    PBD =      1 
    MJD =    0.5 
    PBSWD =      1 
    MJSWD =   0.33 
    CJD = 0.0005 
    CJSWD =  5e-10 
    NJD =      1 
    PBSWGD =      1 
    MJSWGD =   0.33 
    CJSWGD =  5e-10 
    XTID =      3 
    LMLT =      1 
    WMLT =      1 
    LINT = 2.7e-09 
    LL =      0 
    LLC =      0 
    LLN =      1 
    LW =      0 
    LWC =      0 
    LWN =      1 
    LWL =      0 
    LWLC =      0 
    LMIN =      0 
    LMAX =      1 
    WINT =  5e-09 
    WL =      0 
    WLC =      0 
    WLN =      1 
    WW =      0 
    WWC =      0 
    WWN =      1 
    WWL =      0 
    WWLC =      0 
    WMIN =      0 
    WMAX =      1 
    NOIA = 6.188e+40 
    NOIB = 1.5e+25 
    NOIC = 8.75e+09 
    EM = 4.1e+07 
    EF =      1 
    AF =      1 
    KF =      0 
    TRS =      0 
    TRD =      0 
  **info** (ca2.sp:19) DC voltage reset to initial transient source value in source 0:vin. new dc=0.0000D+00
  
      
 **info** set option symb=1 internally to help for convergence.
 *****************************************************************
 ******  option summary
 ******
 runlvl  = 3         bypass  = 2.0000    
 **info** dc convergence successful at Newton-Raphson method 
 ******  
 * full combinational circuit for ca2 - advanced vlsi

 ****** operating point information tnom=  25.000 temp=  25.000 ******
 ****** operating point status is voltage   simulation time is     0.     
    node    =voltage      node    =voltage      node    =voltage

 +0:a       =   0.      0:i       =  20.2430m 0:j       =   1.7992 
 +0:k       =   1.7906  0:n       =  52.6954m 0:n1      =  45.3825m
 +0:out     =   1.7906  0:out2    =   1.7813  0:vdd     =   1.8000 
 +0:w       =   1.7711  0:x       =  20.2875m 0:z1      =   0.     
 +0:z2      =   0.      0:z3      =   0.      0:z4      =   0.     
 +0:z5      =   0.      0:z6      =   1.8000  0:z7      =   1.8000 
 +0:z8      =   1.8000  1:net1    =   1.7856  2:net1    =   1.7456 
 +2:net2    =   1.7730  3:net1    =   1.7457  3:net2    =   1.7730 
 +4:net1    =   1.3401  5:net1    =   5.3589m 6:net1    =   5.3595m

 ******
 * full combinational circuit for ca2 - advanced vlsi

 ****** transient analysis tnom=  25.000 temp=  25.000 ******
 delay_w=   4.9779p  targ=   9.9779p   trig=   5.0000p
 delay_i=   5.8126p  targ=  15.7905p   trig=   9.9779p
 delay_x=  10.1561p  targ=  20.1340p   trig=   9.9779p
 delay_j=   4.2301p  targ=  24.3642p   trig=  20.1340p
 delay_out=  39.2877p  targ=  59.4217p   trig=  20.1340p
 delay_k=   4.9023p  targ=  25.0364p   trig=  20.1340p
 delay_n=  35.5615p  targ=  94.9832p   trig=  59.4217p
 trise=  98.1104p  targ= 635.0953p   trig= 536.9850p
 tfall=  83.1811p  targ= 116.0384p   trig=  32.8572p
 tpd=  90.6457p
 tpdr=  54.4217p  targ=  59.4217p   trig=   5.0000p
 tpdf=  50.7348p  targ= 565.7348p   trig= 515.0000p
 td_a_w=   4.9779p  targ=   9.9779p   trig=   5.0000p
 td_w_x=  10.1561p  targ=  20.1340p   trig=   9.9779p
 td_x_out=  39.2877p  targ=  59.4217p   trig=  20.1340p
 td_out_n=  35.5615p  targ=  94.9832p   trig=  59.4217p
 total_delay=  54.4217p
 power=   1.0167m  from=   0.             to=   2.0000n

          ***** job concluded
 ******  
 * full combinational circuit for ca2 - advanced vlsi

 ****** job statistics summary tnom=  25.000 temp=  25.000 ******

  ******  Circuit Statistics  ******
  # nodes       =     164 # elements   =      45
  # resistors   =       0 # capacitors =       1 # inductors   =       0
  # mutual_inds =       0 # vccs       =       0 # vcvs        =       0
  # cccs        =       0 # ccvs       =       0 # volt_srcs   =      10
  # curr_srcs   =       0 # diodes     =       0 # bjts        =       0
  # jfets       =       0 # mosfets    =      34 # U elements  =       0
  # T elements  =       0 # W elements =       0 # B elements  =       0
  # S elements  =       0 # P elements =       0 # va device   =       0
  # vector_srcs =       0 # N elements =       0


  ******  Runtime Statistics (seconds)  ******

  analysis           time    # points   tot. iter  conv.iter
  op point           0.00           1          10
  transient          0.01        2001         414         142 rev=         6
  readin             0.00
  errchk             0.00
  setup              0.00
  output             0.00


           peak memory used         67.47 megabytes
           total cpu time            0.02 seconds
           total elapsed time        0.03 seconds
           job started at     14:29:55 05/29/2025
           job ended   at     14:29:55 05/29/2025
  **warning** (ca2.sp:24) Global net name "gnd" in subckt pin list. The pin will be connected to the local net. Recommend to not use global net names in subckt pin lists.
 ******  
 * full combinational circuit for ca2 - advanced vlsi

 ****** circuit name directory
 circuit number to circuit name directory
   number circuitname                     definition         multiplier
        0 main circuit
        1 xnor2_gate.                     nor2               1.00 
        2 xnor_i.                         nor3               1.00 
        3 xnor_x.                         nor3               1.00 
        4 xnand2_j.                       nand2              1.00 
        5 xnand2_out.                     nand2              1.00 
        6 xnand2_k.                       nand2              1.00 
        7 xinv_n1.                        inverter           1.00 
        8 xinv_out2.                      inverter           1.00 
        9 xinv_n.                         inverter           1.00 

**warning** NO.2 tran analysis statement is duplicate, ignored!

**warning** NO.3 tran analysis statement is duplicate, ignored!

**warning** NO.4 tran analysis statement is duplicate, ignored!

**warning** NO.5 tran analysis statement is duplicate, ignored!

**warning** NO.6 tran analysis statement is duplicate, ignored!

**warning** NO.7 tran analysis statement is duplicate, ignored!

**warning** NO.8 tran analysis statement is duplicate, ignored!

**warning** NO.9 tran analysis statement is duplicate, ignored!

**warning** NO.10 tran analysis statement is duplicate, ignored!

**warning** NO.11 tran analysis statement is duplicate, ignored!

**warning** NO.12 tran analysis statement is duplicate, ignored!

**warning** NO.13 tran analysis statement is duplicate, ignored!

**warning** NO.14 tran analysis statement is duplicate, ignored!

**warning** NO.15 tran analysis statement is duplicate, ignored!

**warning** NO.16 tran analysis statement is duplicate, ignored!
 ******  
 * full combinational circuit for ca2 - advanced vlsi

 ****** mos   model parameters tnom=  25.000 temp=  25.000 ******
 Model file: 32nm_bulk.pm.txt
 Model line:            6
 Model Name: nmos  
 BSIM4 Model (Level 54)
    MOBMOD = 0
    BINUNIT = 1
    PARAMCHK = 1
    CAPMOD = 2
    DIOMOD = 1
    RDSMOD = 0
    TRNQSMOD = 0
    ACNQSMOD = 0
    RBODYMOD = 1
    RGATEMOD = 1
    PERMOD = 1
    GEOMOD = 1
    RGEOMOD = 0
    FNOIMOD = 1
    TNOIMOD = 0
    IGCMOD = 1
    IGBMOD = 1
    STIMOD = 0
    VERSION =      4 
    TOXREF = 1.65e-09 
    TOXE = 1.65e-09 
    TOXP =  1e-09 
    TOXM = 1.65e-09 
    DTOX = 6.5e-10 
    EPSROX =    3.9 
    CDSC =      0 
    CDSCB =      0 
    CDSCD =      0 
    CIT =      0 
    NFACTOR =    2.3 
    XJ =  1e-08 
    VSAT = 1.785e+05 
    A0 =      1 
    AGS =      0 
    A1 =      0 
    A2 =      1 
    AT = 3.3e+04 
    KETA =   0.04 
    NSUB =  6e+16 
    NDEP = 4.12e+18 
    NSD =  2e+20 
    NGATE =  2e+20 
    GAMMA1 =      0 
    GAMMA2 =      0 
    VBX =      0 
    VBM =     -3 
    XT = 1.55e-07 
    K1 =    0.4 
    KT1 =  -0.11 
    KT1L =      0 
    KT2 =  0.022 
    K2 =      0 
    K3 =      0 
    K3B =      0 
    LPE0 =      0 
    LPEB =      0 
    DVTP0 =  1e-11 
    DVTP1 =    0.1 
    W0 = 2.5e-06 
    DVT0 =      1 
    DVT1 =      2 
    DVT2 =      0 
    DVT0W =      0 
    DVT1W =      0 
    DVT2W =      0 
    DROUT =    0.5 
    DSUB =    0.1 
    VTH0 = 0.5088 
    EU =   1.67 
    UA =  6e-10 
    UA1 = 4.31e-09 
    UB = 1.2e-18 
    UB1 = 7.61e-18 
    UC =      0 
    UC1 = -5.6e-11 
    U0 = 0.0389 
    UTE =   -1.5 
    VOFF =  -0.13 
    VOFFL =      0 
    MINV =   0.05 
    FPROUT =    0.2 
    PDITS =   0.01 
    PDITSD =   0.23 
    PDITSL = 2.3e+06 
    DELTA =   0.01 
    RDSW =    150 
    RDSWMIN =      0 
    RDWMIN =      0 
    RSWMIN =      0 
    RDW =     75 
    RSW =     75 
    PRWG =      0 
    PRWB =      0 
    PRT =      0 
    ETA0 = 0.0042 
    ETAB =      0 
    PCLM =   0.02 
    PDIBLC1 =  0.001 
    PDIBLC2 =  0.001 
    PDIBLCB = -0.005 
    PSCBE1 = 8.14e+08 
    PSCBE2 =  1e-07 
    PVAG =  1e-20 
    WR =      1 
    DWG =      0 
    DWB =      0 
    XW =      0 
    XWREF =      0 
    XL = -1.4e-08 
    XLREF = -1.4e-08 
    B0 =      0 
    B1 =      0 
    ALPHA0 =  0.074 
    ALPHA1 =  0.005 
    AGIDL = 0.0002 
    BGIDL = 2.1e+09 
    CGIDL = 0.0002 
    PHIN =      0 
    EGIDL =    0.8 
    AIGC =  0.012 
    BIGC = 0.0028 
    CIGC =  0.002 
    AIGSD =  0.012 
    BIGSD = 0.0028 
    CIGSD =  0.002 
    AIGBACC =  0.012 
    BIGBACC = 0.0028 
    CIGBACC =  0.002 
    AIGBINV =  0.014 
    BIGBINV =  0.004 
    CIGBINV =  0.004 
    NIGC =      1 
    NIGBINV =      3 
    NIGBACC =      1 
    NTOX =      1 
    EIGBINV =    1.1 
    PIGCD =      1 
    POXEDGE =      1 
    XRCRG1 =     12 
    TNOIA =    1.5 
    TNOIB =    3.5 
    NTNOI =      1 
    XRCRG2 =      5 
    BETA0 =     30 
    IJTHDFWD =   0.01 
    IJTHSFWD =   0.01 
    IJTHDREV =  0.001 
    IJTHSREV =  0.001 
    XJBVD =      1 
    XJBVS =      1 
    BVD =     10 
    BVS =     10 
    VFB =  -0.55 
    GBMIN =  1e-10 
    RBDB =     15 
    RBPB =      5 
    RBSB =     15 
    RBPS =     15 
    RBPD =     15 
    CGSL = 2.653e-10 
    CGDL = 2.653e-10 
    CKAPPAS =   0.03 
    CKAPPAD =   0.03 
    CF = 1.208e-10 
    CLC =  1e-07 
    CLE =    0.6 
    DWC =  5e-09 
    DLC = 2.7e-09 
    DLCIG = 2.7e-09 
    DWJ =      0 
    VFBCV =     -1 
    ACDE =      1 
    MOIN =     15 
    NOFF =    0.9 
    VOFFCV =   0.02 
    DMCG =      0 
    DMCI =      0 
    DMDG =      0 
    DMCGT =      0 
    XGW =      0 
    XGL =      0 
    RSHG =    0.4 
    NGCON =      1 
    TCJ =  0.001 
    TPB =  0.005 
    TCJSW =  0.001 
    TPBSW =  0.005 
    TCJSWG =  0.001 
    TPBSWG =  0.005 
    SK0 =      0 
    SK1 =      0 
    SK2 =      0 
    SL =  2e-06 
    SW =  2e-06 
    K =      0 
    TNOM =  300.1 
    CGSO = 8.5e-11 
    CGDO = 8.5e-11 
    CGBO = 2.56e-11 
    XPART =      0 
    RSH =      5 
    JSS = 0.0001 
    JSWS =  1e-11 
    JSWGS =  1e-10 
    PBS =      1 
    MJS =    0.5 
    PBSWS =      1 
    MJSWS =   0.33 
    CJS = 0.0005 
    CJSWS =  5e-10 
    NJS =      1 
    PBSWGS =      1 
    MJSWGS =   0.33 
    CJSWGS =  3e-10 
    XTIS =      3 
    JSD = 0.0001 
    JSWD =  1e-11 
    JSWGD =  1e-10 
    PBD =      1 
    MJD =    0.5 
    PBSWD =      1 
    MJSWD =   0.33 
    CJD = 0.0005 
    CJSWD =  5e-10 
    NJD =      1 
    PBSWGD =      1 
    MJSWGD =   0.33 
    CJSWGD =  5e-10 
    XTID =      3 
    LMLT =      1 
    WMLT =      1 
    LINT = 2.7e-09 
    LL =      0 
    LLC =      0 
    LLN =      1 
    LW =      0 
    LWC =      0 
    LWN =      1 
    LWL =      0 
    LWLC =      0 
    LMIN =      0 
    LMAX =      1 
    WINT =  5e-09 
    WL =      0 
    WLC =      0 
    WLN =      1 
    WW =      0 
    WWC =      0 
    WWN =      1 
    WWL =      0 
    WWLC =      0 
    WMIN =      0 
    WMAX =      1 
    NOIA = 6.25e+41 
    NOIB = 3.125e+26 
    NOIC = 8.75e+09 
    EM = 4.1e+07 
    EF =      1 
    AF =      1 
    KF =      0 
    TRS =      0 
    TRD =      0 
 Model file: 32nm_bulk.pm.txt
 Model line:           77
 Model Name: pmos  
 BSIM4 Model (Level 54)
    MOBMOD = 0
    BINUNIT = 1
    PARAMCHK = 1
    CAPMOD = 2
    DIOMOD = 1
    RDSMOD = 0
    TRNQSMOD = 0
    ACNQSMOD = 0
    RBODYMOD = 1
    RGATEMOD = 1
    PERMOD = 1
    GEOMOD = 1
    RGEOMOD = 0
    FNOIMOD = 1
    TNOIMOD = 0
    IGCMOD = 1
    IGBMOD = 1
    STIMOD = 0
    VERSION =      4 
    TOXREF = 1.75e-09 
    TOXE = 1.75e-09 
    TOXP =  1e-09 
    TOXM = 1.75e-09 
    DTOX = 7.5e-10 
    EPSROX =    3.9 
    CDSC =      0 
    CDSCB =      0 
    CDSCD =      0 
    CIT =      0 
    NFACTOR =    2.3 
    XJ =  1e-08 
    VSAT =  7e+04 
    A0 =      1 
    AGS =  1e-20 
    A1 =      0 
    A2 =      1 
    AT = 3.3e+04 
    KETA = -0.047 
    NSUB =  6e+16 
    NDEP = 3.07e+18 
    NSD =  2e+20 
    NGATE =  2e+20 
    GAMMA1 =      0 
    GAMMA2 =      0 
    VBX =      0 
    VBM =     -3 
    XT = 1.55e-07 
    K1 =    0.4 
    KT1 =  -0.11 
    KT1L =      0 
    KT2 =  0.022 
    K2 =  -0.01 
    K3 =      0 
    K3B =      0 
    LPE0 =      0 
    LPEB =      0 
    DVTP0 =  1e-11 
    DVTP1 =   0.05 
    W0 = 2.5e-06 
    DVT0 =      1 
    DVT1 =      2 
    DVT2 = -0.032 
    DVT0W =      0 
    DVT1W =      0 
    DVT2W =      0 
    DROUT =    0.6 
    DSUB =    0.1 
    VTH0 =  -0.45 
    EU =      1 
    UA =  2e-09 
    UA1 = 4.31e-09 
    UB =  5e-19 
    UB1 = 7.61e-18 
    UC =      0 
    UC1 = -5.6e-11 
    U0 = 0.00355 
    UTE =   -1.5 
    VOFF = -0.126 
    VOFFL =      0 
    MINV =   0.05 
    FPROUT =    0.2 
    PDITS =   0.08 
    PDITSD =   0.23 
    PDITSL = 2.3e+06 
    DELTA =   0.01 
    RDSW =    150 
    RDSWMIN =      0 
    RDWMIN =      0 
    RSWMIN =      0 
    RDW =     75 
    RSW =     75 
    PRWG =      0 
    PRWB =      0 
    PRT =      0 
    ETA0 = 0.0042 
    ETAB =      0 
    PCLM =    0.1 
    PDIBLC1 =  0.001 
    PDIBLC2 =  0.001 
    PDIBLCB = 3.4e-08 
    PSCBE1 = 8.14e+08 
    PSCBE2 = 9.58e-07 
    PVAG =  1e-20 
    WR =      1 
    DWG =      0 
    DWB =      0 
    XW =      0 
    XWREF =      0 
    XL = -1.4e-08 
    XLREF = -1.4e-08 
    B0 =      0 
    B1 =      0 
    ALPHA0 =  0.074 
    ALPHA1 =  0.005 
    AGIDL = 0.0002 
    BGIDL = 2.1e+09 
    CGIDL = 0.0002 
    PHIN =      0 
    EGIDL =    0.8 
    AIGC =   0.69 
    BIGC = 0.0012 
    CIGC = 0.0008 
    AIGSD = 0.0087 
    BIGSD = 0.0012 
    CIGSD = 0.0008 
    AIGBACC =  0.012 
    BIGBACC = 0.0028 
    CIGBACC =  0.002 
    AIGBINV =  0.014 
    BIGBINV =  0.004 
    CIGBINV =  0.004 
    NIGC =      1 
    NIGBINV =      3 
    NIGBACC =      1 
    NTOX =      1 
    EIGBINV =    1.1 
    PIGCD =      1 
    POXEDGE =      1 
    XRCRG1 =     12 
    TNOIA =    1.5 
    TNOIB =    3.5 
    NTNOI =      1 
    XRCRG2 =      5 
    BETA0 =     30 
    IJTHDFWD =   0.01 
    IJTHSFWD =   0.01 
    IJTHDREV =  0.001 
    IJTHSREV =  0.001 
    XJBVD =      1 
    XJBVS =      1 
    BVD =     10 
    BVS =     10 
    VFB =   0.55 
    GBMIN =  1e-10 
    RBDB =     15 
    RBPB =      5 
    RBSB =     15 
    RBPS =     15 
    RBPD =     15 
    CGSL = 2.653e-10 
    CGDL = 2.653e-10 
    CKAPPAS =   0.03 
    CKAPPAD =   0.03 
    CF = 1.195e-10 
    CLC =  1e-07 
    CLE =    0.6 
    DWC =  5e-09 
    DLC = 2.7e-09 
    DLCIG = 2.7e-09 
    DWJ =      0 
    VFBCV =     -1 
    ACDE =      1 
    MOIN =     15 
    NOFF =    0.9 
    VOFFCV =   0.02 
    DMCG =      0 
    DMCI =      0 
    DMDG =      0 
    DMCGT =      0 
    XGW =      0 
    XGL =      0 
    RSHG =    0.4 
    NGCON =      1 
    TCJ =  0.001 
    TPB =  0.005 
    TCJSW =  0.001 
    TPBSW =  0.005 
    TCJSWG =  0.001 
    TPBSWG =  0.005 
    SK0 =      0 
    SK1 =      0 
    SK2 =      0 
    SL =  2e-06 
    SW =  2e-06 
    K =      0 
    TNOM =  300.1 
    CGSO = 8.5e-11 
    CGDO = 8.5e-11 
    CGBO = 2.56e-11 
    XPART =      0 
    RSH =      5 
    JSS = 0.0001 
    JSWS =  1e-11 
    JSWGS =  1e-10 
    PBS =      1 
    MJS =    0.5 
    PBSWS =      1 
    MJSWS =   0.33 
    CJS = 0.0005 
    CJSWS =  5e-10 
    NJS =      1 
    PBSWGS =      1 
    MJSWGS =   0.33 
    CJSWGS =  3e-10 
    XTIS =      3 
    JSD = 0.0001 
    JSWD =  1e-11 
    JSWGD =  1e-10 
    PBD =      1 
    MJD =    0.5 
    PBSWD =      1 
    MJSWD =   0.33 
    CJD = 0.0005 
    CJSWD =  5e-10 
    NJD =      1 
    PBSWGD =      1 
    MJSWGD =   0.33 
    CJSWGD =  5e-10 
    XTID =      3 
    LMLT =      1 
    WMLT =      1 
    LINT = 2.7e-09 
    LL =      0 
    LLC =      0 
    LLN =      1 
    LW =      0 
    LWC =      0 
    LWN =      1 
    LWL =      0 
    LWLC =      0 
    LMIN =      0 
    LMAX =      1 
    WINT =  5e-09 
    WL =      0 
    WLC =      0 
    WLN =      1 
    WW =      0 
    WWC =      0 
    WWN =      1 
    WWL =      0 
    WWLC =      0 
    WMIN =      0 
    WMAX =      1 
    NOIA = 6.188e+40 
    NOIB = 1.5e+25 
    NOIC = 8.75e+09 
    EM = 4.1e+07 
    EF =      1 
    AF =      1 
    KF =      0 
    TRS =      0 
    TRD =      0 
  **info** (ca2.sp:19) DC voltage reset to initial transient source value in source 0:vin. new dc=0.0000D+00
  
      
 **info** set option symb=1 internally to help for convergence.
 *****************************************************************
 ******  option summary
 ******
 runlvl  = 3         bypass  = 2.0000    
 **info** dc convergence successful at Newton-Raphson method 
 ******  
 * full combinational circuit for ca2 - advanced vlsi

 ****** operating point information tnom=  25.000 temp=  25.000 ******
 ****** operating point status is voltage   simulation time is     0.     
    node    =voltage      node    =voltage      node    =voltage

 +0:a       =   0.      0:i       =  20.2625m 0:j       =   1.7992 
 +0:k       =   1.7906  0:n       =  52.6955m 0:n1      =  45.3835m
 +0:out     =   1.7906  0:out2    =   1.7813  0:vdd     =   1.8000 
 +0:w       =   1.7710  0:x       =  20.3040m 0:z1      =   0.     
 +0:z2      =   0.      0:z3      =   0.      0:z4      =   0.     
 +0:z5      =   0.      0:z6      =   1.8000  0:z7      =   1.8000 
 +0:z8      =   1.8000  1:net1    =   1.7855  2:net1    =   1.7456 
 +2:net2    =   1.7730  3:net1    =   1.7456  3:net2    =   1.7730 
 +4:net1    =   1.3401  5:net1    =   5.3602m 6:net1    =   5.3608m

 ******
 * full combinational circuit for ca2 - advanced vlsi

 ****** transient analysis tnom=  25.000 temp=  25.000 ******
 delay_w=   5.1833p  targ=  10.1833p   trig=   5.0000p
 delay_i=   5.9693p  targ=  16.1525p   trig=  10.1833p
 delay_x=  10.0455p  targ=  20.2288p   trig=  10.1833p
 delay_j=   4.1497p  targ=  24.3785p   trig=  20.2288p
 delay_out=  39.0947p  targ=  59.3235p   trig=  20.2288p
 delay_k=   4.7931p  targ=  25.0219p   trig=  20.2288p
 delay_n=  35.7789p  targ=  95.1023p   trig=  59.3235p
 trise=  98.3413p  targ= 635.4656p   trig= 537.1242p
 tfall=  83.9721p  targ= 116.8938p   trig=  32.9217p
 tpd=  91.1567p
 tpdr=  54.3235p  targ=  59.3235p   trig=   5.0000p
 tpdf=  51.0170p  targ= 566.0170p   trig= 515.0000p
 td_a_w=   5.1833p  targ=  10.1833p   trig=   5.0000p
 td_w_x=  10.0455p  targ=  20.2288p   trig=  10.1833p
 td_x_out=  39.0947p  targ=  59.3235p   trig=  20.2288p
 td_out_n=  35.7789p  targ=  95.1023p   trig=  59.3235p
 total_delay=  54.3235p
 power=   1.0320m  from=   0.             to=   2.0000n

          ***** job concluded
 ******  
 * full combinational circuit for ca2 - advanced vlsi

 ****** job statistics summary tnom=  25.000 temp=  25.000 ******

  ******  Circuit Statistics  ******
  # nodes       =     164 # elements   =      45
  # resistors   =       0 # capacitors =       1 # inductors   =       0
  # mutual_inds =       0 # vccs       =       0 # vcvs        =       0
  # cccs        =       0 # ccvs       =       0 # volt_srcs   =      10
  # curr_srcs   =       0 # diodes     =       0 # bjts        =       0
  # jfets       =       0 # mosfets    =      34 # U elements  =       0
  # T elements  =       0 # W elements =       0 # B elements  =       0
  # S elements  =       0 # P elements =       0 # va device   =       0
  # vector_srcs =       0 # N elements =       0


  ******  Runtime Statistics (seconds)  ******

  analysis           time    # points   tot. iter  conv.iter
  op point           0.00           1          10
  transient          0.01        2001         398         137 rev=         4
  readin             0.00
  errchk             0.00
  setup              0.00
  output             0.00


           peak memory used         67.47 megabytes
           total cpu time            0.02 seconds
           total elapsed time        0.04 seconds
           job started at     14:29:55 05/29/2025
           job ended   at     14:29:55 05/29/2025
  **warning** (ca2.sp:24) Global net name "gnd" in subckt pin list. The pin will be connected to the local net. Recommend to not use global net names in subckt pin lists.
 ******  
 * full combinational circuit for ca2 - advanced vlsi

 ****** circuit name directory
 circuit number to circuit name directory
   number circuitname                     definition         multiplier
        0 main circuit
        1 xnor2_gate.                     nor2               1.00 
        2 xnor_i.                         nor3               1.00 
        3 xnor_x.                         nor3               1.00 
        4 xnand2_j.                       nand2              1.00 
        5 xnand2_out.                     nand2              1.00 
        6 xnand2_k.                       nand2              1.00 
        7 xinv_n1.                        inverter           1.00 
        8 xinv_out2.                      inverter           1.00 
        9 xinv_n.                         inverter           1.00 

**warning** NO.2 tran analysis statement is duplicate, ignored!

**warning** NO.3 tran analysis statement is duplicate, ignored!

**warning** NO.4 tran analysis statement is duplicate, ignored!

**warning** NO.5 tran analysis statement is duplicate, ignored!

**warning** NO.6 tran analysis statement is duplicate, ignored!

**warning** NO.7 tran analysis statement is duplicate, ignored!

**warning** NO.8 tran analysis statement is duplicate, ignored!

**warning** NO.9 tran analysis statement is duplicate, ignored!

**warning** NO.10 tran analysis statement is duplicate, ignored!

**warning** NO.11 tran analysis statement is duplicate, ignored!

**warning** NO.12 tran analysis statement is duplicate, ignored!

**warning** NO.13 tran analysis statement is duplicate, ignored!

**warning** NO.14 tran analysis statement is duplicate, ignored!

**warning** NO.15 tran analysis statement is duplicate, ignored!

**warning** NO.16 tran analysis statement is duplicate, ignored!

**warning** NO.17 tran analysis statement is duplicate, ignored!
 ******  
 * full combinational circuit for ca2 - advanced vlsi

 ****** mos   model parameters tnom=  25.000 temp=  25.000 ******
 Model file: 32nm_bulk.pm.txt
 Model line:            6
 Model Name: nmos  
 BSIM4 Model (Level 54)
    MOBMOD = 0
    BINUNIT = 1
    PARAMCHK = 1
    CAPMOD = 2
    DIOMOD = 1
    RDSMOD = 0
    TRNQSMOD = 0
    ACNQSMOD = 0
    RBODYMOD = 1
    RGATEMOD = 1
    PERMOD = 1
    GEOMOD = 1
    RGEOMOD = 0
    FNOIMOD = 1
    TNOIMOD = 0
    IGCMOD = 1
    IGBMOD = 1
    STIMOD = 0
    VERSION =      4 
    TOXREF = 1.65e-09 
    TOXE = 1.65e-09 
    TOXP =  1e-09 
    TOXM = 1.65e-09 
    DTOX = 6.5e-10 
    EPSROX =    3.9 
    CDSC =      0 
    CDSCB =      0 
    CDSCD =      0 
    CIT =      0 
    NFACTOR =    2.3 
    XJ =  1e-08 
    VSAT = 1.785e+05 
    A0 =      1 
    AGS =      0 
    A1 =      0 
    A2 =      1 
    AT = 3.3e+04 
    KETA =   0.04 
    NSUB =  6e+16 
    NDEP = 4.12e+18 
    NSD =  2e+20 
    NGATE =  2e+20 
    GAMMA1 =      0 
    GAMMA2 =      0 
    VBX =      0 
    VBM =     -3 
    XT = 1.55e-07 
    K1 =    0.4 
    KT1 =  -0.11 
    KT1L =      0 
    KT2 =  0.022 
    K2 =      0 
    K3 =      0 
    K3B =      0 
    LPE0 =      0 
    LPEB =      0 
    DVTP0 =  1e-11 
    DVTP1 =    0.1 
    W0 = 2.5e-06 
    DVT0 =      1 
    DVT1 =      2 
    DVT2 =      0 
    DVT0W =      0 
    DVT1W =      0 
    DVT2W =      0 
    DROUT =    0.5 
    DSUB =    0.1 
    VTH0 = 0.5088 
    EU =   1.67 
    UA =  6e-10 
    UA1 = 4.31e-09 
    UB = 1.2e-18 
    UB1 = 7.61e-18 
    UC =      0 
    UC1 = -5.6e-11 
    U0 = 0.0389 
    UTE =   -1.5 
    VOFF =  -0.13 
    VOFFL =      0 
    MINV =   0.05 
    FPROUT =    0.2 
    PDITS =   0.01 
    PDITSD =   0.23 
    PDITSL = 2.3e+06 
    DELTA =   0.01 
    RDSW =    150 
    RDSWMIN =      0 
    RDWMIN =      0 
    RSWMIN =      0 
    RDW =     75 
    RSW =     75 
    PRWG =      0 
    PRWB =      0 
    PRT =      0 
    ETA0 = 0.0042 
    ETAB =      0 
    PCLM =   0.02 
    PDIBLC1 =  0.001 
    PDIBLC2 =  0.001 
    PDIBLCB = -0.005 
    PSCBE1 = 8.14e+08 
    PSCBE2 =  1e-07 
    PVAG =  1e-20 
    WR =      1 
    DWG =      0 
    DWB =      0 
    XW =      0 
    XWREF =      0 
    XL = -1.4e-08 
    XLREF = -1.4e-08 
    B0 =      0 
    B1 =      0 
    ALPHA0 =  0.074 
    ALPHA1 =  0.005 
    AGIDL = 0.0002 
    BGIDL = 2.1e+09 
    CGIDL = 0.0002 
    PHIN =      0 
    EGIDL =    0.8 
    AIGC =  0.012 
    BIGC = 0.0028 
    CIGC =  0.002 
    AIGSD =  0.012 
    BIGSD = 0.0028 
    CIGSD =  0.002 
    AIGBACC =  0.012 
    BIGBACC = 0.0028 
    CIGBACC =  0.002 
    AIGBINV =  0.014 
    BIGBINV =  0.004 
    CIGBINV =  0.004 
    NIGC =      1 
    NIGBINV =      3 
    NIGBACC =      1 
    NTOX =      1 
    EIGBINV =    1.1 
    PIGCD =      1 
    POXEDGE =      1 
    XRCRG1 =     12 
    TNOIA =    1.5 
    TNOIB =    3.5 
    NTNOI =      1 
    XRCRG2 =      5 
    BETA0 =     30 
    IJTHDFWD =   0.01 
    IJTHSFWD =   0.01 
    IJTHDREV =  0.001 
    IJTHSREV =  0.001 
    XJBVD =      1 
    XJBVS =      1 
    BVD =     10 
    BVS =     10 
    VFB =  -0.55 
    GBMIN =  1e-10 
    RBDB =     15 
    RBPB =      5 
    RBSB =     15 
    RBPS =     15 
    RBPD =     15 
    CGSL = 2.653e-10 
    CGDL = 2.653e-10 
    CKAPPAS =   0.03 
    CKAPPAD =   0.03 
    CF = 1.208e-10 
    CLC =  1e-07 
    CLE =    0.6 
    DWC =  5e-09 
    DLC = 2.7e-09 
    DLCIG = 2.7e-09 
    DWJ =      0 
    VFBCV =     -1 
    ACDE =      1 
    MOIN =     15 
    NOFF =    0.9 
    VOFFCV =   0.02 
    DMCG =      0 
    DMCI =      0 
    DMDG =      0 
    DMCGT =      0 
    XGW =      0 
    XGL =      0 
    RSHG =    0.4 
    NGCON =      1 
    TCJ =  0.001 
    TPB =  0.005 
    TCJSW =  0.001 
    TPBSW =  0.005 
    TCJSWG =  0.001 
    TPBSWG =  0.005 
    SK0 =      0 
    SK1 =      0 
    SK2 =      0 
    SL =  2e-06 
    SW =  2e-06 
    K =      0 
    TNOM =  300.1 
    CGSO = 8.5e-11 
    CGDO = 8.5e-11 
    CGBO = 2.56e-11 
    XPART =      0 
    RSH =      5 
    JSS = 0.0001 
    JSWS =  1e-11 
    JSWGS =  1e-10 
    PBS =      1 
    MJS =    0.5 
    PBSWS =      1 
    MJSWS =   0.33 
    CJS = 0.0005 
    CJSWS =  5e-10 
    NJS =      1 
    PBSWGS =      1 
    MJSWGS =   0.33 
    CJSWGS =  3e-10 
    XTIS =      3 
    JSD = 0.0001 
    JSWD =  1e-11 
    JSWGD =  1e-10 
    PBD =      1 
    MJD =    0.5 
    PBSWD =      1 
    MJSWD =   0.33 
    CJD = 0.0005 
    CJSWD =  5e-10 
    NJD =      1 
    PBSWGD =      1 
    MJSWGD =   0.33 
    CJSWGD =  5e-10 
    XTID =      3 
    LMLT =      1 
    WMLT =      1 
    LINT = 2.7e-09 
    LL =      0 
    LLC =      0 
    LLN =      1 
    LW =      0 
    LWC =      0 
    LWN =      1 
    LWL =      0 
    LWLC =      0 
    LMIN =      0 
    LMAX =      1 
    WINT =  5e-09 
    WL =      0 
    WLC =      0 
    WLN =      1 
    WW =      0 
    WWC =      0 
    WWN =      1 
    WWL =      0 
    WWLC =      0 
    WMIN =      0 
    WMAX =      1 
    NOIA = 6.25e+41 
    NOIB = 3.125e+26 
    NOIC = 8.75e+09 
    EM = 4.1e+07 
    EF =      1 
    AF =      1 
    KF =      0 
    TRS =      0 
    TRD =      0 
 Model file: 32nm_bulk.pm.txt
 Model line:           77
 Model Name: pmos  
 BSIM4 Model (Level 54)
    MOBMOD = 0
    BINUNIT = 1
    PARAMCHK = 1
    CAPMOD = 2
    DIOMOD = 1
    RDSMOD = 0
    TRNQSMOD = 0
    ACNQSMOD = 0
    RBODYMOD = 1
    RGATEMOD = 1
    PERMOD = 1
    GEOMOD = 1
    RGEOMOD = 0
    FNOIMOD = 1
    TNOIMOD = 0
    IGCMOD = 1
    IGBMOD = 1
    STIMOD = 0
    VERSION =      4 
    TOXREF = 1.75e-09 
    TOXE = 1.75e-09 
    TOXP =  1e-09 
    TOXM = 1.75e-09 
    DTOX = 7.5e-10 
    EPSROX =    3.9 
    CDSC =      0 
    CDSCB =      0 
    CDSCD =      0 
    CIT =      0 
    NFACTOR =    2.3 
    XJ =  1e-08 
    VSAT =  7e+04 
    A0 =      1 
    AGS =  1e-20 
    A1 =      0 
    A2 =      1 
    AT = 3.3e+04 
    KETA = -0.047 
    NSUB =  6e+16 
    NDEP = 3.07e+18 
    NSD =  2e+20 
    NGATE =  2e+20 
    GAMMA1 =      0 
    GAMMA2 =      0 
    VBX =      0 
    VBM =     -3 
    XT = 1.55e-07 
    K1 =    0.4 
    KT1 =  -0.11 
    KT1L =      0 
    KT2 =  0.022 
    K2 =  -0.01 
    K3 =      0 
    K3B =      0 
    LPE0 =      0 
    LPEB =      0 
    DVTP0 =  1e-11 
    DVTP1 =   0.05 
    W0 = 2.5e-06 
    DVT0 =      1 
    DVT1 =      2 
    DVT2 = -0.032 
    DVT0W =      0 
    DVT1W =      0 
    DVT2W =      0 
    DROUT =    0.6 
    DSUB =    0.1 
    VTH0 =  -0.45 
    EU =      1 
    UA =  2e-09 
    UA1 = 4.31e-09 
    UB =  5e-19 
    UB1 = 7.61e-18 
    UC =      0 
    UC1 = -5.6e-11 
    U0 = 0.00355 
    UTE =   -1.5 
    VOFF = -0.126 
    VOFFL =      0 
    MINV =   0.05 
    FPROUT =    0.2 
    PDITS =   0.08 
    PDITSD =   0.23 
    PDITSL = 2.3e+06 
    DELTA =   0.01 
    RDSW =    150 
    RDSWMIN =      0 
    RDWMIN =      0 
    RSWMIN =      0 
    RDW =     75 
    RSW =     75 
    PRWG =      0 
    PRWB =      0 
    PRT =      0 
    ETA0 = 0.0042 
    ETAB =      0 
    PCLM =    0.1 
    PDIBLC1 =  0.001 
    PDIBLC2 =  0.001 
    PDIBLCB = 3.4e-08 
    PSCBE1 = 8.14e+08 
    PSCBE2 = 9.58e-07 
    PVAG =  1e-20 
    WR =      1 
    DWG =      0 
    DWB =      0 
    XW =      0 
    XWREF =      0 
    XL = -1.4e-08 
    XLREF = -1.4e-08 
    B0 =      0 
    B1 =      0 
    ALPHA0 =  0.074 
    ALPHA1 =  0.005 
    AGIDL = 0.0002 
    BGIDL = 2.1e+09 
    CGIDL = 0.0002 
    PHIN =      0 
    EGIDL =    0.8 
    AIGC =   0.69 
    BIGC = 0.0012 
    CIGC = 0.0008 
    AIGSD = 0.0087 
    BIGSD = 0.0012 
    CIGSD = 0.0008 
    AIGBACC =  0.012 
    BIGBACC = 0.0028 
    CIGBACC =  0.002 
    AIGBINV =  0.014 
    BIGBINV =  0.004 
    CIGBINV =  0.004 
    NIGC =      1 
    NIGBINV =      3 
    NIGBACC =      1 
    NTOX =      1 
    EIGBINV =    1.1 
    PIGCD =      1 
    POXEDGE =      1 
    XRCRG1 =     12 
    TNOIA =    1.5 
    TNOIB =    3.5 
    NTNOI =      1 
    XRCRG2 =      5 
    BETA0 =     30 
    IJTHDFWD =   0.01 
    IJTHSFWD =   0.01 
    IJTHDREV =  0.001 
    IJTHSREV =  0.001 
    XJBVD =      1 
    XJBVS =      1 
    BVD =     10 
    BVS =     10 
    VFB =   0.55 
    GBMIN =  1e-10 
    RBDB =     15 
    RBPB =      5 
    RBSB =     15 
    RBPS =     15 
    RBPD =     15 
    CGSL = 2.653e-10 
    CGDL = 2.653e-10 
    CKAPPAS =   0.03 
    CKAPPAD =   0.03 
    CF = 1.195e-10 
    CLC =  1e-07 
    CLE =    0.6 
    DWC =  5e-09 
    DLC = 2.7e-09 
    DLCIG = 2.7e-09 
    DWJ =      0 
    VFBCV =     -1 
    ACDE =      1 
    MOIN =     15 
    NOFF =    0.9 
    VOFFCV =   0.02 
    DMCG =      0 
    DMCI =      0 
    DMDG =      0 
    DMCGT =      0 
    XGW =      0 
    XGL =      0 
    RSHG =    0.4 
    NGCON =      1 
    TCJ =  0.001 
    TPB =  0.005 
    TCJSW =  0.001 
    TPBSW =  0.005 
    TCJSWG =  0.001 
    TPBSWG =  0.005 
    SK0 =      0 
    SK1 =      0 
    SK2 =      0 
    SL =  2e-06 
    SW =  2e-06 
    K =      0 
    TNOM =  300.1 
    CGSO = 8.5e-11 
    CGDO = 8.5e-11 
    CGBO = 2.56e-11 
    XPART =      0 
    RSH =      5 
    JSS = 0.0001 
    JSWS =  1e-11 
    JSWGS =  1e-10 
    PBS =      1 
    MJS =    0.5 
    PBSWS =      1 
    MJSWS =   0.33 
    CJS = 0.0005 
    CJSWS =  5e-10 
    NJS =      1 
    PBSWGS =      1 
    MJSWGS =   0.33 
    CJSWGS =  3e-10 
    XTIS =      3 
    JSD = 0.0001 
    JSWD =  1e-11 
    JSWGD =  1e-10 
    PBD =      1 
    MJD =    0.5 
    PBSWD =      1 
    MJSWD =   0.33 
    CJD = 0.0005 
    CJSWD =  5e-10 
    NJD =      1 
    PBSWGD =      1 
    MJSWGD =   0.33 
    CJSWGD =  5e-10 
    XTID =      3 
    LMLT =      1 
    WMLT =      1 
    LINT = 2.7e-09 
    LL =      0 
    LLC =      0 
    LLN =      1 
    LW =      0 
    LWC =      0 
    LWN =      1 
    LWL =      0 
    LWLC =      0 
    LMIN =      0 
    LMAX =      1 
    WINT =  5e-09 
    WL =      0 
    WLC =      0 
    WLN =      1 
    WW =      0 
    WWC =      0 
    WWN =      1 
    WWL =      0 
    WWLC =      0 
    WMIN =      0 
    WMAX =      1 
    NOIA = 6.188e+40 
    NOIB = 1.5e+25 
    NOIC = 8.75e+09 
    EM = 4.1e+07 
    EF =      1 
    AF =      1 
    KF =      0 
    TRS =      0 
    TRD =      0 
  **info** (ca2.sp:19) DC voltage reset to initial transient source value in source 0:vin. new dc=0.0000D+00
  
      
 **info** set option symb=1 internally to help for convergence.
 *****************************************************************
 ******  option summary
 ******
 runlvl  = 3         bypass  = 2.0000    
 **info** dc convergence successful at Newton-Raphson method 
 ******  
 * full combinational circuit for ca2 - advanced vlsi

 ****** operating point information tnom=  25.000 temp=  25.000 ******
 ****** operating point status is voltage   simulation time is     0.     
    node    =voltage      node    =voltage      node    =voltage

 +0:a       =   0.      0:i       =  20.2812m 0:j       =   1.7992 
 +0:k       =   1.7906  0:n       =  52.6956m 0:n1      =  45.3845m
 +0:out     =   1.7906  0:out2    =   1.7813  0:vdd     =   1.8000 
 +0:w       =   1.7709  0:x       =  20.3201m 0:z1      =   0.     
 +0:z2      =   0.      0:z3      =   0.      0:z4      =   0.     
 +0:z5      =   0.      0:z6      =   1.8000  0:z7      =   1.8000 
 +0:z8      =   1.8000  1:net1    =   1.7855  2:net1    =   1.7456 
 +2:net2    =   1.7729  3:net1    =   1.7456  3:net2    =   1.7729 
 +4:net1    =   1.3401  5:net1    =   5.3615m 6:net1    =   5.3621m

 ******
 * full combinational circuit for ca2 - advanced vlsi

 ****** transient analysis tnom=  25.000 temp=  25.000 ******
 delay_w=   5.3851p  targ=  10.3851p   trig=   5.0000p
 delay_i=   6.1623p  targ=  16.5474p   trig=  10.3851p
 delay_x=   9.9594p  targ=  20.3446p   trig=  10.3851p
 delay_j=   4.1527p  targ=  24.4973p   trig=  20.3446p
 delay_out=  39.0760p  targ=  59.4205p   trig=  20.3446p
 delay_k=   4.6867p  targ=  25.0312p   trig=  20.3446p
 delay_n=  35.7930p  targ=  95.2135p   trig=  59.4205p
 trise=  98.3965p  targ= 635.8436p   trig= 537.4472p
 tfall=  84.2051p  targ= 117.2171p   trig=  33.0120p
 tpd=  91.3008p
 tpdr=  54.4205p  targ=  59.4205p   trig=   5.0000p
 tpdf=  51.4097p  targ= 566.4097p   trig= 515.0000p
 td_a_w=   5.3851p  targ=  10.3851p   trig=   5.0000p
 td_w_x=   9.9594p  targ=  20.3446p   trig=  10.3851p
 td_x_out=  39.0760p  targ=  59.4205p   trig=  20.3446p
 td_out_n=  35.7930p  targ=  95.2135p   trig=  59.4205p
 total_delay=  54.4205p
 power=   1.0473m  from=   0.             to=   2.0000n

          ***** job concluded
 ******  
 * full combinational circuit for ca2 - advanced vlsi

 ****** job statistics summary tnom=  25.000 temp=  25.000 ******

  ******  Circuit Statistics  ******
  # nodes       =     164 # elements   =      45
  # resistors   =       0 # capacitors =       1 # inductors   =       0
  # mutual_inds =       0 # vccs       =       0 # vcvs        =       0
  # cccs        =       0 # ccvs       =       0 # volt_srcs   =      10
  # curr_srcs   =       0 # diodes     =       0 # bjts        =       0
  # jfets       =       0 # mosfets    =      34 # U elements  =       0
  # T elements  =       0 # W elements =       0 # B elements  =       0
  # S elements  =       0 # P elements =       0 # va device   =       0
  # vector_srcs =       0 # N elements =       0


  ******  Runtime Statistics (seconds)  ******

  analysis           time    # points   tot. iter  conv.iter
  op point           0.00           1          10
  transient          0.01        2001         386         133 rev=         3
  readin             0.00
  errchk             0.00
  setup              0.00
  output             0.00


           peak memory used         67.47 megabytes
           total cpu time            0.02 seconds
           total elapsed time        0.03 seconds
           job started at     14:29:55 05/29/2025
           job ended   at     14:29:55 05/29/2025
  **warning** (ca2.sp:24) Global net name "gnd" in subckt pin list. The pin will be connected to the local net. Recommend to not use global net names in subckt pin lists.
 ******  
 * full combinational circuit for ca2 - advanced vlsi

 ****** circuit name directory
 circuit number to circuit name directory
   number circuitname                     definition         multiplier
        0 main circuit
        1 xnor2_gate.                     nor2               1.00 
        2 xnor_i.                         nor3               1.00 
        3 xnor_x.                         nor3               1.00 
        4 xnand2_j.                       nand2              1.00 
        5 xnand2_out.                     nand2              1.00 
        6 xnand2_k.                       nand2              1.00 
        7 xinv_n1.                        inverter           1.00 
        8 xinv_out2.                      inverter           1.00 
        9 xinv_n.                         inverter           1.00 

**warning** NO.2 tran analysis statement is duplicate, ignored!

**warning** NO.3 tran analysis statement is duplicate, ignored!

**warning** NO.4 tran analysis statement is duplicate, ignored!

**warning** NO.5 tran analysis statement is duplicate, ignored!

**warning** NO.6 tran analysis statement is duplicate, ignored!

**warning** NO.7 tran analysis statement is duplicate, ignored!

**warning** NO.8 tran analysis statement is duplicate, ignored!

**warning** NO.9 tran analysis statement is duplicate, ignored!

**warning** NO.10 tran analysis statement is duplicate, ignored!

**warning** NO.11 tran analysis statement is duplicate, ignored!

**warning** NO.12 tran analysis statement is duplicate, ignored!

**warning** NO.13 tran analysis statement is duplicate, ignored!

**warning** NO.14 tran analysis statement is duplicate, ignored!

**warning** NO.15 tran analysis statement is duplicate, ignored!

**warning** NO.16 tran analysis statement is duplicate, ignored!

**warning** NO.17 tran analysis statement is duplicate, ignored!

**warning** NO.18 tran analysis statement is duplicate, ignored!
 ******  
 * full combinational circuit for ca2 - advanced vlsi

 ****** mos   model parameters tnom=  25.000 temp=  25.000 ******
 Model file: 32nm_bulk.pm.txt
 Model line:            6
 Model Name: nmos  
 BSIM4 Model (Level 54)
    MOBMOD = 0
    BINUNIT = 1
    PARAMCHK = 1
    CAPMOD = 2
    DIOMOD = 1
    RDSMOD = 0
    TRNQSMOD = 0
    ACNQSMOD = 0
    RBODYMOD = 1
    RGATEMOD = 1
    PERMOD = 1
    GEOMOD = 1
    RGEOMOD = 0
    FNOIMOD = 1
    TNOIMOD = 0
    IGCMOD = 1
    IGBMOD = 1
    STIMOD = 0
    VERSION =      4 
    TOXREF = 1.65e-09 
    TOXE = 1.65e-09 
    TOXP =  1e-09 
    TOXM = 1.65e-09 
    DTOX = 6.5e-10 
    EPSROX =    3.9 
    CDSC =      0 
    CDSCB =      0 
    CDSCD =      0 
    CIT =      0 
    NFACTOR =    2.3 
    XJ =  1e-08 
    VSAT = 1.785e+05 
    A0 =      1 
    AGS =      0 
    A1 =      0 
    A2 =      1 
    AT = 3.3e+04 
    KETA =   0.04 
    NSUB =  6e+16 
    NDEP = 4.12e+18 
    NSD =  2e+20 
    NGATE =  2e+20 
    GAMMA1 =      0 
    GAMMA2 =      0 
    VBX =      0 
    VBM =     -3 
    XT = 1.55e-07 
    K1 =    0.4 
    KT1 =  -0.11 
    KT1L =      0 
    KT2 =  0.022 
    K2 =      0 
    K3 =      0 
    K3B =      0 
    LPE0 =      0 
    LPEB =      0 
    DVTP0 =  1e-11 
    DVTP1 =    0.1 
    W0 = 2.5e-06 
    DVT0 =      1 
    DVT1 =      2 
    DVT2 =      0 
    DVT0W =      0 
    DVT1W =      0 
    DVT2W =      0 
    DROUT =    0.5 
    DSUB =    0.1 
    VTH0 = 0.5088 
    EU =   1.67 
    UA =  6e-10 
    UA1 = 4.31e-09 
    UB = 1.2e-18 
    UB1 = 7.61e-18 
    UC =      0 
    UC1 = -5.6e-11 
    U0 = 0.0389 
    UTE =   -1.5 
    VOFF =  -0.13 
    VOFFL =      0 
    MINV =   0.05 
    FPROUT =    0.2 
    PDITS =   0.01 
    PDITSD =   0.23 
    PDITSL = 2.3e+06 
    DELTA =   0.01 
    RDSW =    150 
    RDSWMIN =      0 
    RDWMIN =      0 
    RSWMIN =      0 
    RDW =     75 
    RSW =     75 
    PRWG =      0 
    PRWB =      0 
    PRT =      0 
    ETA0 = 0.0042 
    ETAB =      0 
    PCLM =   0.02 
    PDIBLC1 =  0.001 
    PDIBLC2 =  0.001 
    PDIBLCB = -0.005 
    PSCBE1 = 8.14e+08 
    PSCBE2 =  1e-07 
    PVAG =  1e-20 
    WR =      1 
    DWG =      0 
    DWB =      0 
    XW =      0 
    XWREF =      0 
    XL = -1.4e-08 
    XLREF = -1.4e-08 
    B0 =      0 
    B1 =      0 
    ALPHA0 =  0.074 
    ALPHA1 =  0.005 
    AGIDL = 0.0002 
    BGIDL = 2.1e+09 
    CGIDL = 0.0002 
    PHIN =      0 
    EGIDL =    0.8 
    AIGC =  0.012 
    BIGC = 0.0028 
    CIGC =  0.002 
    AIGSD =  0.012 
    BIGSD = 0.0028 
    CIGSD =  0.002 
    AIGBACC =  0.012 
    BIGBACC = 0.0028 
    CIGBACC =  0.002 
    AIGBINV =  0.014 
    BIGBINV =  0.004 
    CIGBINV =  0.004 
    NIGC =      1 
    NIGBINV =      3 
    NIGBACC =      1 
    NTOX =      1 
    EIGBINV =    1.1 
    PIGCD =      1 
    POXEDGE =      1 
    XRCRG1 =     12 
    TNOIA =    1.5 
    TNOIB =    3.5 
    NTNOI =      1 
    XRCRG2 =      5 
    BETA0 =     30 
    IJTHDFWD =   0.01 
    IJTHSFWD =   0.01 
    IJTHDREV =  0.001 
    IJTHSREV =  0.001 
    XJBVD =      1 
    XJBVS =      1 
    BVD =     10 
    BVS =     10 
    VFB =  -0.55 
    GBMIN =  1e-10 
    RBDB =     15 
    RBPB =      5 
    RBSB =     15 
    RBPS =     15 
    RBPD =     15 
    CGSL = 2.653e-10 
    CGDL = 2.653e-10 
    CKAPPAS =   0.03 
    CKAPPAD =   0.03 
    CF = 1.208e-10 
    CLC =  1e-07 
    CLE =    0.6 
    DWC =  5e-09 
    DLC = 2.7e-09 
    DLCIG = 2.7e-09 
    DWJ =      0 
    VFBCV =     -1 
    ACDE =      1 
    MOIN =     15 
    NOFF =    0.9 
    VOFFCV =   0.02 
    DMCG =      0 
    DMCI =      0 
    DMDG =      0 
    DMCGT =      0 
    XGW =      0 
    XGL =      0 
    RSHG =    0.4 
    NGCON =      1 
    TCJ =  0.001 
    TPB =  0.005 
    TCJSW =  0.001 
    TPBSW =  0.005 
    TCJSWG =  0.001 
    TPBSWG =  0.005 
    SK0 =      0 
    SK1 =      0 
    SK2 =      0 
    SL =  2e-06 
    SW =  2e-06 
    K =      0 
    TNOM =  300.1 
    CGSO = 8.5e-11 
    CGDO = 8.5e-11 
    CGBO = 2.56e-11 
    XPART =      0 
    RSH =      5 
    JSS = 0.0001 
    JSWS =  1e-11 
    JSWGS =  1e-10 
    PBS =      1 
    MJS =    0.5 
    PBSWS =      1 
    MJSWS =   0.33 
    CJS = 0.0005 
    CJSWS =  5e-10 
    NJS =      1 
    PBSWGS =      1 
    MJSWGS =   0.33 
    CJSWGS =  3e-10 
    XTIS =      3 
    JSD = 0.0001 
    JSWD =  1e-11 
    JSWGD =  1e-10 
    PBD =      1 
    MJD =    0.5 
    PBSWD =      1 
    MJSWD =   0.33 
    CJD = 0.0005 
    CJSWD =  5e-10 
    NJD =      1 
    PBSWGD =      1 
    MJSWGD =   0.33 
    CJSWGD =  5e-10 
    XTID =      3 
    LMLT =      1 
    WMLT =      1 
    LINT = 2.7e-09 
    LL =      0 
    LLC =      0 
    LLN =      1 
    LW =      0 
    LWC =      0 
    LWN =      1 
    LWL =      0 
    LWLC =      0 
    LMIN =      0 
    LMAX =      1 
    WINT =  5e-09 
    WL =      0 
    WLC =      0 
    WLN =      1 
    WW =      0 
    WWC =      0 
    WWN =      1 
    WWL =      0 
    WWLC =      0 
    WMIN =      0 
    WMAX =      1 
    NOIA = 6.25e+41 
    NOIB = 3.125e+26 
    NOIC = 8.75e+09 
    EM = 4.1e+07 
    EF =      1 
    AF =      1 
    KF =      0 
    TRS =      0 
    TRD =      0 
 Model file: 32nm_bulk.pm.txt
 Model line:           77
 Model Name: pmos  
 BSIM4 Model (Level 54)
    MOBMOD = 0
    BINUNIT = 1
    PARAMCHK = 1
    CAPMOD = 2
    DIOMOD = 1
    RDSMOD = 0
    TRNQSMOD = 0
    ACNQSMOD = 0
    RBODYMOD = 1
    RGATEMOD = 1
    PERMOD = 1
    GEOMOD = 1
    RGEOMOD = 0
    FNOIMOD = 1
    TNOIMOD = 0
    IGCMOD = 1
    IGBMOD = 1
    STIMOD = 0
    VERSION =      4 
    TOXREF = 1.75e-09 
    TOXE = 1.75e-09 
    TOXP =  1e-09 
    TOXM = 1.75e-09 
    DTOX = 7.5e-10 
    EPSROX =    3.9 
    CDSC =      0 
    CDSCB =      0 
    CDSCD =      0 
    CIT =      0 
    NFACTOR =    2.3 
    XJ =  1e-08 
    VSAT =  7e+04 
    A0 =      1 
    AGS =  1e-20 
    A1 =      0 
    A2 =      1 
    AT = 3.3e+04 
    KETA = -0.047 
    NSUB =  6e+16 
    NDEP = 3.07e+18 
    NSD =  2e+20 
    NGATE =  2e+20 
    GAMMA1 =      0 
    GAMMA2 =      0 
    VBX =      0 
    VBM =     -3 
    XT = 1.55e-07 
    K1 =    0.4 
    KT1 =  -0.11 
    KT1L =      0 
    KT2 =  0.022 
    K2 =  -0.01 
    K3 =      0 
    K3B =      0 
    LPE0 =      0 
    LPEB =      0 
    DVTP0 =  1e-11 
    DVTP1 =   0.05 
    W0 = 2.5e-06 
    DVT0 =      1 
    DVT1 =      2 
    DVT2 = -0.032 
    DVT0W =      0 
    DVT1W =      0 
    DVT2W =      0 
    DROUT =    0.6 
    DSUB =    0.1 
    VTH0 =  -0.45 
    EU =      1 
    UA =  2e-09 
    UA1 = 4.31e-09 
    UB =  5e-19 
    UB1 = 7.61e-18 
    UC =      0 
    UC1 = -5.6e-11 
    U0 = 0.00355 
    UTE =   -1.5 
    VOFF = -0.126 
    VOFFL =      0 
    MINV =   0.05 
    FPROUT =    0.2 
    PDITS =   0.08 
    PDITSD =   0.23 
    PDITSL = 2.3e+06 
    DELTA =   0.01 
    RDSW =    150 
    RDSWMIN =      0 
    RDWMIN =      0 
    RSWMIN =      0 
    RDW =     75 
    RSW =     75 
    PRWG =      0 
    PRWB =      0 
    PRT =      0 
    ETA0 = 0.0042 
    ETAB =      0 
    PCLM =    0.1 
    PDIBLC1 =  0.001 
    PDIBLC2 =  0.001 
    PDIBLCB = 3.4e-08 
    PSCBE1 = 8.14e+08 
    PSCBE2 = 9.58e-07 
    PVAG =  1e-20 
    WR =      1 
    DWG =      0 
    DWB =      0 
    XW =      0 
    XWREF =      0 
    XL = -1.4e-08 
    XLREF = -1.4e-08 
    B0 =      0 
    B1 =      0 
    ALPHA0 =  0.074 
    ALPHA1 =  0.005 
    AGIDL = 0.0002 
    BGIDL = 2.1e+09 
    CGIDL = 0.0002 
    PHIN =      0 
    EGIDL =    0.8 
    AIGC =   0.69 
    BIGC = 0.0012 
    CIGC = 0.0008 
    AIGSD = 0.0087 
    BIGSD = 0.0012 
    CIGSD = 0.0008 
    AIGBACC =  0.012 
    BIGBACC = 0.0028 
    CIGBACC =  0.002 
    AIGBINV =  0.014 
    BIGBINV =  0.004 
    CIGBINV =  0.004 
    NIGC =      1 
    NIGBINV =      3 
    NIGBACC =      1 
    NTOX =      1 
    EIGBINV =    1.1 
    PIGCD =      1 
    POXEDGE =      1 
    XRCRG1 =     12 
    TNOIA =    1.5 
    TNOIB =    3.5 
    NTNOI =      1 
    XRCRG2 =      5 
    BETA0 =     30 
    IJTHDFWD =   0.01 
    IJTHSFWD =   0.01 
    IJTHDREV =  0.001 
    IJTHSREV =  0.001 
    XJBVD =      1 
    XJBVS =      1 
    BVD =     10 
    BVS =     10 
    VFB =   0.55 
    GBMIN =  1e-10 
    RBDB =     15 
    RBPB =      5 
    RBSB =     15 
    RBPS =     15 
    RBPD =     15 
    CGSL = 2.653e-10 
    CGDL = 2.653e-10 
    CKAPPAS =   0.03 
    CKAPPAD =   0.03 
    CF = 1.195e-10 
    CLC =  1e-07 
    CLE =    0.6 
    DWC =  5e-09 
    DLC = 2.7e-09 
    DLCIG = 2.7e-09 
    DWJ =      0 
    VFBCV =     -1 
    ACDE =      1 
    MOIN =     15 
    NOFF =    0.9 
    VOFFCV =   0.02 
    DMCG =      0 
    DMCI =      0 
    DMDG =      0 
    DMCGT =      0 
    XGW =      0 
    XGL =      0 
    RSHG =    0.4 
    NGCON =      1 
    TCJ =  0.001 
    TPB =  0.005 
    TCJSW =  0.001 
    TPBSW =  0.005 
    TCJSWG =  0.001 
    TPBSWG =  0.005 
    SK0 =      0 
    SK1 =      0 
    SK2 =      0 
    SL =  2e-06 
    SW =  2e-06 
    K =      0 
    TNOM =  300.1 
    CGSO = 8.5e-11 
    CGDO = 8.5e-11 
    CGBO = 2.56e-11 
    XPART =      0 
    RSH =      5 
    JSS = 0.0001 
    JSWS =  1e-11 
    JSWGS =  1e-10 
    PBS =      1 
    MJS =    0.5 
    PBSWS =      1 
    MJSWS =   0.33 
    CJS = 0.0005 
    CJSWS =  5e-10 
    NJS =      1 
    PBSWGS =      1 
    MJSWGS =   0.33 
    CJSWGS =  3e-10 
    XTIS =      3 
    JSD = 0.0001 
    JSWD =  1e-11 
    JSWGD =  1e-10 
    PBD =      1 
    MJD =    0.5 
    PBSWD =      1 
    MJSWD =   0.33 
    CJD = 0.0005 
    CJSWD =  5e-10 
    NJD =      1 
    PBSWGD =      1 
    MJSWGD =   0.33 
    CJSWGD =  5e-10 
    XTID =      3 
    LMLT =      1 
    WMLT =      1 
    LINT = 2.7e-09 
    LL =      0 
    LLC =      0 
    LLN =      1 
    LW =      0 
    LWC =      0 
    LWN =      1 
    LWL =      0 
    LWLC =      0 
    LMIN =      0 
    LMAX =      1 
    WINT =  5e-09 
    WL =      0 
    WLC =      0 
    WLN =      1 
    WW =      0 
    WWC =      0 
    WWN =      1 
    WWL =      0 
    WWLC =      0 
    WMIN =      0 
    WMAX =      1 
    NOIA = 6.188e+40 
    NOIB = 1.5e+25 
    NOIC = 8.75e+09 
    EM = 4.1e+07 
    EF =      1 
    AF =      1 
    KF =      0 
    TRS =      0 
    TRD =      0 
  **info** (ca2.sp:19) DC voltage reset to initial transient source value in source 0:vin. new dc=0.0000D+00
  
      
 **info** set option symb=1 internally to help for convergence.
 *****************************************************************
 ******  option summary
 ******
 runlvl  = 3         bypass  = 2.0000    
 **info** dc convergence successful at Newton-Raphson method 
 ******  
 * full combinational circuit for ca2 - advanced vlsi

 ****** operating point information tnom=  25.000 temp=  25.000 ******
 ****** operating point status is voltage   simulation time is     0.     
    node    =voltage      node    =voltage      node    =voltage

 +0:a       =   0.      0:i       =  20.2992m 0:j       =   1.7992 
 +0:k       =   1.7906  0:n       =  52.6957m 0:n1      =  45.3854m
 +0:out     =   1.7906  0:out2    =   1.7813  0:vdd     =   1.8000 
 +0:w       =   1.7708  0:x       =  20.3358m 0:z1      =   0.     
 +0:z2      =   0.      0:z3      =   0.      0:z4      =   0.     
 +0:z5      =   0.      0:z6      =   1.8000  0:z7      =   1.8000 
 +0:z8      =   1.8000  1:net1    =   1.7854  2:net1    =   1.7455 
 +2:net2    =   1.7729  3:net1    =   1.7455  3:net2    =   1.7729 
 +4:net1    =   1.3401  5:net1    =   5.3627m 6:net1    =   5.3633m

 ******
 * full combinational circuit for ca2 - advanced vlsi

 ****** transient analysis tnom=  25.000 temp=  25.000 ******
 delay_w=   5.5866p  targ=  10.5866p   trig=   5.0000p
 delay_i=   6.3517p  targ=  16.9383p   trig=  10.5866p
 delay_x=   9.9118p  targ=  20.4984p   trig=  10.5866p
 delay_j=   4.1044p  targ=  24.6028p   trig=  20.4984p
 delay_out=  39.0715p  targ=  59.5700p   trig=  20.4984p
 delay_k=   4.5782p  targ=  25.0766p   trig=  20.4984p
 delay_n=  35.8087p  targ=  95.3787p   trig=  59.5700p
 trise=  97.8947p  targ= 636.2032p   trig= 538.3086p
 tfall=  84.3788p  targ= 117.5206p   trig=  33.1418p
 tpd=  91.1367p
 tpdr=  54.5700p  targ=  59.5700p   trig=   5.0000p
 tpdf=  52.4409p  targ= 567.4409p   trig= 515.0000p
 td_a_w=   5.5866p  targ=  10.5866p   trig=   5.0000p
 td_w_x=   9.9118p  targ=  20.4984p   trig=  10.5866p
 td_x_out=  39.0715p  targ=  59.5700p   trig=  20.4984p
 td_out_n=  35.8087p  targ=  95.3787p   trig=  59.5700p
 total_delay=  54.5700p
 power=   1.0628m  from=   0.             to=   2.0000n

          ***** job concluded
 ******  
 * full combinational circuit for ca2 - advanced vlsi

 ****** job statistics summary tnom=  25.000 temp=  25.000 ******

  ******  Circuit Statistics  ******
  # nodes       =     164 # elements   =      45
  # resistors   =       0 # capacitors =       1 # inductors   =       0
  # mutual_inds =       0 # vccs       =       0 # vcvs        =       0
  # cccs        =       0 # ccvs       =       0 # volt_srcs   =      10
  # curr_srcs   =       0 # diodes     =       0 # bjts        =       0
  # jfets       =       0 # mosfets    =      34 # U elements  =       0
  # T elements  =       0 # W elements =       0 # B elements  =       0
  # S elements  =       0 # P elements =       0 # va device   =       0
  # vector_srcs =       0 # N elements =       0


  ******  Runtime Statistics (seconds)  ******

  analysis           time    # points   tot. iter  conv.iter
  op point           0.00           1          10
  transient          0.01        2001         412         141 rev=         6
  readin             0.00
  errchk             0.00
  setup              0.00
  output             0.00


           peak memory used         67.47 megabytes
           total cpu time            0.02 seconds
           total elapsed time        0.03 seconds
           job started at     14:29:55 05/29/2025
           job ended   at     14:29:56 05/29/2025
  **warning** (ca2.sp:24) Global net name "gnd" in subckt pin list. The pin will be connected to the local net. Recommend to not use global net names in subckt pin lists.
 ******  
 * full combinational circuit for ca2 - advanced vlsi

 ****** circuit name directory
 circuit number to circuit name directory
   number circuitname                     definition         multiplier
        0 main circuit
        1 xnor2_gate.                     nor2               1.00 
        2 xnor_i.                         nor3               1.00 
        3 xnor_x.                         nor3               1.00 
        4 xnand2_j.                       nand2              1.00 
        5 xnand2_out.                     nand2              1.00 
        6 xnand2_k.                       nand2              1.00 
        7 xinv_n1.                        inverter           1.00 
        8 xinv_out2.                      inverter           1.00 
        9 xinv_n.                         inverter           1.00 

**warning** NO.2 tran analysis statement is duplicate, ignored!

**warning** NO.3 tran analysis statement is duplicate, ignored!

**warning** NO.4 tran analysis statement is duplicate, ignored!

**warning** NO.5 tran analysis statement is duplicate, ignored!

**warning** NO.6 tran analysis statement is duplicate, ignored!

**warning** NO.7 tran analysis statement is duplicate, ignored!

**warning** NO.8 tran analysis statement is duplicate, ignored!

**warning** NO.9 tran analysis statement is duplicate, ignored!

**warning** NO.10 tran analysis statement is duplicate, ignored!

**warning** NO.11 tran analysis statement is duplicate, ignored!

**warning** NO.12 tran analysis statement is duplicate, ignored!

**warning** NO.13 tran analysis statement is duplicate, ignored!

**warning** NO.14 tran analysis statement is duplicate, ignored!

**warning** NO.15 tran analysis statement is duplicate, ignored!

**warning** NO.16 tran analysis statement is duplicate, ignored!

**warning** NO.17 tran analysis statement is duplicate, ignored!

**warning** NO.18 tran analysis statement is duplicate, ignored!

**warning** NO.19 tran analysis statement is duplicate, ignored!
 ******  
 * full combinational circuit for ca2 - advanced vlsi

 ****** mos   model parameters tnom=  25.000 temp=  25.000 ******
 Model file: 32nm_bulk.pm.txt
 Model line:            6
 Model Name: nmos  
 BSIM4 Model (Level 54)
    MOBMOD = 0
    BINUNIT = 1
    PARAMCHK = 1
    CAPMOD = 2
    DIOMOD = 1
    RDSMOD = 0
    TRNQSMOD = 0
    ACNQSMOD = 0
    RBODYMOD = 1
    RGATEMOD = 1
    PERMOD = 1
    GEOMOD = 1
    RGEOMOD = 0
    FNOIMOD = 1
    TNOIMOD = 0
    IGCMOD = 1
    IGBMOD = 1
    STIMOD = 0
    VERSION =      4 
    TOXREF = 1.65e-09 
    TOXE = 1.65e-09 
    TOXP =  1e-09 
    TOXM = 1.65e-09 
    DTOX = 6.5e-10 
    EPSROX =    3.9 
    CDSC =      0 
    CDSCB =      0 
    CDSCD =      0 
    CIT =      0 
    NFACTOR =    2.3 
    XJ =  1e-08 
    VSAT = 1.785e+05 
    A0 =      1 
    AGS =      0 
    A1 =      0 
    A2 =      1 
    AT = 3.3e+04 
    KETA =   0.04 
    NSUB =  6e+16 
    NDEP = 4.12e+18 
    NSD =  2e+20 
    NGATE =  2e+20 
    GAMMA1 =      0 
    GAMMA2 =      0 
    VBX =      0 
    VBM =     -3 
    XT = 1.55e-07 
    K1 =    0.4 
    KT1 =  -0.11 
    KT1L =      0 
    KT2 =  0.022 
    K2 =      0 
    K3 =      0 
    K3B =      0 
    LPE0 =      0 
    LPEB =      0 
    DVTP0 =  1e-11 
    DVTP1 =    0.1 
    W0 = 2.5e-06 
    DVT0 =      1 
    DVT1 =      2 
    DVT2 =      0 
    DVT0W =      0 
    DVT1W =      0 
    DVT2W =      0 
    DROUT =    0.5 
    DSUB =    0.1 
    VTH0 = 0.5088 
    EU =   1.67 
    UA =  6e-10 
    UA1 = 4.31e-09 
    UB = 1.2e-18 
    UB1 = 7.61e-18 
    UC =      0 
    UC1 = -5.6e-11 
    U0 = 0.0389 
    UTE =   -1.5 
    VOFF =  -0.13 
    VOFFL =      0 
    MINV =   0.05 
    FPROUT =    0.2 
    PDITS =   0.01 
    PDITSD =   0.23 
    PDITSL = 2.3e+06 
    DELTA =   0.01 
    RDSW =    150 
    RDSWMIN =      0 
    RDWMIN =      0 
    RSWMIN =      0 
    RDW =     75 
    RSW =     75 
    PRWG =      0 
    PRWB =      0 
    PRT =      0 
    ETA0 = 0.0042 
    ETAB =      0 
    PCLM =   0.02 
    PDIBLC1 =  0.001 
    PDIBLC2 =  0.001 
    PDIBLCB = -0.005 
    PSCBE1 = 8.14e+08 
    PSCBE2 =  1e-07 
    PVAG =  1e-20 
    WR =      1 
    DWG =      0 
    DWB =      0 
    XW =      0 
    XWREF =      0 
    XL = -1.4e-08 
    XLREF = -1.4e-08 
    B0 =      0 
    B1 =      0 
    ALPHA0 =  0.074 
    ALPHA1 =  0.005 
    AGIDL = 0.0002 
    BGIDL = 2.1e+09 
    CGIDL = 0.0002 
    PHIN =      0 
    EGIDL =    0.8 
    AIGC =  0.012 
    BIGC = 0.0028 
    CIGC =  0.002 
    AIGSD =  0.012 
    BIGSD = 0.0028 
    CIGSD =  0.002 
    AIGBACC =  0.012 
    BIGBACC = 0.0028 
    CIGBACC =  0.002 
    AIGBINV =  0.014 
    BIGBINV =  0.004 
    CIGBINV =  0.004 
    NIGC =      1 
    NIGBINV =      3 
    NIGBACC =      1 
    NTOX =      1 
    EIGBINV =    1.1 
    PIGCD =      1 
    POXEDGE =      1 
    XRCRG1 =     12 
    TNOIA =    1.5 
    TNOIB =    3.5 
    NTNOI =      1 
    XRCRG2 =      5 
    BETA0 =     30 
    IJTHDFWD =   0.01 
    IJTHSFWD =   0.01 
    IJTHDREV =  0.001 
    IJTHSREV =  0.001 
    XJBVD =      1 
    XJBVS =      1 
    BVD =     10 
    BVS =     10 
    VFB =  -0.55 
    GBMIN =  1e-10 
    RBDB =     15 
    RBPB =      5 
    RBSB =     15 
    RBPS =     15 
    RBPD =     15 
    CGSL = 2.653e-10 
    CGDL = 2.653e-10 
    CKAPPAS =   0.03 
    CKAPPAD =   0.03 
    CF = 1.208e-10 
    CLC =  1e-07 
    CLE =    0.6 
    DWC =  5e-09 
    DLC = 2.7e-09 
    DLCIG = 2.7e-09 
    DWJ =      0 
    VFBCV =     -1 
    ACDE =      1 
    MOIN =     15 
    NOFF =    0.9 
    VOFFCV =   0.02 
    DMCG =      0 
    DMCI =      0 
    DMDG =      0 
    DMCGT =      0 
    XGW =      0 
    XGL =      0 
    RSHG =    0.4 
    NGCON =      1 
    TCJ =  0.001 
    TPB =  0.005 
    TCJSW =  0.001 
    TPBSW =  0.005 
    TCJSWG =  0.001 
    TPBSWG =  0.005 
    SK0 =      0 
    SK1 =      0 
    SK2 =      0 
    SL =  2e-06 
    SW =  2e-06 
    K =      0 
    TNOM =  300.1 
    CGSO = 8.5e-11 
    CGDO = 8.5e-11 
    CGBO = 2.56e-11 
    XPART =      0 
    RSH =      5 
    JSS = 0.0001 
    JSWS =  1e-11 
    JSWGS =  1e-10 
    PBS =      1 
    MJS =    0.5 
    PBSWS =      1 
    MJSWS =   0.33 
    CJS = 0.0005 
    CJSWS =  5e-10 
    NJS =      1 
    PBSWGS =      1 
    MJSWGS =   0.33 
    CJSWGS =  3e-10 
    XTIS =      3 
    JSD = 0.0001 
    JSWD =  1e-11 
    JSWGD =  1e-10 
    PBD =      1 
    MJD =    0.5 
    PBSWD =      1 
    MJSWD =   0.33 
    CJD = 0.0005 
    CJSWD =  5e-10 
    NJD =      1 
    PBSWGD =      1 
    MJSWGD =   0.33 
    CJSWGD =  5e-10 
    XTID =      3 
    LMLT =      1 
    WMLT =      1 
    LINT = 2.7e-09 
    LL =      0 
    LLC =      0 
    LLN =      1 
    LW =      0 
    LWC =      0 
    LWN =      1 
    LWL =      0 
    LWLC =      0 
    LMIN =      0 
    LMAX =      1 
    WINT =  5e-09 
    WL =      0 
    WLC =      0 
    WLN =      1 
    WW =      0 
    WWC =      0 
    WWN =      1 
    WWL =      0 
    WWLC =      0 
    WMIN =      0 
    WMAX =      1 
    NOIA = 6.25e+41 
    NOIB = 3.125e+26 
    NOIC = 8.75e+09 
    EM = 4.1e+07 
    EF =      1 
    AF =      1 
    KF =      0 
    TRS =      0 
    TRD =      0 
 Model file: 32nm_bulk.pm.txt
 Model line:           77
 Model Name: pmos  
 BSIM4 Model (Level 54)
    MOBMOD = 0
    BINUNIT = 1
    PARAMCHK = 1
    CAPMOD = 2
    DIOMOD = 1
    RDSMOD = 0
    TRNQSMOD = 0
    ACNQSMOD = 0
    RBODYMOD = 1
    RGATEMOD = 1
    PERMOD = 1
    GEOMOD = 1
    RGEOMOD = 0
    FNOIMOD = 1
    TNOIMOD = 0
    IGCMOD = 1
    IGBMOD = 1
    STIMOD = 0
    VERSION =      4 
    TOXREF = 1.75e-09 
    TOXE = 1.75e-09 
    TOXP =  1e-09 
    TOXM = 1.75e-09 
    DTOX = 7.5e-10 
    EPSROX =    3.9 
    CDSC =      0 
    CDSCB =      0 
    CDSCD =      0 
    CIT =      0 
    NFACTOR =    2.3 
    XJ =  1e-08 
    VSAT =  7e+04 
    A0 =      1 
    AGS =  1e-20 
    A1 =      0 
    A2 =      1 
    AT = 3.3e+04 
    KETA = -0.047 
    NSUB =  6e+16 
    NDEP = 3.07e+18 
    NSD =  2e+20 
    NGATE =  2e+20 
    GAMMA1 =      0 
    GAMMA2 =      0 
    VBX =      0 
    VBM =     -3 
    XT = 1.55e-07 
    K1 =    0.4 
    KT1 =  -0.11 
    KT1L =      0 
    KT2 =  0.022 
    K2 =  -0.01 
    K3 =      0 
    K3B =      0 
    LPE0 =      0 
    LPEB =      0 
    DVTP0 =  1e-11 
    DVTP1 =   0.05 
    W0 = 2.5e-06 
    DVT0 =      1 
    DVT1 =      2 
    DVT2 = -0.032 
    DVT0W =      0 
    DVT1W =      0 
    DVT2W =      0 
    DROUT =    0.6 
    DSUB =    0.1 
    VTH0 =  -0.45 
    EU =      1 
    UA =  2e-09 
    UA1 = 4.31e-09 
    UB =  5e-19 
    UB1 = 7.61e-18 
    UC =      0 
    UC1 = -5.6e-11 
    U0 = 0.00355 
    UTE =   -1.5 
    VOFF = -0.126 
    VOFFL =      0 
    MINV =   0.05 
    FPROUT =    0.2 
    PDITS =   0.08 
    PDITSD =   0.23 
    PDITSL = 2.3e+06 
    DELTA =   0.01 
    RDSW =    150 
    RDSWMIN =      0 
    RDWMIN =      0 
    RSWMIN =      0 
    RDW =     75 
    RSW =     75 
    PRWG =      0 
    PRWB =      0 
    PRT =      0 
    ETA0 = 0.0042 
    ETAB =      0 
    PCLM =    0.1 
    PDIBLC1 =  0.001 
    PDIBLC2 =  0.001 
    PDIBLCB = 3.4e-08 
    PSCBE1 = 8.14e+08 
    PSCBE2 = 9.58e-07 
    PVAG =  1e-20 
    WR =      1 
    DWG =      0 
    DWB =      0 
    XW =      0 
    XWREF =      0 
    XL = -1.4e-08 
    XLREF = -1.4e-08 
    B0 =      0 
    B1 =      0 
    ALPHA0 =  0.074 
    ALPHA1 =  0.005 
    AGIDL = 0.0002 
    BGIDL = 2.1e+09 
    CGIDL = 0.0002 
    PHIN =      0 
    EGIDL =    0.8 
    AIGC =   0.69 
    BIGC = 0.0012 
    CIGC = 0.0008 
    AIGSD = 0.0087 
    BIGSD = 0.0012 
    CIGSD = 0.0008 
    AIGBACC =  0.012 
    BIGBACC = 0.0028 
    CIGBACC =  0.002 
    AIGBINV =  0.014 
    BIGBINV =  0.004 
    CIGBINV =  0.004 
    NIGC =      1 
    NIGBINV =      3 
    NIGBACC =      1 
    NTOX =      1 
    EIGBINV =    1.1 
    PIGCD =      1 
    POXEDGE =      1 
    XRCRG1 =     12 
    TNOIA =    1.5 
    TNOIB =    3.5 
    NTNOI =      1 
    XRCRG2 =      5 
    BETA0 =     30 
    IJTHDFWD =   0.01 
    IJTHSFWD =   0.01 
    IJTHDREV =  0.001 
    IJTHSREV =  0.001 
    XJBVD =      1 
    XJBVS =      1 
    BVD =     10 
    BVS =     10 
    VFB =   0.55 
    GBMIN =  1e-10 
    RBDB =     15 
    RBPB =      5 
    RBSB =     15 
    RBPS =     15 
    RBPD =     15 
    CGSL = 2.653e-10 
    CGDL = 2.653e-10 
    CKAPPAS =   0.03 
    CKAPPAD =   0.03 
    CF = 1.195e-10 
    CLC =  1e-07 
    CLE =    0.6 
    DWC =  5e-09 
    DLC = 2.7e-09 
    DLCIG = 2.7e-09 
    DWJ =      0 
    VFBCV =     -1 
    ACDE =      1 
    MOIN =     15 
    NOFF =    0.9 
    VOFFCV =   0.02 
    DMCG =      0 
    DMCI =      0 
    DMDG =      0 
    DMCGT =      0 
    XGW =      0 
    XGL =      0 
    RSHG =    0.4 
    NGCON =      1 
    TCJ =  0.001 
    TPB =  0.005 
    TCJSW =  0.001 
    TPBSW =  0.005 
    TCJSWG =  0.001 
    TPBSWG =  0.005 
    SK0 =      0 
    SK1 =      0 
    SK2 =      0 
    SL =  2e-06 
    SW =  2e-06 
    K =      0 
    TNOM =  300.1 
    CGSO = 8.5e-11 
    CGDO = 8.5e-11 
    CGBO = 2.56e-11 
    XPART =      0 
    RSH =      5 
    JSS = 0.0001 
    JSWS =  1e-11 
    JSWGS =  1e-10 
    PBS =      1 
    MJS =    0.5 
    PBSWS =      1 
    MJSWS =   0.33 
    CJS = 0.0005 
    CJSWS =  5e-10 
    NJS =      1 
    PBSWGS =      1 
    MJSWGS =   0.33 
    CJSWGS =  3e-10 
    XTIS =      3 
    JSD = 0.0001 
    JSWD =  1e-11 
    JSWGD =  1e-10 
    PBD =      1 
    MJD =    0.5 
    PBSWD =      1 
    MJSWD =   0.33 
    CJD = 0.0005 
    CJSWD =  5e-10 
    NJD =      1 
    PBSWGD =      1 
    MJSWGD =   0.33 
    CJSWGD =  5e-10 
    XTID =      3 
    LMLT =      1 
    WMLT =      1 
    LINT = 2.7e-09 
    LL =      0 
    LLC =      0 
    LLN =      1 
    LW =      0 
    LWC =      0 
    LWN =      1 
    LWL =      0 
    LWLC =      0 
    LMIN =      0 
    LMAX =      1 
    WINT =  5e-09 
    WL =      0 
    WLC =      0 
    WLN =      1 
    WW =      0 
    WWC =      0 
    WWN =      1 
    WWL =      0 
    WWLC =      0 
    WMIN =      0 
    WMAX =      1 
    NOIA = 6.188e+40 
    NOIB = 1.5e+25 
    NOIC = 8.75e+09 
    EM = 4.1e+07 
    EF =      1 
    AF =      1 
    KF =      0 
    TRS =      0 
    TRD =      0 
  **info** (ca2.sp:19) DC voltage reset to initial transient source value in source 0:vin. new dc=0.0000D+00
  
      
 **info** set option symb=1 internally to help for convergence.
 *****************************************************************
 ******  option summary
 ******
 runlvl  = 3         bypass  = 2.0000    
 **info** dc convergence successful at Newton-Raphson method 
 ******  
 * full combinational circuit for ca2 - advanced vlsi

 ****** operating point information tnom=  25.000 temp=  25.000 ******
 ****** operating point status is voltage   simulation time is     0.     
    node    =voltage      node    =voltage      node    =voltage

 +0:a       =   0.      0:i       =  20.3167m 0:j       =   1.7992 
 +0:k       =   1.7906  0:n       =  52.6958m 0:n1      =  45.3864m
 +0:out     =   1.7906  0:out2    =   1.7813  0:vdd     =   1.8000 
 +0:w       =   1.7707  0:x       =  20.3513m 0:z1      =   0.     
 +0:z2      =   0.      0:z3      =   0.      0:z4      =   0.     
 +0:z5      =   0.      0:z6      =   1.8000  0:z7      =   1.8000 
 +0:z8      =   1.8000  1:net1    =   1.7854  2:net1    =   1.7455 
 +2:net2    =   1.7729  3:net1    =   1.7455  3:net2    =   1.7729 
 +4:net1    =   1.3401  5:net1    =   5.3639m 6:net1    =   5.3645m

 ******
 * full combinational circuit for ca2 - advanced vlsi

 ****** transient analysis tnom=  25.000 temp=  25.000 ******
 delay_w=   5.7880p  targ=  10.7880p   trig=   5.0000p
 delay_i=   6.5414p  targ=  17.3294p   trig=  10.7880p
 delay_x=   9.8851p  targ=  20.6731p   trig=  10.7880p
 delay_j=   4.1676p  targ=  24.8407p   trig=  20.6731p
 delay_out=  39.0229p  targ=  59.6960p   trig=  20.6731p
 delay_k=   4.5238p  targ=  25.1970p   trig=  20.6731p
 delay_n=  35.7987p  targ=  95.4947p   trig=  59.6960p
 trise=  98.4914p  targ= 636.5868p   trig= 538.0953p
 tfall=  83.4642p  targ= 116.7086p   trig=  33.2444p
 tpd=  90.9778p
 tpdr=  54.6960p  targ=  59.6960p   trig=   5.0000p
 tpdf=  52.2241p  targ= 567.2241p   trig= 515.0000p
 td_a_w=   5.7880p  targ=  10.7880p   trig=   5.0000p
 td_w_x=   9.8851p  targ=  20.6731p   trig=  10.7880p
 td_x_out=  39.0229p  targ=  59.6960p   trig=  20.6731p
 td_out_n=  35.7987p  targ=  95.4947p   trig=  59.6960p
 total_delay=  54.6960p
 power=   1.0789m  from=   0.             to=   2.0000n

          ***** job concluded
 ******  
 * full combinational circuit for ca2 - advanced vlsi

 ****** job statistics summary tnom=  25.000 temp=  25.000 ******

  ******  Circuit Statistics  ******
  # nodes       =     164 # elements   =      45
  # resistors   =       0 # capacitors =       1 # inductors   =       0
  # mutual_inds =       0 # vccs       =       0 # vcvs        =       0
  # cccs        =       0 # ccvs       =       0 # volt_srcs   =      10
  # curr_srcs   =       0 # diodes     =       0 # bjts        =       0
  # jfets       =       0 # mosfets    =      34 # U elements  =       0
  # T elements  =       0 # W elements =       0 # B elements  =       0
  # S elements  =       0 # P elements =       0 # va device   =       0
  # vector_srcs =       0 # N elements =       0


  ******  Runtime Statistics (seconds)  ******

  analysis           time    # points   tot. iter  conv.iter
  op point           0.00           1          10
  transient          0.01        2001         386         133 rev=         3
  readin             0.00
  errchk             0.00
  setup              0.00
  output             0.00


           peak memory used         67.47 megabytes
           total cpu time            0.02 seconds
           total elapsed time        0.03 seconds
           job started at     14:29:55 05/29/2025
           job ended   at     14:29:56 05/29/2025
  **warning** (ca2.sp:24) Global net name "gnd" in subckt pin list. The pin will be connected to the local net. Recommend to not use global net names in subckt pin lists.
 ******  
 * full combinational circuit for ca2 - advanced vlsi

 ****** circuit name directory
 circuit number to circuit name directory
   number circuitname                     definition         multiplier
        0 main circuit
        1 xnor2_gate.                     nor2               1.00 
        2 xnor_i.                         nor3               1.00 
        3 xnor_x.                         nor3               1.00 
        4 xnand2_j.                       nand2              1.00 
        5 xnand2_out.                     nand2              1.00 
        6 xnand2_k.                       nand2              1.00 
        7 xinv_n1.                        inverter           1.00 
        8 xinv_out2.                      inverter           1.00 
        9 xinv_n.                         inverter           1.00 

**warning** NO.2 tran analysis statement is duplicate, ignored!

**warning** NO.3 tran analysis statement is duplicate, ignored!

**warning** NO.4 tran analysis statement is duplicate, ignored!

**warning** NO.5 tran analysis statement is duplicate, ignored!

**warning** NO.6 tran analysis statement is duplicate, ignored!

**warning** NO.7 tran analysis statement is duplicate, ignored!

**warning** NO.8 tran analysis statement is duplicate, ignored!

**warning** NO.9 tran analysis statement is duplicate, ignored!

**warning** NO.10 tran analysis statement is duplicate, ignored!

**warning** NO.11 tran analysis statement is duplicate, ignored!

**warning** NO.12 tran analysis statement is duplicate, ignored!

**warning** NO.13 tran analysis statement is duplicate, ignored!

**warning** NO.14 tran analysis statement is duplicate, ignored!

**warning** NO.15 tran analysis statement is duplicate, ignored!

**warning** NO.16 tran analysis statement is duplicate, ignored!

**warning** NO.17 tran analysis statement is duplicate, ignored!

**warning** NO.18 tran analysis statement is duplicate, ignored!

**warning** NO.19 tran analysis statement is duplicate, ignored!

**warning** NO.20 tran analysis statement is duplicate, ignored!
 ******  
 * full combinational circuit for ca2 - advanced vlsi

 ****** mos   model parameters tnom=  25.000 temp=  25.000 ******
 Model file: 32nm_bulk.pm.txt
 Model line:            6
 Model Name: nmos  
 BSIM4 Model (Level 54)
    MOBMOD = 0
    BINUNIT = 1
    PARAMCHK = 1
    CAPMOD = 2
    DIOMOD = 1
    RDSMOD = 0
    TRNQSMOD = 0
    ACNQSMOD = 0
    RBODYMOD = 1
    RGATEMOD = 1
    PERMOD = 1
    GEOMOD = 1
    RGEOMOD = 0
    FNOIMOD = 1
    TNOIMOD = 0
    IGCMOD = 1
    IGBMOD = 1
    STIMOD = 0
    VERSION =      4 
    TOXREF = 1.65e-09 
    TOXE = 1.65e-09 
    TOXP =  1e-09 
    TOXM = 1.65e-09 
    DTOX = 6.5e-10 
    EPSROX =    3.9 
    CDSC =      0 
    CDSCB =      0 
    CDSCD =      0 
    CIT =      0 
    NFACTOR =    2.3 
    XJ =  1e-08 
    VSAT = 1.785e+05 
    A0 =      1 
    AGS =      0 
    A1 =      0 
    A2 =      1 
    AT = 3.3e+04 
    KETA =   0.04 
    NSUB =  6e+16 
    NDEP = 4.12e+18 
    NSD =  2e+20 
    NGATE =  2e+20 
    GAMMA1 =      0 
    GAMMA2 =      0 
    VBX =      0 
    VBM =     -3 
    XT = 1.55e-07 
    K1 =    0.4 
    KT1 =  -0.11 
    KT1L =      0 
    KT2 =  0.022 
    K2 =      0 
    K3 =      0 
    K3B =      0 
    LPE0 =      0 
    LPEB =      0 
    DVTP0 =  1e-11 
    DVTP1 =    0.1 
    W0 = 2.5e-06 
    DVT0 =      1 
    DVT1 =      2 
    DVT2 =      0 
    DVT0W =      0 
    DVT1W =      0 
    DVT2W =      0 
    DROUT =    0.5 
    DSUB =    0.1 
    VTH0 = 0.5088 
    EU =   1.67 
    UA =  6e-10 
    UA1 = 4.31e-09 
    UB = 1.2e-18 
    UB1 = 7.61e-18 
    UC =      0 
    UC1 = -5.6e-11 
    U0 = 0.0389 
    UTE =   -1.5 
    VOFF =  -0.13 
    VOFFL =      0 
    MINV =   0.05 
    FPROUT =    0.2 
    PDITS =   0.01 
    PDITSD =   0.23 
    PDITSL = 2.3e+06 
    DELTA =   0.01 
    RDSW =    150 
    RDSWMIN =      0 
    RDWMIN =      0 
    RSWMIN =      0 
    RDW =     75 
    RSW =     75 
    PRWG =      0 
    PRWB =      0 
    PRT =      0 
    ETA0 = 0.0042 
    ETAB =      0 
    PCLM =   0.02 
    PDIBLC1 =  0.001 
    PDIBLC2 =  0.001 
    PDIBLCB = -0.005 
    PSCBE1 = 8.14e+08 
    PSCBE2 =  1e-07 
    PVAG =  1e-20 
    WR =      1 
    DWG =      0 
    DWB =      0 
    XW =      0 
    XWREF =      0 
    XL = -1.4e-08 
    XLREF = -1.4e-08 
    B0 =      0 
    B1 =      0 
    ALPHA0 =  0.074 
    ALPHA1 =  0.005 
    AGIDL = 0.0002 
    BGIDL = 2.1e+09 
    CGIDL = 0.0002 
    PHIN =      0 
    EGIDL =    0.8 
    AIGC =  0.012 
    BIGC = 0.0028 
    CIGC =  0.002 
    AIGSD =  0.012 
    BIGSD = 0.0028 
    CIGSD =  0.002 
    AIGBACC =  0.012 
    BIGBACC = 0.0028 
    CIGBACC =  0.002 
    AIGBINV =  0.014 
    BIGBINV =  0.004 
    CIGBINV =  0.004 
    NIGC =      1 
    NIGBINV =      3 
    NIGBACC =      1 
    NTOX =      1 
    EIGBINV =    1.1 
    PIGCD =      1 
    POXEDGE =      1 
    XRCRG1 =     12 
    TNOIA =    1.5 
    TNOIB =    3.5 
    NTNOI =      1 
    XRCRG2 =      5 
    BETA0 =     30 
    IJTHDFWD =   0.01 
    IJTHSFWD =   0.01 
    IJTHDREV =  0.001 
    IJTHSREV =  0.001 
    XJBVD =      1 
    XJBVS =      1 
    BVD =     10 
    BVS =     10 
    VFB =  -0.55 
    GBMIN =  1e-10 
    RBDB =     15 
    RBPB =      5 
    RBSB =     15 
    RBPS =     15 
    RBPD =     15 
    CGSL = 2.653e-10 
    CGDL = 2.653e-10 
    CKAPPAS =   0.03 
    CKAPPAD =   0.03 
    CF = 1.208e-10 
    CLC =  1e-07 
    CLE =    0.6 
    DWC =  5e-09 
    DLC = 2.7e-09 
    DLCIG = 2.7e-09 
    DWJ =      0 
    VFBCV =     -1 
    ACDE =      1 
    MOIN =     15 
    NOFF =    0.9 
    VOFFCV =   0.02 
    DMCG =      0 
    DMCI =      0 
    DMDG =      0 
    DMCGT =      0 
    XGW =      0 
    XGL =      0 
    RSHG =    0.4 
    NGCON =      1 
    TCJ =  0.001 
    TPB =  0.005 
    TCJSW =  0.001 
    TPBSW =  0.005 
    TCJSWG =  0.001 
    TPBSWG =  0.005 
    SK0 =      0 
    SK1 =      0 
    SK2 =      0 
    SL =  2e-06 
    SW =  2e-06 
    K =      0 
    TNOM =  300.1 
    CGSO = 8.5e-11 
    CGDO = 8.5e-11 
    CGBO = 2.56e-11 
    XPART =      0 
    RSH =      5 
    JSS = 0.0001 
    JSWS =  1e-11 
    JSWGS =  1e-10 
    PBS =      1 
    MJS =    0.5 
    PBSWS =      1 
    MJSWS =   0.33 
    CJS = 0.0005 
    CJSWS =  5e-10 
    NJS =      1 
    PBSWGS =      1 
    MJSWGS =   0.33 
    CJSWGS =  3e-10 
    XTIS =      3 
    JSD = 0.0001 
    JSWD =  1e-11 
    JSWGD =  1e-10 
    PBD =      1 
    MJD =    0.5 
    PBSWD =      1 
    MJSWD =   0.33 
    CJD = 0.0005 
    CJSWD =  5e-10 
    NJD =      1 
    PBSWGD =      1 
    MJSWGD =   0.33 
    CJSWGD =  5e-10 
    XTID =      3 
    LMLT =      1 
    WMLT =      1 
    LINT = 2.7e-09 
    LL =      0 
    LLC =      0 
    LLN =      1 
    LW =      0 
    LWC =      0 
    LWN =      1 
    LWL =      0 
    LWLC =      0 
    LMIN =      0 
    LMAX =      1 
    WINT =  5e-09 
    WL =      0 
    WLC =      0 
    WLN =      1 
    WW =      0 
    WWC =      0 
    WWN =      1 
    WWL =      0 
    WWLC =      0 
    WMIN =      0 
    WMAX =      1 
    NOIA = 6.25e+41 
    NOIB = 3.125e+26 
    NOIC = 8.75e+09 
    EM = 4.1e+07 
    EF =      1 
    AF =      1 
    KF =      0 
    TRS =      0 
    TRD =      0 
 Model file: 32nm_bulk.pm.txt
 Model line:           77
 Model Name: pmos  
 BSIM4 Model (Level 54)
    MOBMOD = 0
    BINUNIT = 1
    PARAMCHK = 1
    CAPMOD = 2
    DIOMOD = 1
    RDSMOD = 0
    TRNQSMOD = 0
    ACNQSMOD = 0
    RBODYMOD = 1
    RGATEMOD = 1
    PERMOD = 1
    GEOMOD = 1
    RGEOMOD = 0
    FNOIMOD = 1
    TNOIMOD = 0
    IGCMOD = 1
    IGBMOD = 1
    STIMOD = 0
    VERSION =      4 
    TOXREF = 1.75e-09 
    TOXE = 1.75e-09 
    TOXP =  1e-09 
    TOXM = 1.75e-09 
    DTOX = 7.5e-10 
    EPSROX =    3.9 
    CDSC =      0 
    CDSCB =      0 
    CDSCD =      0 
    CIT =      0 
    NFACTOR =    2.3 
    XJ =  1e-08 
    VSAT =  7e+04 
    A0 =      1 
    AGS =  1e-20 
    A1 =      0 
    A2 =      1 
    AT = 3.3e+04 
    KETA = -0.047 
    NSUB =  6e+16 
    NDEP = 3.07e+18 
    NSD =  2e+20 
    NGATE =  2e+20 
    GAMMA1 =      0 
    GAMMA2 =      0 
    VBX =      0 
    VBM =     -3 
    XT = 1.55e-07 
    K1 =    0.4 
    KT1 =  -0.11 
    KT1L =      0 
    KT2 =  0.022 
    K2 =  -0.01 
    K3 =      0 
    K3B =      0 
    LPE0 =      0 
    LPEB =      0 
    DVTP0 =  1e-11 
    DVTP1 =   0.05 
    W0 = 2.5e-06 
    DVT0 =      1 
    DVT1 =      2 
    DVT2 = -0.032 
    DVT0W =      0 
    DVT1W =      0 
    DVT2W =      0 
    DROUT =    0.6 
    DSUB =    0.1 
    VTH0 =  -0.45 
    EU =      1 
    UA =  2e-09 
    UA1 = 4.31e-09 
    UB =  5e-19 
    UB1 = 7.61e-18 
    UC =      0 
    UC1 = -5.6e-11 
    U0 = 0.00355 
    UTE =   -1.5 
    VOFF = -0.126 
    VOFFL =      0 
    MINV =   0.05 
    FPROUT =    0.2 
    PDITS =   0.08 
    PDITSD =   0.23 
    PDITSL = 2.3e+06 
    DELTA =   0.01 
    RDSW =    150 
    RDSWMIN =      0 
    RDWMIN =      0 
    RSWMIN =      0 
    RDW =     75 
    RSW =     75 
    PRWG =      0 
    PRWB =      0 
    PRT =      0 
    ETA0 = 0.0042 
    ETAB =      0 
    PCLM =    0.1 
    PDIBLC1 =  0.001 
    PDIBLC2 =  0.001 
    PDIBLCB = 3.4e-08 
    PSCBE1 = 8.14e+08 
    PSCBE2 = 9.58e-07 
    PVAG =  1e-20 
    WR =      1 
    DWG =      0 
    DWB =      0 
    XW =      0 
    XWREF =      0 
    XL = -1.4e-08 
    XLREF = -1.4e-08 
    B0 =      0 
    B1 =      0 
    ALPHA0 =  0.074 
    ALPHA1 =  0.005 
    AGIDL = 0.0002 
    BGIDL = 2.1e+09 
    CGIDL = 0.0002 
    PHIN =      0 
    EGIDL =    0.8 
    AIGC =   0.69 
    BIGC = 0.0012 
    CIGC = 0.0008 
    AIGSD = 0.0087 
    BIGSD = 0.0012 
    CIGSD = 0.0008 
    AIGBACC =  0.012 
    BIGBACC = 0.0028 
    CIGBACC =  0.002 
    AIGBINV =  0.014 
    BIGBINV =  0.004 
    CIGBINV =  0.004 
    NIGC =      1 
    NIGBINV =      3 
    NIGBACC =      1 
    NTOX =      1 
    EIGBINV =    1.1 
    PIGCD =      1 
    POXEDGE =      1 
    XRCRG1 =     12 
    TNOIA =    1.5 
    TNOIB =    3.5 
    NTNOI =      1 
    XRCRG2 =      5 
    BETA0 =     30 
    IJTHDFWD =   0.01 
    IJTHSFWD =   0.01 
    IJTHDREV =  0.001 
    IJTHSREV =  0.001 
    XJBVD =      1 
    XJBVS =      1 
    BVD =     10 
    BVS =     10 
    VFB =   0.55 
    GBMIN =  1e-10 
    RBDB =     15 
    RBPB =      5 
    RBSB =     15 
    RBPS =     15 
    RBPD =     15 
    CGSL = 2.653e-10 
    CGDL = 2.653e-10 
    CKAPPAS =   0.03 
    CKAPPAD =   0.03 
    CF = 1.195e-10 
    CLC =  1e-07 
    CLE =    0.6 
    DWC =  5e-09 
    DLC = 2.7e-09 
    DLCIG = 2.7e-09 
    DWJ =      0 
    VFBCV =     -1 
    ACDE =      1 
    MOIN =     15 
    NOFF =    0.9 
    VOFFCV =   0.02 
    DMCG =      0 
    DMCI =      0 
    DMDG =      0 
    DMCGT =      0 
    XGW =      0 
    XGL =      0 
    RSHG =    0.4 
    NGCON =      1 
    TCJ =  0.001 
    TPB =  0.005 
    TCJSW =  0.001 
    TPBSW =  0.005 
    TCJSWG =  0.001 
    TPBSWG =  0.005 
    SK0 =      0 
    SK1 =      0 
    SK2 =      0 
    SL =  2e-06 
    SW =  2e-06 
    K =      0 
    TNOM =  300.1 
    CGSO = 8.5e-11 
    CGDO = 8.5e-11 
    CGBO = 2.56e-11 
    XPART =      0 
    RSH =      5 
    JSS = 0.0001 
    JSWS =  1e-11 
    JSWGS =  1e-10 
    PBS =      1 
    MJS =    0.5 
    PBSWS =      1 
    MJSWS =   0.33 
    CJS = 0.0005 
    CJSWS =  5e-10 
    NJS =      1 
    PBSWGS =      1 
    MJSWGS =   0.33 
    CJSWGS =  3e-10 
    XTIS =      3 
    JSD = 0.0001 
    JSWD =  1e-11 
    JSWGD =  1e-10 
    PBD =      1 
    MJD =    0.5 
    PBSWD =      1 
    MJSWD =   0.33 
    CJD = 0.0005 
    CJSWD =  5e-10 
    NJD =      1 
    PBSWGD =      1 
    MJSWGD =   0.33 
    CJSWGD =  5e-10 
    XTID =      3 
    LMLT =      1 
    WMLT =      1 
    LINT = 2.7e-09 
    LL =      0 
    LLC =      0 
    LLN =      1 
    LW =      0 
    LWC =      0 
    LWN =      1 
    LWL =      0 
    LWLC =      0 
    LMIN =      0 
    LMAX =      1 
    WINT =  5e-09 
    WL =      0 
    WLC =      0 
    WLN =      1 
    WW =      0 
    WWC =      0 
    WWN =      1 
    WWL =      0 
    WWLC =      0 
    WMIN =      0 
    WMAX =      1 
    NOIA = 6.188e+40 
    NOIB = 1.5e+25 
    NOIC = 8.75e+09 
    EM = 4.1e+07 
    EF =      1 
    AF =      1 
    KF =      0 
    TRS =      0 
    TRD =      0 
  **info** (ca2.sp:19) DC voltage reset to initial transient source value in source 0:vin. new dc=0.0000D+00
  
      
 **info** set option symb=1 internally to help for convergence.
 *****************************************************************
 ******  option summary
 ******
 runlvl  = 3         bypass  = 2.0000    
 **info** dc convergence successful at Newton-Raphson method 
 ******  
 * full combinational circuit for ca2 - advanced vlsi

 ****** operating point information tnom=  25.000 temp=  25.000 ******
 ****** operating point status is voltage   simulation time is     0.     
    node    =voltage      node    =voltage      node    =voltage

 +0:a       =   0.      0:i       =  20.3338m 0:j       =   1.7992 
 +0:k       =   1.7906  0:n       =  52.6959m 0:n1      =  45.3873m
 +0:out     =   1.7906  0:out2    =   1.7813  0:vdd     =   1.8000 
 +0:w       =   1.7706  0:x       =  20.3665m 0:z1      =   0.     
 +0:z2      =   0.      0:z3      =   0.      0:z4      =   0.     
 +0:z5      =   0.      0:z6      =   1.8000  0:z7      =   1.8000 
 +0:z8      =   1.8000  1:net1    =   1.7853  2:net1    =   1.7454 
 +2:net2    =   1.7729  3:net1    =   1.7455  3:net2    =   1.7729 
 +4:net1    =   1.3401  5:net1    =   5.3651m 6:net1    =   5.3657m

 ******
 * full combinational circuit for ca2 - advanced vlsi

 ****** transient analysis tnom=  25.000 temp=  25.000 ******
 delay_w=   5.9895p  targ=  10.9895p   trig=   5.0000p
 delay_i=   6.7543p  targ=  17.7437p   trig=  10.9895p
 delay_x=   9.8710p  targ=  20.8605p   trig=  10.9895p
 delay_j=   4.2293p  targ=  25.0897p   trig=  20.8605p
 delay_out=  38.9320p  targ=  59.7925p   trig=  20.8605p
 delay_k=   4.5203p  targ=  25.3808p   trig=  20.8605p
 delay_n=  35.7775p  targ=  95.5699p   trig=  59.7925p
 trise=  98.4819p  targ= 636.9656p   trig= 538.4836p
 tfall=  83.6024p  targ= 116.9172p   trig=  33.3148p
 tpd=  91.0421p
 tpdr=  54.7925p  targ=  59.7925p   trig=   5.0000p
 tpdf=  52.7715p  targ= 567.7715p   trig= 515.0000p
 td_a_w=   5.9895p  targ=  10.9895p   trig=   5.0000p
 td_w_x=   9.8710p  targ=  20.8605p   trig=  10.9895p
 td_x_out=  38.9320p  targ=  59.7925p   trig=  20.8605p
 td_out_n=  35.7775p  targ=  95.5699p   trig=  59.7925p
 total_delay=  54.7925p
 power=   1.0952m  from=   0.             to=   2.0000n

          ***** job concluded
 ******  
 * full combinational circuit for ca2 - advanced vlsi

 ****** job statistics summary tnom=  25.000 temp=  25.000 ******

  ******  Circuit Statistics  ******
  # nodes       =     164 # elements   =      45
  # resistors   =       0 # capacitors =       1 # inductors   =       0
  # mutual_inds =       0 # vccs       =       0 # vcvs        =       0
  # cccs        =       0 # ccvs       =       0 # volt_srcs   =      10
  # curr_srcs   =       0 # diodes     =       0 # bjts        =       0
  # jfets       =       0 # mosfets    =      34 # U elements  =       0
  # T elements  =       0 # W elements =       0 # B elements  =       0
  # S elements  =       0 # P elements =       0 # va device   =       0
  # vector_srcs =       0 # N elements =       0


  ******  Runtime Statistics (seconds)  ******

  analysis           time    # points   tot. iter  conv.iter
  op point           0.00           1          10
  transient          0.01        2001         402         137 rev=         5
  readin             0.00
  errchk             0.00
  setup              0.00
  output             0.00


           peak memory used         67.57 megabytes
           total cpu time            0.02 seconds
           total elapsed time        0.03 seconds
           job started at     14:29:55 05/29/2025
           job ended   at     14:29:56 05/29/2025
  **warning** (ca2.sp:24) Global net name "gnd" in subckt pin list. The pin will be connected to the local net. Recommend to not use global net names in subckt pin lists.
 ******  
 * full combinational circuit for ca2 - advanced vlsi

 ****** circuit name directory
 circuit number to circuit name directory
   number circuitname                     definition         multiplier
        0 main circuit
        1 xnor2_gate.                     nor2               1.00 
        2 xnor_i.                         nor3               1.00 
        3 xnor_x.                         nor3               1.00 
        4 xnand2_j.                       nand2              1.00 
        5 xnand2_out.                     nand2              1.00 
        6 xnand2_k.                       nand2              1.00 
        7 xinv_n1.                        inverter           1.00 
        8 xinv_out2.                      inverter           1.00 
        9 xinv_n.                         inverter           1.00 

**warning** NO.2 tran analysis statement is duplicate, ignored!

**warning** NO.3 tran analysis statement is duplicate, ignored!

**warning** NO.4 tran analysis statement is duplicate, ignored!

**warning** NO.5 tran analysis statement is duplicate, ignored!

**warning** NO.6 tran analysis statement is duplicate, ignored!

**warning** NO.7 tran analysis statement is duplicate, ignored!

**warning** NO.8 tran analysis statement is duplicate, ignored!

**warning** NO.9 tran analysis statement is duplicate, ignored!

**warning** NO.10 tran analysis statement is duplicate, ignored!

**warning** NO.11 tran analysis statement is duplicate, ignored!

**warning** NO.12 tran analysis statement is duplicate, ignored!

**warning** NO.13 tran analysis statement is duplicate, ignored!

**warning** NO.14 tran analysis statement is duplicate, ignored!

**warning** NO.15 tran analysis statement is duplicate, ignored!

**warning** NO.16 tran analysis statement is duplicate, ignored!

**warning** NO.17 tran analysis statement is duplicate, ignored!

**warning** NO.18 tran analysis statement is duplicate, ignored!

**warning** NO.19 tran analysis statement is duplicate, ignored!

**warning** NO.20 tran analysis statement is duplicate, ignored!

**warning** NO.21 tran analysis statement is duplicate, ignored!
 ******  
 * full combinational circuit for ca2 - advanced vlsi

 ****** mos   model parameters tnom=  25.000 temp=  25.000 ******
 Model file: 32nm_bulk.pm.txt
 Model line:            6
 Model Name: nmos  
 BSIM4 Model (Level 54)
    MOBMOD = 0
    BINUNIT = 1
    PARAMCHK = 1
    CAPMOD = 2
    DIOMOD = 1
    RDSMOD = 0
    TRNQSMOD = 0
    ACNQSMOD = 0
    RBODYMOD = 1
    RGATEMOD = 1
    PERMOD = 1
    GEOMOD = 1
    RGEOMOD = 0
    FNOIMOD = 1
    TNOIMOD = 0
    IGCMOD = 1
    IGBMOD = 1
    STIMOD = 0
    VERSION =      4 
    TOXREF = 1.65e-09 
    TOXE = 1.65e-09 
    TOXP =  1e-09 
    TOXM = 1.65e-09 
    DTOX = 6.5e-10 
    EPSROX =    3.9 
    CDSC =      0 
    CDSCB =      0 
    CDSCD =      0 
    CIT =      0 
    NFACTOR =    2.3 
    XJ =  1e-08 
    VSAT = 1.785e+05 
    A0 =      1 
    AGS =      0 
    A1 =      0 
    A2 =      1 
    AT = 3.3e+04 
    KETA =   0.04 
    NSUB =  6e+16 
    NDEP = 4.12e+18 
    NSD =  2e+20 
    NGATE =  2e+20 
    GAMMA1 =      0 
    GAMMA2 =      0 
    VBX =      0 
    VBM =     -3 
    XT = 1.55e-07 
    K1 =    0.4 
    KT1 =  -0.11 
    KT1L =      0 
    KT2 =  0.022 
    K2 =      0 
    K3 =      0 
    K3B =      0 
    LPE0 =      0 
    LPEB =      0 
    DVTP0 =  1e-11 
    DVTP1 =    0.1 
    W0 = 2.5e-06 
    DVT0 =      1 
    DVT1 =      2 
    DVT2 =      0 
    DVT0W =      0 
    DVT1W =      0 
    DVT2W =      0 
    DROUT =    0.5 
    DSUB =    0.1 
    VTH0 = 0.5088 
    EU =   1.67 
    UA =  6e-10 
    UA1 = 4.31e-09 
    UB = 1.2e-18 
    UB1 = 7.61e-18 
    UC =      0 
    UC1 = -5.6e-11 
    U0 = 0.0389 
    UTE =   -1.5 
    VOFF =  -0.13 
    VOFFL =      0 
    MINV =   0.05 
    FPROUT =    0.2 
    PDITS =   0.01 
    PDITSD =   0.23 
    PDITSL = 2.3e+06 
    DELTA =   0.01 
    RDSW =    150 
    RDSWMIN =      0 
    RDWMIN =      0 
    RSWMIN =      0 
    RDW =     75 
    RSW =     75 
    PRWG =      0 
    PRWB =      0 
    PRT =      0 
    ETA0 = 0.0042 
    ETAB =      0 
    PCLM =   0.02 
    PDIBLC1 =  0.001 
    PDIBLC2 =  0.001 
    PDIBLCB = -0.005 
    PSCBE1 = 8.14e+08 
    PSCBE2 =  1e-07 
    PVAG =  1e-20 
    WR =      1 
    DWG =      0 
    DWB =      0 
    XW =      0 
    XWREF =      0 
    XL = -1.4e-08 
    XLREF = -1.4e-08 
    B0 =      0 
    B1 =      0 
    ALPHA0 =  0.074 
    ALPHA1 =  0.005 
    AGIDL = 0.0002 
    BGIDL = 2.1e+09 
    CGIDL = 0.0002 
    PHIN =      0 
    EGIDL =    0.8 
    AIGC =  0.012 
    BIGC = 0.0028 
    CIGC =  0.002 
    AIGSD =  0.012 
    BIGSD = 0.0028 
    CIGSD =  0.002 
    AIGBACC =  0.012 
    BIGBACC = 0.0028 
    CIGBACC =  0.002 
    AIGBINV =  0.014 
    BIGBINV =  0.004 
    CIGBINV =  0.004 
    NIGC =      1 
    NIGBINV =      3 
    NIGBACC =      1 
    NTOX =      1 
    EIGBINV =    1.1 
    PIGCD =      1 
    POXEDGE =      1 
    XRCRG1 =     12 
    TNOIA =    1.5 
    TNOIB =    3.5 
    NTNOI =      1 
    XRCRG2 =      5 
    BETA0 =     30 
    IJTHDFWD =   0.01 
    IJTHSFWD =   0.01 
    IJTHDREV =  0.001 
    IJTHSREV =  0.001 
    XJBVD =      1 
    XJBVS =      1 
    BVD =     10 
    BVS =     10 
    VFB =  -0.55 
    GBMIN =  1e-10 
    RBDB =     15 
    RBPB =      5 
    RBSB =     15 
    RBPS =     15 
    RBPD =     15 
    CGSL = 2.653e-10 
    CGDL = 2.653e-10 
    CKAPPAS =   0.03 
    CKAPPAD =   0.03 
    CF = 1.208e-10 
    CLC =  1e-07 
    CLE =    0.6 
    DWC =  5e-09 
    DLC = 2.7e-09 
    DLCIG = 2.7e-09 
    DWJ =      0 
    VFBCV =     -1 
    ACDE =      1 
    MOIN =     15 
    NOFF =    0.9 
    VOFFCV =   0.02 
    DMCG =      0 
    DMCI =      0 
    DMDG =      0 
    DMCGT =      0 
    XGW =      0 
    XGL =      0 
    RSHG =    0.4 
    NGCON =      1 
    TCJ =  0.001 
    TPB =  0.005 
    TCJSW =  0.001 
    TPBSW =  0.005 
    TCJSWG =  0.001 
    TPBSWG =  0.005 
    SK0 =      0 
    SK1 =      0 
    SK2 =      0 
    SL =  2e-06 
    SW =  2e-06 
    K =      0 
    TNOM =  300.1 
    CGSO = 8.5e-11 
    CGDO = 8.5e-11 
    CGBO = 2.56e-11 
    XPART =      0 
    RSH =      5 
    JSS = 0.0001 
    JSWS =  1e-11 
    JSWGS =  1e-10 
    PBS =      1 
    MJS =    0.5 
    PBSWS =      1 
    MJSWS =   0.33 
    CJS = 0.0005 
    CJSWS =  5e-10 
    NJS =      1 
    PBSWGS =      1 
    MJSWGS =   0.33 
    CJSWGS =  3e-10 
    XTIS =      3 
    JSD = 0.0001 
    JSWD =  1e-11 
    JSWGD =  1e-10 
    PBD =      1 
    MJD =    0.5 
    PBSWD =      1 
    MJSWD =   0.33 
    CJD = 0.0005 
    CJSWD =  5e-10 
    NJD =      1 
    PBSWGD =      1 
    MJSWGD =   0.33 
    CJSWGD =  5e-10 
    XTID =      3 
    LMLT =      1 
    WMLT =      1 
    LINT = 2.7e-09 
    LL =      0 
    LLC =      0 
    LLN =      1 
    LW =      0 
    LWC =      0 
    LWN =      1 
    LWL =      0 
    LWLC =      0 
    LMIN =      0 
    LMAX =      1 
    WINT =  5e-09 
    WL =      0 
    WLC =      0 
    WLN =      1 
    WW =      0 
    WWC =      0 
    WWN =      1 
    WWL =      0 
    WWLC =      0 
    WMIN =      0 
    WMAX =      1 
    NOIA = 6.25e+41 
    NOIB = 3.125e+26 
    NOIC = 8.75e+09 
    EM = 4.1e+07 
    EF =      1 
    AF =      1 
    KF =      0 
    TRS =      0 
    TRD =      0 
 Model file: 32nm_bulk.pm.txt
 Model line:           77
 Model Name: pmos  
 BSIM4 Model (Level 54)
    MOBMOD = 0
    BINUNIT = 1
    PARAMCHK = 1
    CAPMOD = 2
    DIOMOD = 1
    RDSMOD = 0
    TRNQSMOD = 0
    ACNQSMOD = 0
    RBODYMOD = 1
    RGATEMOD = 1
    PERMOD = 1
    GEOMOD = 1
    RGEOMOD = 0
    FNOIMOD = 1
    TNOIMOD = 0
    IGCMOD = 1
    IGBMOD = 1
    STIMOD = 0
    VERSION =      4 
    TOXREF = 1.75e-09 
    TOXE = 1.75e-09 
    TOXP =  1e-09 
    TOXM = 1.75e-09 
    DTOX = 7.5e-10 
    EPSROX =    3.9 
    CDSC =      0 
    CDSCB =      0 
    CDSCD =      0 
    CIT =      0 
    NFACTOR =    2.3 
    XJ =  1e-08 
    VSAT =  7e+04 
    A0 =      1 
    AGS =  1e-20 
    A1 =      0 
    A2 =      1 
    AT = 3.3e+04 
    KETA = -0.047 
    NSUB =  6e+16 
    NDEP = 3.07e+18 
    NSD =  2e+20 
    NGATE =  2e+20 
    GAMMA1 =      0 
    GAMMA2 =      0 
    VBX =      0 
    VBM =     -3 
    XT = 1.55e-07 
    K1 =    0.4 
    KT1 =  -0.11 
    KT1L =      0 
    KT2 =  0.022 
    K2 =  -0.01 
    K3 =      0 
    K3B =      0 
    LPE0 =      0 
    LPEB =      0 
    DVTP0 =  1e-11 
    DVTP1 =   0.05 
    W0 = 2.5e-06 
    DVT0 =      1 
    DVT1 =      2 
    DVT2 = -0.032 
    DVT0W =      0 
    DVT1W =      0 
    DVT2W =      0 
    DROUT =    0.6 
    DSUB =    0.1 
    VTH0 =  -0.45 
    EU =      1 
    UA =  2e-09 
    UA1 = 4.31e-09 
    UB =  5e-19 
    UB1 = 7.61e-18 
    UC =      0 
    UC1 = -5.6e-11 
    U0 = 0.00355 
    UTE =   -1.5 
    VOFF = -0.126 
    VOFFL =      0 
    MINV =   0.05 
    FPROUT =    0.2 
    PDITS =   0.08 
    PDITSD =   0.23 
    PDITSL = 2.3e+06 
    DELTA =   0.01 
    RDSW =    150 
    RDSWMIN =      0 
    RDWMIN =      0 
    RSWMIN =      0 
    RDW =     75 
    RSW =     75 
    PRWG =      0 
    PRWB =      0 
    PRT =      0 
    ETA0 = 0.0042 
    ETAB =      0 
    PCLM =    0.1 
    PDIBLC1 =  0.001 
    PDIBLC2 =  0.001 
    PDIBLCB = 3.4e-08 
    PSCBE1 = 8.14e+08 
    PSCBE2 = 9.58e-07 
    PVAG =  1e-20 
    WR =      1 
    DWG =      0 
    DWB =      0 
    XW =      0 
    XWREF =      0 
    XL = -1.4e-08 
    XLREF = -1.4e-08 
    B0 =      0 
    B1 =      0 
    ALPHA0 =  0.074 
    ALPHA1 =  0.005 
    AGIDL = 0.0002 
    BGIDL = 2.1e+09 
    CGIDL = 0.0002 
    PHIN =      0 
    EGIDL =    0.8 
    AIGC =   0.69 
    BIGC = 0.0012 
    CIGC = 0.0008 
    AIGSD = 0.0087 
    BIGSD = 0.0012 
    CIGSD = 0.0008 
    AIGBACC =  0.012 
    BIGBACC = 0.0028 
    CIGBACC =  0.002 
    AIGBINV =  0.014 
    BIGBINV =  0.004 
    CIGBINV =  0.004 
    NIGC =      1 
    NIGBINV =      3 
    NIGBACC =      1 
    NTOX =      1 
    EIGBINV =    1.1 
    PIGCD =      1 
    POXEDGE =      1 
    XRCRG1 =     12 
    TNOIA =    1.5 
    TNOIB =    3.5 
    NTNOI =      1 
    XRCRG2 =      5 
    BETA0 =     30 
    IJTHDFWD =   0.01 
    IJTHSFWD =   0.01 
    IJTHDREV =  0.001 
    IJTHSREV =  0.001 
    XJBVD =      1 
    XJBVS =      1 
    BVD =     10 
    BVS =     10 
    VFB =   0.55 
    GBMIN =  1e-10 
    RBDB =     15 
    RBPB =      5 
    RBSB =     15 
    RBPS =     15 
    RBPD =     15 
    CGSL = 2.653e-10 
    CGDL = 2.653e-10 
    CKAPPAS =   0.03 
    CKAPPAD =   0.03 
    CF = 1.195e-10 
    CLC =  1e-07 
    CLE =    0.6 
    DWC =  5e-09 
    DLC = 2.7e-09 
    DLCIG = 2.7e-09 
    DWJ =      0 
    VFBCV =     -1 
    ACDE =      1 
    MOIN =     15 
    NOFF =    0.9 
    VOFFCV =   0.02 
    DMCG =      0 
    DMCI =      0 
    DMDG =      0 
    DMCGT =      0 
    XGW =      0 
    XGL =      0 
    RSHG =    0.4 
    NGCON =      1 
    TCJ =  0.001 
    TPB =  0.005 
    TCJSW =  0.001 
    TPBSW =  0.005 
    TCJSWG =  0.001 
    TPBSWG =  0.005 
    SK0 =      0 
    SK1 =      0 
    SK2 =      0 
    SL =  2e-06 
    SW =  2e-06 
    K =      0 
    TNOM =  300.1 
    CGSO = 8.5e-11 
    CGDO = 8.5e-11 
    CGBO = 2.56e-11 
    XPART =      0 
    RSH =      5 
    JSS = 0.0001 
    JSWS =  1e-11 
    JSWGS =  1e-10 
    PBS =      1 
    MJS =    0.5 
    PBSWS =      1 
    MJSWS =   0.33 
    CJS = 0.0005 
    CJSWS =  5e-10 
    NJS =      1 
    PBSWGS =      1 
    MJSWGS =   0.33 
    CJSWGS =  3e-10 
    XTIS =      3 
    JSD = 0.0001 
    JSWD =  1e-11 
    JSWGD =  1e-10 
    PBD =      1 
    MJD =    0.5 
    PBSWD =      1 
    MJSWD =   0.33 
    CJD = 0.0005 
    CJSWD =  5e-10 
    NJD =      1 
    PBSWGD =      1 
    MJSWGD =   0.33 
    CJSWGD =  5e-10 
    XTID =      3 
    LMLT =      1 
    WMLT =      1 
    LINT = 2.7e-09 
    LL =      0 
    LLC =      0 
    LLN =      1 
    LW =      0 
    LWC =      0 
    LWN =      1 
    LWL =      0 
    LWLC =      0 
    LMIN =      0 
    LMAX =      1 
    WINT =  5e-09 
    WL =      0 
    WLC =      0 
    WLN =      1 
    WW =      0 
    WWC =      0 
    WWN =      1 
    WWL =      0 
    WWLC =      0 
    WMIN =      0 
    WMAX =      1 
    NOIA = 6.188e+40 
    NOIB = 1.5e+25 
    NOIC = 8.75e+09 
    EM = 4.1e+07 
    EF =      1 
    AF =      1 
    KF =      0 
    TRS =      0 
    TRD =      0 
  **info** (ca2.sp:19) DC voltage reset to initial transient source value in source 0:vin. new dc=0.0000D+00
  
      
 **info** set option symb=1 internally to help for convergence.
 *****************************************************************
 ******  option summary
 ******
 runlvl  = 3         bypass  = 2.0000    
  Opening plot unit= 79
 file=D:\vlsi vahdat\HWs&CAs\CA2_810103098\ca2.pa0

 **info** dc convergence successful at Newton-Raphson method 
 ******  
 * full combinational circuit for ca2 - advanced vlsi

 ****** operating point information tnom=  25.000 temp=  25.000 ******
 ****** operating point status is voltage   simulation time is     0.     
    node    =voltage      node    =voltage      node    =voltage

 +0:a       =   0.      0:i       =  20.3505m 0:j       =   1.7992 
 +0:k       =   1.7906  0:n       =  52.6960m 0:n1      =  45.3882m
 +0:out     =   1.7906  0:out2    =   1.7813  0:vdd     =   1.8000 
 +0:w       =   1.7705  0:x       =  20.3816m 0:z1      =   0.     
 +0:z2      =   0.      0:z3      =   0.      0:z4      =   0.     
 +0:z5      =   0.      0:z6      =   1.8000  0:z7      =   1.8000 
 +0:z8      =   1.8000  1:net1    =   1.7853  2:net1    =   1.7454 
 +2:net2    =   1.7729  3:net1    =   1.7454  3:net2    =   1.7729 
 +4:net1    =   1.3401  5:net1    =   5.3663m 6:net1    =   5.3669m

 ******
 * full combinational circuit for ca2 - advanced vlsi

 ****** transient analysis tnom=  25.000 temp=  25.000 ******
 delay_w=   6.1947p  targ=  11.1947p   trig=   5.0000p
 delay_i=   6.9756p  targ=  18.1703p   trig=  11.1947p
 delay_x=   9.8699p  targ=  21.0646p   trig=  11.1947p
 delay_j=   4.2920p  targ=  25.3566p   trig=  21.0646p
 delay_out=  38.8772p  targ=  59.9418p   trig=  21.0646p
 delay_k=   4.5552p  targ=  25.6198p   trig=  21.0646p
 delay_n=  35.7222p  targ=  95.6640p   trig=  59.9418p
 trise=  98.1705p  targ= 637.0863p   trig= 538.9158p
 tfall=  82.6111p  targ= 116.0556p   trig=  33.4445p
 tpd=  90.3908p
 tpdr=  54.9418p  targ=  59.9418p   trig=   5.0000p
 tpdf=  53.3844p  targ= 568.3844p   trig= 515.0000p
 td_a_w=   6.1947p  targ=  11.1947p   trig=   5.0000p
 td_w_x=   9.8699p  targ=  21.0646p   trig=  11.1947p
 td_x_out=  38.8772p  targ=  59.9418p   trig=  21.0646p
 td_out_n=  35.7222p  targ=  95.6640p   trig=  59.9418p
 total_delay=  54.9418p
 power=   1.1116m  from=   0.             to=   2.0000n

          ***** job concluded
 ******  
 * full combinational circuit for ca2 - advanced vlsi

 ****** job statistics summary tnom=  25.000 temp=  25.000 ******

  ******  Circuit Statistics  ******
  # nodes       =     164 # elements   =      45
  # resistors   =       0 # capacitors =       1 # inductors   =       0
  # mutual_inds =       0 # vccs       =       0 # vcvs        =       0
  # cccs        =       0 # ccvs       =       0 # volt_srcs   =      10
  # curr_srcs   =       0 # diodes     =       0 # bjts        =       0
  # jfets       =       0 # mosfets    =      34 # U elements  =       0
  # T elements  =       0 # W elements =       0 # B elements  =       0
  # S elements  =       0 # P elements =       0 # va device   =       0
  # vector_srcs =       0 # N elements =       0


  ******  Runtime Statistics (seconds)  ******

  analysis           time    # points   tot. iter  conv.iter
  op point           0.00           1          10
  transient          0.01        2001         384         131 rev=         4
  readin             0.00
  errchk             0.00
  setup              0.00
  output             0.00


           peak memory used         67.57 megabytes
           total cpu time            0.02 seconds
           total elapsed time        0.04 seconds
           job started at     14:29:55 05/29/2025
           job ended   at     14:29:56 05/29/2025
           job total runtime         0.71 seconds


  lic: Release hspice token(s) 
 lic: total license checkout elapse time:        0.02(s)
